[{"model": "admin.logentry", "pk": 1, "fields": {"action_time": "2024-11-11T07:06:48.864Z", "user": "bcacb03c-3116-4219-bccb-416d1d71aec0", "content_type": 6, "object_id": "d8783aca-08b8-4c52-8c24-34219614895a", "object_repr": "Al Falah International School (UUID: d8783aca-08b8-4c52-8c24-34219614895a)", "action_flag": 1, "change_message": "[{\"added\": {}}]"}}, {"model": "admin.logentry", "pk": 2, "fields": {"action_time": "2024-11-11T07:08:29.984Z", "user": "bcacb03c-3116-4219-bccb-416d1d71aec0", "content_type": 6, "object_id": "eec31f77-4b5f-4aa3-9367-7d818249c110", "object_repr": "Horizon International Academy (UUID: eec31f77-4b5f-4aa3-9367-7d818249c110)", "action_flag": 1, "change_message": "[{\"added\": {}}]"}}, {"model": "admin.logentry", "pk": 3, "fields": {"action_time": "2024-11-11T07:10:14.229Z", "user": "bcacb03c-3116-4219-bccb-416d1d71aec0", "content_type": 6, "object_id": "abaafd86-9aae-41d7-8343-7dc64121cd4f", "object_repr": "Emirates Heights School (UUID: abaafd86-9aae-41d7-8343-7dc64121cd4f)", "action_flag": 1, "change_message": "[{\"added\": {}}]"}}, {"model": "admin.logentry", "pk": 4, "fields": {"action_time": "2024-11-11T07:10:47.653Z", "user": "bcacb03c-3116-4219-bccb-416d1d71aec0", "content_type": 6, "object_id": "f13c43e0-4979-44ce-baa1-42240c13b759", "object_repr": "Oasis Valley School (UUID: f13c43e0-4979-44ce-baa1-42240c13b759)", "action_flag": 1, "change_message": "[{\"added\": {}}]"}}, {"model": "admin.logentry", "pk": 5, "fields": {"action_time": "2024-11-11T07:11:17.458Z", "user": "bcacb03c-3116-4219-bccb-416d1d71aec0", "content_type": 6, "object_id": "85a93b16-379f-40ad-bd0a-0a3eb83dbccc", "object_repr": "Al Qasr International School (UUID: 85a93b16-379f-40ad-bd0a-0a3eb83dbccc)", "action_flag": 1, "change_message": "[{\"added\": {}}]"}}, {"model": "admin.logentry", "pk": 6, "fields": {"action_time": "2024-11-11T07:11:56.963Z", "user": "bcacb03c-3116-4219-bccb-416d1d71aec0", "content_type": 6, "object_id": "1ad76b47-3150-4590-b488-8e7a388d79f2", "object_repr": "Falcon Heights Academy (UUID: 1ad76b47-3150-4590-b488-8e7a388d79f2)", "action_flag": 1, "change_message": "[{\"added\": {}}]"}}, {"model": "admin.logentry", "pk": 7, "fields": {"action_time": "2024-11-11T07:12:34.348Z", "user": "bcacb03c-3116-4219-bccb-416d1d71aec0", "content_type": 6, "object_id": "ddaa1b6c-9f81-484f-810a-d16a63f20f95", "object_repr": "Golden Gate Academy (UUID: ddaa1b6c-9f81-484f-810a-d16a63f20f95)", "action_flag": 1, "change_message": "[{\"added\": {}}]"}}, {"model": "auth.permission", "pk": 1, "fields": {"name": "Can add log entry", "content_type": 1, "codename": "add_logentry"}}, {"model": "auth.permission", "pk": 2, "fields": {"name": "Can change log entry", "content_type": 1, "codename": "change_logentry"}}, {"model": "auth.permission", "pk": 3, "fields": {"name": "Can delete log entry", "content_type": 1, "codename": "delete_logentry"}}, {"model": "auth.permission", "pk": 4, "fields": {"name": "Can view log entry", "content_type": 1, "codename": "view_logentry"}}, {"model": "auth.permission", "pk": 5, "fields": {"name": "Can add permission", "content_type": 2, "codename": "add_permission"}}, {"model": "auth.permission", "pk": 6, "fields": {"name": "Can change permission", "content_type": 2, "codename": "change_permission"}}, {"model": "auth.permission", "pk": 7, "fields": {"name": "Can delete permission", "content_type": 2, "codename": "delete_permission"}}, {"model": "auth.permission", "pk": 8, "fields": {"name": "Can view permission", "content_type": 2, "codename": "view_permission"}}, {"model": "auth.permission", "pk": 9, "fields": {"name": "Can add group", "content_type": 3, "codename": "add_group"}}, {"model": "auth.permission", "pk": 10, "fields": {"name": "Can change group", "content_type": 3, "codename": "change_group"}}, {"model": "auth.permission", "pk": 11, "fields": {"name": "Can delete group", "content_type": 3, "codename": "delete_group"}}, {"model": "auth.permission", "pk": 12, "fields": {"name": "Can view group", "content_type": 3, "codename": "view_group"}}, {"model": "auth.permission", "pk": 13, "fields": {"name": "Can add content type", "content_type": 4, "codename": "add_contenttype"}}, {"model": "auth.permission", "pk": 14, "fields": {"name": "Can change content type", "content_type": 4, "codename": "change_contenttype"}}, {"model": "auth.permission", "pk": 15, "fields": {"name": "Can delete content type", "content_type": 4, "codename": "delete_contenttype"}}, {"model": "auth.permission", "pk": 16, "fields": {"name": "Can view content type", "content_type": 4, "codename": "view_contenttype"}}, {"model": "auth.permission", "pk": 17, "fields": {"name": "Can add session", "content_type": 5, "codename": "add_session"}}, {"model": "auth.permission", "pk": 18, "fields": {"name": "Can change session", "content_type": 5, "codename": "change_session"}}, {"model": "auth.permission", "pk": 19, "fields": {"name": "Can delete session", "content_type": 5, "codename": "delete_session"}}, {"model": "auth.permission", "pk": 20, "fields": {"name": "Can view session", "content_type": 5, "codename": "view_session"}}, {"model": "auth.permission", "pk": 21, "fields": {"name": "Can add School", "content_type": 6, "codename": "add_user"}}, {"model": "auth.permission", "pk": 22, "fields": {"name": "Can change School", "content_type": 6, "codename": "change_user"}}, {"model": "auth.permission", "pk": 23, "fields": {"name": "Can delete School", "content_type": 6, "codename": "delete_user"}}, {"model": "auth.permission", "pk": 24, "fields": {"name": "Can view School", "content_type": 6, "codename": "view_user"}}, {"model": "auth.permission", "pk": 25, "fields": {"name": "Can add Classroom", "content_type": 7, "codename": "add_classroom"}}, {"model": "auth.permission", "pk": 26, "fields": {"name": "Can change Classroom", "content_type": 7, "codename": "change_classroom"}}, {"model": "auth.permission", "pk": 27, "fields": {"name": "Can delete Classroom", "content_type": 7, "codename": "delete_classroom"}}, {"model": "auth.permission", "pk": 28, "fields": {"name": "Can view Classroom", "content_type": 7, "codename": "view_classroom"}}, {"model": "auth.permission", "pk": 29, "fields": {"name": "Can add classroom assignment", "content_type": 8, "codename": "add_classroomassignment"}}, {"model": "auth.permission", "pk": 30, "fields": {"name": "Can change classroom assignment", "content_type": 8, "codename": "change_classroomassignment"}}, {"model": "auth.permission", "pk": 31, "fields": {"name": "Can delete classroom assignment", "content_type": 8, "codename": "delete_classroomassignment"}}, {"model": "auth.permission", "pk": 32, "fields": {"name": "Can view classroom assignment", "content_type": 8, "codename": "view_classroomassignment"}}, {"model": "auth.permission", "pk": 33, "fields": {"name": "Can add class section", "content_type": 9, "codename": "add_classsection"}}, {"model": "auth.permission", "pk": 34, "fields": {"name": "Can change class section", "content_type": 9, "codename": "change_classsection"}}, {"model": "auth.permission", "pk": 35, "fields": {"name": "Can delete class section", "content_type": 9, "codename": "delete_classsection"}}, {"model": "auth.permission", "pk": 36, "fields": {"name": "Can view class section", "content_type": 9, "codename": "view_classsection"}}, {"model": "auth.permission", "pk": 37, "fields": {"name": "Can add Class Subject", "content_type": 10, "codename": "add_classsubject"}}, {"model": "auth.permission", "pk": 38, "fields": {"name": "Can change Class Subject", "content_type": 10, "codename": "change_classsubject"}}, {"model": "auth.permission", "pk": 39, "fields": {"name": "Can delete Class Subject", "content_type": 10, "codename": "delete_classsubject"}}, {"model": "auth.permission", "pk": 40, "fields": {"name": "Can view Class Subject", "content_type": 10, "codename": "view_classsubject"}}, {"model": "auth.permission", "pk": 41, "fields": {"name": "Can add course", "content_type": 11, "codename": "add_course"}}, {"model": "auth.permission", "pk": 42, "fields": {"name": "Can change course", "content_type": 11, "codename": "change_course"}}, {"model": "auth.permission", "pk": 43, "fields": {"name": "Can delete course", "content_type": 11, "codename": "delete_course"}}, {"model": "auth.permission", "pk": 44, "fields": {"name": "Can view course", "content_type": 11, "codename": "view_course"}}, {"model": "auth.permission", "pk": 45, "fields": {"name": "Can add Grade", "content_type": 12, "codename": "add_grade"}}, {"model": "auth.permission", "pk": 46, "fields": {"name": "Can change Grade", "content_type": 12, "codename": "change_grade"}}, {"model": "auth.permission", "pk": 47, "fields": {"name": "Can delete Grade", "content_type": 12, "codename": "delete_grade"}}, {"model": "auth.permission", "pk": 48, "fields": {"name": "Can view Grade", "content_type": 12, "codename": "view_grade"}}, {"model": "auth.permission", "pk": 49, "fields": {"name": "Can add lesson", "content_type": 13, "codename": "add_lesson"}}, {"model": "auth.permission", "pk": 50, "fields": {"name": "Can change lesson", "content_type": 13, "codename": "change_lesson"}}, {"model": "auth.permission", "pk": 51, "fields": {"name": "Can delete lesson", "content_type": 13, "codename": "delete_lesson"}}, {"model": "auth.permission", "pk": 52, "fields": {"name": "Can view lesson", "content_type": 13, "codename": "view_lesson"}}, {"model": "auth.permission", "pk": 53, "fields": {"name": "Can add standard", "content_type": 14, "codename": "add_standard"}}, {"model": "auth.permission", "pk": 54, "fields": {"name": "Can change standard", "content_type": 14, "codename": "change_standard"}}, {"model": "auth.permission", "pk": 55, "fields": {"name": "Can delete standard", "content_type": 14, "codename": "delete_standard"}}, {"model": "auth.permission", "pk": 56, "fields": {"name": "Can view standard", "content_type": 14, "codename": "view_standard"}}, {"model": "auth.permission", "pk": 57, "fields": {"name": "Can add subject", "content_type": 15, "codename": "add_subject"}}, {"model": "auth.permission", "pk": 58, "fields": {"name": "Can change subject", "content_type": 15, "codename": "change_subject"}}, {"model": "auth.permission", "pk": 59, "fields": {"name": "Can delete subject", "content_type": 15, "codename": "delete_subject"}}, {"model": "auth.permission", "pk": 60, "fields": {"name": "Can view subject", "content_type": 15, "codename": "view_subject"}}, {"model": "auth.permission", "pk": 61, "fields": {"name": "Can add teacher", "content_type": 16, "codename": "add_teacher"}}, {"model": "auth.permission", "pk": 62, "fields": {"name": "Can change teacher", "content_type": 16, "codename": "change_teacher"}}, {"model": "auth.permission", "pk": 63, "fields": {"name": "Can delete teacher", "content_type": 16, "codename": "delete_teacher"}}, {"model": "auth.permission", "pk": 64, "fields": {"name": "Can view teacher", "content_type": 16, "codename": "view_teacher"}}, {"model": "auth.permission", "pk": 65, "fields": {"name": "Can add timetable", "content_type": 17, "codename": "add_timetable"}}, {"model": "auth.permission", "pk": 66, "fields": {"name": "Can change timetable", "content_type": 17, "codename": "change_timetable"}}, {"model": "auth.permission", "pk": 67, "fields": {"name": "Can delete timetable", "content_type": 17, "codename": "delete_timetable"}}, {"model": "auth.permission", "pk": 68, "fields": {"name": "Can view timetable", "content_type": 17, "codename": "view_timetable"}}, {"model": "auth.permission", "pk": 69, "fields": {"name": "Can add user constraint settings", "content_type": 18, "codename": "add_userconstraintsettings"}}, {"model": "auth.permission", "pk": 70, "fields": {"name": "Can change user constraint settings", "content_type": 18, "codename": "change_userconstraintsettings"}}, {"model": "auth.permission", "pk": 71, "fields": {"name": "Can delete user constraint settings", "content_type": 18, "codename": "delete_userconstraintsettings"}}, {"model": "auth.permission", "pk": 72, "fields": {"name": "Can view user constraint settings", "content_type": 18, "codename": "view_userconstraintsettings"}}, {"model": "auth.permission", "pk": 73, "fields": {"name": "Can add tutor", "content_type": 19, "codename": "add_tutor"}}, {"model": "auth.permission", "pk": 74, "fields": {"name": "Can change tutor", "content_type": 19, "codename": "change_tutor"}}, {"model": "auth.permission", "pk": 75, "fields": {"name": "Can delete tutor", "content_type": 19, "codename": "delete_tutor"}}, {"model": "auth.permission", "pk": 76, "fields": {"name": "Can view tutor", "content_type": 19, "codename": "view_tutor"}}, {"model": "auth.permission", "pk": 77, "fields": {"name": "Can add timeslot", "content_type": 20, "codename": "add_timeslot"}}, {"model": "auth.permission", "pk": 78, "fields": {"name": "Can change timeslot", "content_type": 20, "codename": "change_timeslot"}}, {"model": "auth.permission", "pk": 79, "fields": {"name": "Can delete timeslot", "content_type": 20, "codename": "delete_timeslot"}}, {"model": "auth.permission", "pk": 80, "fields": {"name": "Can view timeslot", "content_type": 20, "codename": "view_timeslot"}}, {"model": "auth.permission", "pk": 81, "fields": {"name": "Can add standard level", "content_type": 21, "codename": "add_standardlevel"}}, {"model": "auth.permission", "pk": 82, "fields": {"name": "Can change standard level", "content_type": 21, "codename": "change_standardlevel"}}, {"model": "auth.permission", "pk": 83, "fields": {"name": "Can delete standard level", "content_type": 21, "codename": "delete_standardlevel"}}, {"model": "auth.permission", "pk": 84, "fields": {"name": "Can view standard level", "content_type": 21, "codename": "view_standardlevel"}}, {"model": "auth.permission", "pk": 85, "fields": {"name": "Can add room", "content_type": 22, "codename": "add_room"}}, {"model": "auth.permission", "pk": 86, "fields": {"name": "Can change room", "content_type": 22, "codename": "change_room"}}, {"model": "auth.permission", "pk": 87, "fields": {"name": "Can delete room", "content_type": 22, "codename": "delete_room"}}, {"model": "auth.permission", "pk": 88, "fields": {"name": "Can view room", "content_type": 22, "codename": "view_room"}}, {"model": "auth.permission", "pk": 89, "fields": {"name": "Can add lesson class section", "content_type": 23, "codename": "add_lessonclasssection"}}, {"model": "auth.permission", "pk": 90, "fields": {"name": "Can change lesson class section", "content_type": 23, "codename": "change_lessonclasssection"}}, {"model": "auth.permission", "pk": 91, "fields": {"name": "Can delete lesson class section", "content_type": 23, "codename": "delete_lessonclasssection"}}, {"model": "auth.permission", "pk": 92, "fields": {"name": "Can view lesson class section", "content_type": 23, "codename": "view_lessonclasssection"}}, {"model": "auth.permission", "pk": 93, "fields": {"name": "Can add Elective Group", "content_type": 24, "codename": "add_electivegroup"}}, {"model": "auth.permission", "pk": 94, "fields": {"name": "Can change Elective Group", "content_type": 24, "codename": "change_electivegroup"}}, {"model": "auth.permission", "pk": 95, "fields": {"name": "Can delete Elective Group", "content_type": 24, "codename": "delete_electivegroup"}}, {"model": "auth.permission", "pk": 96, "fields": {"name": "Can view Elective Group", "content_type": 24, "codename": "view_electivegroup"}}, {"model": "auth.permission", "pk": 97, "fields": {"name": "Can add Class Subject Subject", "content_type": 25, "codename": "add_classsubjectsubject"}}, {"model": "auth.permission", "pk": 98, "fields": {"name": "Can change Class Subject Subject", "content_type": 25, "codename": "change_classsubjectsubject"}}, {"model": "auth.permission", "pk": 99, "fields": {"name": "Can delete Class Subject Subject", "content_type": 25, "codename": "delete_classsubjectsubject"}}, {"model": "auth.permission", "pk": 100, "fields": {"name": "Can view Class Subject Subject", "content_type": 25, "codename": "view_classsubjectsubject"}}, {"model": "auth.permission", "pk": 101, "fields": {"name": "Can add blacklisted token", "content_type": 26, "codename": "add_blacklistedtoken"}}, {"model": "auth.permission", "pk": 102, "fields": {"name": "Can change blacklisted token", "content_type": 26, "codename": "change_blacklistedtoken"}}, {"model": "auth.permission", "pk": 103, "fields": {"name": "Can delete blacklisted token", "content_type": 26, "codename": "delete_blacklistedtoken"}}, {"model": "auth.permission", "pk": 104, "fields": {"name": "Can view blacklisted token", "content_type": 26, "codename": "view_blacklistedtoken"}}, {"model": "auth.permission", "pk": 105, "fields": {"name": "Can add outstanding token", "content_type": 27, "codename": "add_outstandingtoken"}}, {"model": "auth.permission", "pk": 106, "fields": {"name": "Can change outstanding token", "content_type": 27, "codename": "change_outstandingtoken"}}, {"model": "auth.permission", "pk": 107, "fields": {"name": "Can delete outstanding token", "content_type": 27, "codename": "delete_outstandingtoken"}}, {"model": "auth.permission", "pk": 108, "fields": {"name": "Can view outstanding token", "content_type": 27, "codename": "view_outstandingtoken"}}, {"model": "contenttypes.contenttype", "pk": 1, "fields": {"app_label": "admin", "model": "logentry"}}, {"model": "contenttypes.contenttype", "pk": 2, "fields": {"app_label": "auth", "model": "permission"}}, {"model": "contenttypes.contenttype", "pk": 3, "fields": {"app_label": "auth", "model": "group"}}, {"model": "contenttypes.contenttype", "pk": 4, "fields": {"app_label": "contenttypes", "model": "contenttype"}}, {"model": "contenttypes.contenttype", "pk": 5, "fields": {"app_label": "sessions", "model": "session"}}, {"model": "contenttypes.contenttype", "pk": 6, "fields": {"app_label": "base", "model": "user"}}, {"model": "contenttypes.contenttype", "pk": 7, "fields": {"app_label": "base", "model": "classroom"}}, {"model": "contenttypes.contenttype", "pk": 8, "fields": {"app_label": "base", "model": "classroomassignment"}}, {"model": "contenttypes.contenttype", "pk": 9, "fields": {"app_label": "base", "model": "classsection"}}, {"model": "contenttypes.contenttype", "pk": 10, "fields": {"app_label": "base", "model": "classsubject"}}, {"model": "contenttypes.contenttype", "pk": 11, "fields": {"app_label": "base", "model": "course"}}, {"model": "contenttypes.contenttype", "pk": 12, "fields": {"app_label": "base", "model": "grade"}}, {"model": "contenttypes.contenttype", "pk": 13, "fields": {"app_label": "base", "model": "lesson"}}, {"model": "contenttypes.contenttype", "pk": 14, "fields": {"app_label": "base", "model": "standard"}}, {"model": "contenttypes.contenttype", "pk": 15, "fields": {"app_label": "base", "model": "subject"}}, {"model": "contenttypes.contenttype", "pk": 16, "fields": {"app_label": "base", "model": "teacher"}}, {"model": "contenttypes.contenttype", "pk": 17, "fields": {"app_label": "base", "model": "timetable"}}, {"model": "contenttypes.contenttype", "pk": 18, "fields": {"app_label": "base", "model": "userconstraintsettings"}}, {"model": "contenttypes.contenttype", "pk": 19, "fields": {"app_label": "base", "model": "tutor"}}, {"model": "contenttypes.contenttype", "pk": 20, "fields": {"app_label": "base", "model": "timeslot"}}, {"model": "contenttypes.contenttype", "pk": 21, "fields": {"app_label": "base", "model": "standardlevel"}}, {"model": "contenttypes.contenttype", "pk": 22, "fields": {"app_label": "base", "model": "room"}}, {"model": "contenttypes.contenttype", "pk": 23, "fields": {"app_label": "base", "model": "lessonclasssection"}}, {"model": "contenttypes.contenttype", "pk": 24, "fields": {"app_label": "base", "model": "electivegroup"}}, {"model": "contenttypes.contenttype", "pk": 25, "fields": {"app_label": "base", "model": "classsubjectsubject"}}, {"model": "contenttypes.contenttype", "pk": 26, "fields": {"app_label": "token_blacklist", "model": "blacklistedtoken"}}, {"model": "contenttypes.contenttype", "pk": 27, "fields": {"app_label": "token_blacklist", "model": "outstandingtoken"}}, {"model": "sessions.session", "pk": "5s1jgsy4ry592ltlu41q8j62bxiv57qa", "fields": {"session_data": ".eJxVzEsOgkAQhOG7zFrI9NAw4NK9ZyDT1Y2gBhIeK-PdlYSFruv_6uXatK19uy02t4O6sxMkiC-QFURVxoGaTADJmColjZQM3p1-mSQ8bNyt3tN4m3JM4zoPku9JfqxLfp3Unpej_Tvo09J_dexIa4JwtIoRA2pEtS6WEFUEFKHzAvapNCY0pWfuQhHY6lBbpezeH152Qg4:1tAO07:Yx3Le5BVvoHqUY89lKb964mRl7cbr6H7AWD_9lU8cTc", "expire_date": "2024-11-25T06:34:15.183Z"}}, {"model": "base.user", "pk": "1ad76b47-3150-4590-b488-8e7a388d79f2", "fields": {"password": "pbkdf2_sha256$600000$AILDGjSYcTD7IH313H00aI$8C5ahl6GUKKo4YTelDGt//YBH+Ds4hltBhMyWRtPIVo=", "last_login": null, "is_superuser": false, "first_name": "", "last_name": "", "is_staff": false, "is_active": true, "date_joined": "2024-11-11T07:11:56.444Z", "email": "afzal@digiworkspaces.com", "phone_number": null, "school_name": "Falcon Heights Academy", "school_id": "SC0007", "address": null, "city": null, "state": null, "country": null, "postal_code": null, "profile_image": "", "working_days": "[]", "teaching_slots": 0, "average_students_allowed_in_a_class": 40, "period_name": "session", "role": null, "groups": [], "user_permissions": []}}, {"model": "base.user", "pk": "85a93b16-379f-40ad-bd0a-0a3eb83dbccc", "fields": {"password": "pbkdf2_sha256$600000$7L8nI81meJKJ42jAAYoL1f$KC8GgS8qEdY+ILEaO3TjGLq/fR/SaENvBNiDQTArZ/I=", "last_login": null, "is_superuser": false, "first_name": "", "last_name": "", "is_staff": false, "is_active": true, "date_joined": "2024-11-11T07:11:16.971Z", "email": "sandeep.gupta@digiworkspaces.com", "phone_number": null, "school_name": "Al Qasr International School", "school_id": "SC0006", "address": null, "city": null, "state": null, "country": null, "postal_code": null, "profile_image": "", "working_days": "[]", "teaching_slots": 0, "average_students_allowed_in_a_class": 40, "period_name": "session", "role": null, "groups": [], "user_permissions": []}}, {"model": "base.user", "pk": "abaafd86-9aae-41d7-8343-7dc64121cd4f", "fields": {"password": "pbkdf2_sha256$600000$P05TXtwTj9dJ3rDnQl2sXC$QHq0I4K9b8AAvJE1xjA+879fYhlY6bB84TiZ3mfZwzQ=", "last_login": null, "is_superuser": false, "first_name": "", "last_name": "", "is_staff": false, "is_active": true, "date_joined": "2024-11-11T07:10:13.722Z", "email": "mshafeeq@digiworkspaces.com", "phone_number": null, "school_name": "Emirates Heights School", "school_id": "SC0004", "address": null, "city": null, "state": null, "country": null, "postal_code": null, "profile_image": "", "working_days": "[]", "teaching_slots": 0, "average_students_allowed_in_a_class": 40, "period_name": "session", "role": null, "groups": [], "user_permissions": []}}, {"model": "base.user", "pk": "bcacb03c-3116-4219-bccb-416d1d71aec0", "fields": {"password": "pbkdf2_sha256$600000$pZkZKeObnBbOk0S66VVe5u$k4cn1OJBDvdUdanO+dAyzK1u+ckPsPdhneWuopiqAz0=", "last_login": "2024-11-11T06:34:15.146Z", "is_superuser": true, "first_name": "", "last_name": "", "is_staff": true, "is_active": true, "date_joined": "2024-10-03T15:18:53.765Z", "email": "sample.account@example.com", "phone_number": "57564644", "school_name": "Springfield International School", "school_id": "SC0001", "address": "Springfield International School,Fujaira,United Arab Emirates", "city": "Fujaira", "state": null, "country": "United Arab Emirates", "postal_code": "673642", "profile_image": "school_profiles/school-1.jpg", "working_days": "[\"MON\", \"TUE\", \"WED\", \"THU\", \"SAT\"]", "teaching_slots": 4, "average_students_allowed_in_a_class": 40, "period_name": "session", "role": null, "groups": [], "user_permissions": []}}, {"model": "base.user", "pk": "d8783aca-08b8-4c52-8c24-34219614895a", "fields": {"password": "pbkdf2_sha256$600000$m5aMLMpfwlxZex0iTqkB2y$4S9G89s7F76Xquj7ZeERhq5sTs46/wYYz4B7KZnJRfI=", "last_login": null, "is_superuser": false, "first_name": "", "last_name": "", "is_staff": false, "is_active": true, "date_joined": "2024-11-11T07:06:48.351Z", "email": "sandeep@digiworkspaces.com", "phone_number": null, "school_name": "Al Falah International School", "school_id": "SC0002", "address": null, "city": null, "state": null, "country": null, "postal_code": null, "profile_image": "", "working_days": "[]", "teaching_slots": 0, "average_students_allowed_in_a_class": 40, "period_name": "session", "role": null, "groups": [], "user_permissions": []}}, {"model": "base.user", "pk": "ddaa1b6c-9f81-484f-810a-d16a63f20f95", "fields": {"password": "pbkdf2_sha256$600000$izJRtUJAj6i7ftg3y3ZTtp$hH+NK5srsZFvieHrWDm2klbMU+5RTaNkWyo1GYbhRrA=", "last_login": null, "is_superuser": false, "first_name": "", "last_name": "", "is_staff": false, "is_active": true, "date_joined": "2024-11-11T07:12:33.839Z", "email": "sameerecm@gmail.com", "phone_number": null, "school_name": "Golden Gate Academy", "school_id": "SC0009", "address": null, "city": null, "state": null, "country": null, "postal_code": null, "profile_image": "", "working_days": "[]", "teaching_slots": 0, "average_students_allowed_in_a_class": 40, "period_name": "session", "role": null, "groups": [], "user_permissions": []}}, {"model": "base.user", "pk": "eec31f77-4b5f-4aa3-9367-7d818249c110", "fields": {"password": "pbkdf2_sha256$600000$Ugu9AIdEMase471kwWrkOf$U1QWGlUketXlSiZP3PyTO7aRq81D2zB3qUZUWWRBb7M=", "last_login": null, "is_superuser": false, "first_name": "", "last_name": "", "is_staff": false, "is_active": true, "date_joined": "2024-11-11T07:08:29.479Z", "email": "siyad@digiworkspaces.com", "phone_number": null, "school_name": "Horizon International Academy", "school_id": "SC0003", "address": null, "city": null, "state": null, "country": null, "postal_code": null, "profile_image": "", "working_days": "[]", "teaching_slots": 0, "average_students_allowed_in_a_class": 40, "period_name": "session", "role": null, "groups": [], "user_permissions": []}}, {"model": "base.user", "pk": "f13c43e0-4979-44ce-baa1-42240c13b759", "fields": {"password": "pbkdf2_sha256$600000$UlTEmPPcSNRkvfhsgwsHKK$lCc3X54BwGrMcTc1+K2h9X0n1SOKeLMD1hEQB78c1ZA=", "last_login": null, "is_superuser": false, "first_name": "", "last_name": "", "is_staff": false, "is_active": true, "date_joined": "2024-11-11T07:10:47.193Z", "email": "shahareed@digiworkspaces.com", "phone_number": null, "school_name": "Oasis Valley School", "school_id": "SC0005", "address": null, "city": null, "state": null, "country": null, "postal_code": null, "profile_image": "", "working_days": "[]", "teaching_slots": 0, "average_students_allowed_in_a_class": 40, "period_name": "session", "role": null, "groups": [], "user_permissions": []}}, {"model": "base.userconstraintsettings", "pk": 1, "fields": {"user": "bcacb03c-3116-4219-bccb-416d1d71aec0", "room_conflict": true, "teacher_conflict": true, "student_group_conflict": true, "elective_group_timeslot": true, "ensure_teacher_assigned": true, "ensure_timeslot_assigned": true, "consecutive_multi_block_lessons": false, "tutor_free_period_constraint": true, "tutor_lesson_load": true, "daily_lesson_limit": true, "prefer_consistent_teacher_for_subject": true, "prefer_subject_once_per_day": true, "avoid_teacher_consecutive_periods_overlapping_class": true, "avoid_continuous_subjects": true, "avoid_continuous_teaching": false, "avoid_consecutive_elective_lessons": true}}, {"model": "base.subject", "pk": "09f0967f-b671-44aa-9a19-2075eb65a8e0", "fields": {"name": "Mathamatics", "school": "bcacb03c-3116-4219-bccb-416d1d71aec0"}}, {"model": "base.subject", "pk": "1b7854ff-cede-4359-a82e-cabbac40e958", "fields": {"name": "Information Technology", "school": "bcacb03c-3116-4219-bccb-416d1d71aec0"}}, {"model": "base.subject", "pk": "5f7f74b3-ce92-4ac6-9afc-5400239800b6", "fields": {"name": "Physical Education", "school": "bcacb03c-3116-4219-bccb-416d1d71aec0"}}, {"model": "base.subject", "pk": "6254a05e-87c7-4c95-9546-9c0e61a41462", "fields": {"name": "Germen", "school": "bcacb03c-3116-4219-bccb-416d1d71aec0"}}, {"model": "base.subject", "pk": "695e70fd-13d6-43c8-8979-018f7e54a73f", "fields": {"name": "French", "school": "bcacb03c-3116-4219-bccb-416d1d71aec0"}}, {"model": "base.subject", "pk": "7a0f6b33-888b-48b9-a30d-f48f3417744d", "fields": {"name": "Arabic", "school": "bcacb03c-3116-4219-bccb-416d1d71aec0"}}, {"model": "base.subject", "pk": "a7019afb-106b-4b92-a3ee-9f9e5fd0be28", "fields": {"name": "Social Studies", "school": "bcacb03c-3116-4219-bccb-416d1d71aec0"}}, {"model": "base.subject", "pk": "f7ae939c-52a9-45e8-b8e4-01522d300afd", "fields": {"name": "Science", "school": "bcacb03c-3116-4219-bccb-416d1d71aec0"}}, {"model": "base.grade", "pk": "44194619-8feb-439d-a645-7dbfee709fb6", "fields": {"name": "Elementary School", "short_name": "ES", "school": "bcacb03c-3116-4219-bccb-416d1d71aec0", "created_at": "2024-10-03T15:50:52.690Z", "updated_at": "2024-10-03T22:32:27.502Z"}}, {"model": "base.grade", "pk": "f55d96fa-165e-41cd-9f8e-feb0d382bc3e", "fields": {"name": "Middle School", "short_name": "MS", "school": "bcacb03c-3116-4219-bccb-416d1d71aec0", "created_at": "2024-10-03T22:32:06.951Z", "updated_at": "2024-10-03T22:32:06.951Z"}}, {"model": "base.teacher", "pk": "1e4f9060-e755-471f-ae1a-7e52fe315180", "fields": {"school": "bcacb03c-3116-4219-bccb-416d1d71aec0", "name": "Fasila", "surname": "alam", "email": "binu@gmai.com", "phone": "89878874", "min_lessons_per_week": 5, "max_lessons_per_week": 15, "teacher_id": "T0007", "profile_image": "teacher_profiles/teacher03.jpg", "created_at": "2024-10-03T23:04:08.967Z", "updated_at": "2024-10-03T23:09:33.355Z", "qualified_subjects": ["f7ae939c-52a9-45e8-b8e4-01522d300afd"], "grades": ["f55d96fa-165e-41cd-9f8e-feb0d382bc3e"]}}, {"model": "base.teacher", "pk": "388db85a-4214-429a-b5ee-1e7b3f8af088", "fields": {"school": "bcacb03c-3116-4219-bccb-416d1d71aec0", "name": "Visily", "surname": "moore", "email": "vis@gmai.com", "phone": "987954997", "min_lessons_per_week": 5, "max_lessons_per_week": 15, "teacher_id": "T0004", "profile_image": "teacher_profiles/teacher15_9D6UPPD.jpg", "created_at": "2024-10-03T22:59:56.036Z", "updated_at": "2024-10-03T22:59:56.082Z", "qualified_subjects": ["5f7f74b3-ce92-4ac6-9afc-5400239800b6"], "grades": ["44194619-8feb-439d-a645-7dbfee709fb6", "f55d96fa-165e-41cd-9f8e-feb0d382bc3e"]}}, {"model": "base.teacher", "pk": "5a2f73be-7f52-4200-a901-45ed129e70c4", "fields": {"school": "bcacb03c-3116-4219-bccb-416d1d71aec0", "name": "Duka", "surname": "Mouly", "email": "duka@gmai.com", "phone": "98957978", "min_lessons_per_week": 5, "max_lessons_per_week": 15, "teacher_id": "T0011", "profile_image": "teacher_profiles/germarn_859scMq.jpg", "created_at": "2024-10-03T23:11:39.795Z", "updated_at": "2024-10-03T23:11:39.828Z", "qualified_subjects": ["6254a05e-87c7-4c95-9546-9c0e61a41462"], "grades": ["44194619-8feb-439d-a645-7dbfee709fb6", "f55d96fa-165e-41cd-9f8e-feb0d382bc3e"]}}, {"model": "base.teacher", "pk": "5b5a6871-ba59-4c01-8c26-8cb49f4694a0", "fields": {"school": "bcacb03c-3116-4219-bccb-416d1d71aec0", "name": "Rooby", "surname": "Milay", "email": "rooby@gmail.com", "phone": "98954758", "min_lessons_per_week": 5, "max_lessons_per_week": 15, "teacher_id": "T0008", "profile_image": "teacher_profiles/teacher02_Qm2PLaQ.jpg", "created_at": "2024-10-03T23:05:14.556Z", "updated_at": "2024-10-03T23:05:14.580Z", "qualified_subjects": ["a7019afb-106b-4b92-a3ee-9f9e5fd0be28"], "grades": ["f55d96fa-165e-41cd-9f8e-feb0d382bc3e"]}}, {"model": "base.teacher", "pk": "73eb8dae-312a-49e5-bd60-3d506845b313", "fields": {"school": "bcacb03c-3116-4219-bccb-416d1d71aec0", "name": "Risily", "surname": "Lee", "email": "Risily@gmai.com", "phone": "9895758998", "min_lessons_per_week": 5, "max_lessons_per_week": 15, "teacher_id": "T0010", "profile_image": "teacher_profiles/french_NSrJ2Ay.jpg", "created_at": "2024-10-03T23:10:33.042Z", "updated_at": "2024-10-03T23:10:33.090Z", "qualified_subjects": ["695e70fd-13d6-43c8-8979-018f7e54a73f"], "grades": ["44194619-8feb-439d-a645-7dbfee709fb6", "f55d96fa-165e-41cd-9f8e-feb0d382bc3e"]}}, {"model": "base.teacher", "pk": "9eb9e3a8-3d04-4d60-8fd2-d7d5a86431f7", "fields": {"school": "bcacb03c-3116-4219-bccb-416d1d71aec0", "name": "Sarah", "surname": "daisy", "email": "sarah@gmail.com", "phone": "9198957899", "min_lessons_per_week": 10, "max_lessons_per_week": 15, "teacher_id": "T0001", "profile_image": "teacher_profiles/teacher14_x4kUGPQ.jpg", "created_at": "2024-10-03T22:40:57.770Z", "updated_at": "2024-10-03T22:40:57.829Z", "qualified_subjects": ["09f0967f-b671-44aa-9a19-2075eb65a8e0"], "grades": ["44194619-8feb-439d-a645-7dbfee709fb6"]}}, {"model": "base.teacher", "pk": "aa56aa4a-db7b-45cc-a5c0-963526e62c4f", "fields": {"school": "bcacb03c-3116-4219-bccb-416d1d71aec0", "name": "Joen", "surname": "newman", "email": "Joen@gmail.com", "phone": "98957899", "min_lessons_per_week": 5, "max_lessons_per_week": 15, "teacher_id": "T0006", "profile_image": "teacher_profiles/teacher05_XD8Kzbh.jpg", "created_at": "2024-10-03T23:02:46.524Z", "updated_at": "2024-10-03T23:02:46.563Z", "qualified_subjects": ["09f0967f-b671-44aa-9a19-2075eb65a8e0"], "grades": ["f55d96fa-165e-41cd-9f8e-feb0d382bc3e"]}}, {"model": "base.teacher", "pk": "b05663ca-6697-4206-ba20-54636172dc36", "fields": {"school": "bcacb03c-3116-4219-bccb-416d1d71aec0", "name": "Jomon", "surname": "Antony", "email": "joj@gmail.com", "phone": "919989855", "min_lessons_per_week": 5, "max_lessons_per_week": 15, "teacher_id": "T0002", "profile_image": "teacher_profiles/teacher22_mrMXn72.jpg", "created_at": "2024-10-03T22:41:55.739Z", "updated_at": "2024-10-03T22:41:55.781Z", "qualified_subjects": ["f7ae939c-52a9-45e8-b8e4-01522d300afd"], "grades": ["44194619-8feb-439d-a645-7dbfee709fb6"]}}, {"model": "base.teacher", "pk": "b1bd25a6-515c-4eea-8b99-85b07311890f", "fields": {"school": "bcacb03c-3116-4219-bccb-416d1d71aec0", "name": "Dinesh", "surname": "Luka", "email": "dinesh@gmail.com", "phone": "97898452", "min_lessons_per_week": 10, "max_lessons_per_week": 15, "teacher_id": "T0005", "profile_image": "teacher_profiles/teacher06_0NWr3Rk.jpg", "created_at": "2024-10-03T23:01:41.033Z", "updated_at": "2024-10-03T23:01:41.076Z", "qualified_subjects": ["1b7854ff-cede-4359-a82e-cabbac40e958"], "grades": ["44194619-8feb-439d-a645-7dbfee709fb6", "f55d96fa-165e-41cd-9f8e-feb0d382bc3e"]}}, {"model": "base.teacher", "pk": "ba4d4e02-e15d-4eb3-99c5-22ffe35c7fdd", "fields": {"school": "bcacb03c-3116-4219-bccb-416d1d71aec0", "name": "Aslaha Fathima", "surname": "knou", "email": "aslah@gmai.com", "phone": "97578757", "min_lessons_per_week": 5, "max_lessons_per_week": 15, "teacher_id": "T0009", "profile_image": "teacher_profiles/arabic_BvIv3qa.jpg", "created_at": "2024-10-03T23:09:09.911Z", "updated_at": "2024-10-03T23:09:09.941Z", "qualified_subjects": ["7a0f6b33-888b-48b9-a30d-f48f3417744d"], "grades": ["44194619-8feb-439d-a645-7dbfee709fb6", "f55d96fa-165e-41cd-9f8e-feb0d382bc3e"]}}, {"model": "base.teacher", "pk": "e60cc8fd-88fb-4472-a83c-f09bb9323c97", "fields": {"school": "bcacb03c-3116-4219-bccb-416d1d71aec0", "name": "Jos", "surname": "joyal", "email": "res@gmail.com", "phone": "98979788895", "min_lessons_per_week": 5, "max_lessons_per_week": 15, "teacher_id": "T0003", "profile_image": "teacher_profiles/teacher19_btnVks1.jpg", "created_at": "2024-10-03T22:43:40.443Z", "updated_at": "2024-10-03T22:43:40.475Z", "qualified_subjects": ["a7019afb-106b-4b92-a3ee-9f9e5fd0be28"], "grades": ["44194619-8feb-439d-a645-7dbfee709fb6"]}}, {"model": "base.room", "pk": "1f3b67d8-c5c7-4de1-869d-6e5392f87ff0", "fields": {"name": "room 4 Division B", "room_number": "206", "school": "bcacb03c-3116-4219-bccb-416d1d71aec0", "capacity": 0, "occupied": true, "room_type": "CLASSROOM"}}, {"model": "base.room", "pk": "2e0953a4-3a64-4823-857f-9939273ae755", "fields": {"name": "Study room", "room_number": "102", "school": "bcacb03c-3116-4219-bccb-416d1d71aec0", "capacity": 40, "occupied": false, "room_type": "STUDY_AREA"}}, {"model": "base.room", "pk": "40e242d8-8040-4343-8396-1aacddf18d42", "fields": {"name": "Study room 2", "room_number": "103", "school": "bcacb03c-3116-4219-bccb-416d1d71aec0", "capacity": 40, "occupied": false, "room_type": "STUDY_AREA"}}, {"model": "base.room", "pk": "871d92d2-422f-46af-8ace-7a4b7fbe6923", "fields": {"name": "Computer lab 1", "room_number": "101", "school": "bcacb03c-3116-4219-bccb-416d1d71aec0", "capacity": 40, "occupied": false, "room_type": "COMPUTER_LAB"}}, {"model": "base.room", "pk": "bf003433-dd58-44b9-a015-3a679f665cbe", "fields": {"name": "room 1 Division A", "room_number": "201", "school": "bcacb03c-3116-4219-bccb-416d1d71aec0", "capacity": 0, "occupied": true, "room_type": "CLASSROOM"}}, {"model": "base.room", "pk": "ca1909e7-08c0-4c0b-9bb4-b3716292cac7", "fields": {"name": "room 2 Division A", "room_number": "203", "school": "bcacb03c-3116-4219-bccb-416d1d71aec0", "capacity": 0, "occupied": true, "room_type": "CLASSROOM"}}, {"model": "base.room", "pk": "cf0a44e9-a40d-4f7f-9bb4-dce77d3f7832", "fields": {"name": "room 4 Division A", "room_number": "205", "school": "bcacb03c-3116-4219-bccb-416d1d71aec0", "capacity": 0, "occupied": true, "room_type": "CLASSROOM"}}, {"model": "base.room", "pk": "d6339369-7c9f-4e97-9495-ab27aca6ab75", "fields": {"name": "room 3 Division A", "room_number": "204", "school": "bcacb03c-3116-4219-bccb-416d1d71aec0", "capacity": 0, "occupied": true, "room_type": "CLASSROOM"}}, {"model": "base.room", "pk": "f69b8e77-4261-4adf-9bd5-678770f3ed46", "fields": {"name": "room 1 Division B", "room_number": "202", "school": "bcacb03c-3116-4219-bccb-416d1d71aec0", "capacity": 0, "occupied": true, "room_type": "CLASSROOM"}}, {"model": "base.standard", "pk": "19158a31-8d5f-4062-ab8f-92ad0d6c5b40", "fields": {"name": "1st Grade", "short_name": "1", "school": "bcacb03c-3116-4219-bccb-416d1d71aec0", "grade": "44194619-8feb-439d-a645-7dbfee709fb6", "created_at": "2024-10-03T22:53:01.383Z", "updated_at": "2024-10-03T22:53:01.383Z"}}, {"model": "base.standard", "pk": "7ce89a31-7d17-43e4-9f1c-213e6d5d5a67", "fields": {"name": "3rd Grade", "short_name": "3", "school": "bcacb03c-3116-4219-bccb-416d1d71aec0", "grade": "f55d96fa-165e-41cd-9f8e-feb0d382bc3e", "created_at": "2024-10-03T22:53:41.558Z", "updated_at": "2024-10-03T22:53:41.558Z"}}, {"model": "base.standard", "pk": "efb58554-a0f9-44ae-9b12-d47f731a0e0d", "fields": {"name": "2nd Grade", "short_name": "2", "school": "bcacb03c-3116-4219-bccb-416d1d71aec0", "grade": "44194619-8feb-439d-a645-7dbfee709fb6", "created_at": "2024-10-03T22:53:16.429Z", "updated_at": "2024-10-03T22:53:16.429Z"}}, {"model": "base.standard", "pk": "f742d9d9-81a2-45e1-b4b7-df1fcbf352b4", "fields": {"name": "4th Grade", "short_name": "4", "school": "bcacb03c-3116-4219-bccb-416d1d71aec0", "grade": "f55d96fa-165e-41cd-9f8e-feb0d382bc3e", "created_at": "2024-10-03T22:53:56.319Z", "updated_at": "2024-10-03T22:53:56.319Z"}}, {"model": "base.electivegroup", "pk": "9b9541fd-a6bd-4aab-90fa-1201c9beb39c", "fields": {"name": "FL1", "standard": "7ce89a31-7d17-43e4-9f1c-213e6d5d5a67", "school": "bcacb03c-3116-4219-bccb-416d1d71aec0", "preferred_rooms": ["2e0953a4-3a64-4823-857f-9939273ae755"]}}, {"model": "base.electivegroup", "pk": "b9548498-5bbe-46f4-a245-b41cf2f4db5a", "fields": {"name": "FL1", "standard": "efb58554-a0f9-44ae-9b12-d47f731a0e0d", "school": "bcacb03c-3116-4219-bccb-416d1d71aec0", "preferred_rooms": ["40e242d8-8040-4343-8396-1aacddf18d42"]}}, {"model": "base.electivegroup", "pk": "c0090f8d-7061-4ba0-aa9f-9ed2bf9e8110", "fields": {"name": "Fl 3", "standard": "f742d9d9-81a2-45e1-b4b7-df1fcbf352b4", "school": "bcacb03c-3116-4219-bccb-416d1d71aec0", "preferred_rooms": ["2e0953a4-3a64-4823-857f-9939273ae755"]}}, {"model": "base.electivegroup", "pk": "f27afcb2-5e6c-4da2-b26b-ae683674e961", "fields": {"name": "FL 1", "standard": "19158a31-8d5f-4062-ab8f-92ad0d6c5b40", "school": "bcacb03c-3116-4219-bccb-416d1d71aec0", "preferred_rooms": ["2e0953a4-3a64-4823-857f-9939273ae755", "40e242d8-8040-4343-8396-1aacddf18d42"]}}, {"model": "base.classroom", "pk": "04318e0a-3746-4d9d-82ba-243e0c86efeb", "fields": {"name": "Division A", "standard": "f742d9d9-81a2-45e1-b4b7-df1fcbf352b4", "school": "bcacb03c-3116-4219-bccb-416d1d71aec0", "number_of_students": 40, "class_id": "CR0006", "created_at": "2024-10-03T22:53:56.340Z", "updated_at": "2024-10-03T23:20:28.017Z", "division": "A", "room": "cf0a44e9-a40d-4f7f-9bb4-dce77d3f7832"}}, {"model": "base.classroom", "pk": "05373866-d7e7-4d50-8312-a984da339f2c", "fields": {"name": "Division B", "standard": "f742d9d9-81a2-45e1-b4b7-df1fcbf352b4", "school": "bcacb03c-3116-4219-bccb-416d1d71aec0", "number_of_students": 40, "class_id": "CR0007", "created_at": "2024-10-03T22:53:56.347Z", "updated_at": "2024-10-03T23:20:38.049Z", "division": "B", "room": "1f3b67d8-c5c7-4de1-869d-6e5392f87ff0"}}, {"model": "base.classroom", "pk": "35100810-bcb1-4921-bf05-26ab59a0d3cc", "fields": {"name": "Division A", "standard": "19158a31-8d5f-4062-ab8f-92ad0d6c5b40", "school": "bcacb03c-3116-4219-bccb-416d1d71aec0", "number_of_students": 40, "class_id": "CR0001", "created_at": "2024-10-03T22:53:01.418Z", "updated_at": "2024-10-03T23:19:46.264Z", "division": "A", "room": "bf003433-dd58-44b9-a015-3a679f665cbe"}}, {"model": "base.classroom", "pk": "aa8937f3-7ed5-4c3d-b3bb-ef8ad693a6fe", "fields": {"name": "Division A", "standard": "7ce89a31-7d17-43e4-9f1c-213e6d5d5a67", "school": "bcacb03c-3116-4219-bccb-416d1d71aec0", "number_of_students": 40, "class_id": "CR0005", "created_at": "2024-10-03T22:53:41.576Z", "updated_at": "2024-10-03T23:20:17.661Z", "division": "A", "room": "d6339369-7c9f-4e97-9495-ab27aca6ab75"}}, {"model": "base.classroom", "pk": "b195ec02-9386-4a7f-b1ad-e4ac9b6be24b", "fields": {"name": "Division A", "standard": "efb58554-a0f9-44ae-9b12-d47f731a0e0d", "school": "bcacb03c-3116-4219-bccb-416d1d71aec0", "number_of_students": 40, "class_id": "CR0003", "created_at": "2024-10-03T22:53:16.446Z", "updated_at": "2024-10-03T23:20:05.539Z", "division": "A", "room": "ca1909e7-08c0-4c0b-9bb4-b3716292cac7"}}, {"model": "base.classroom", "pk": "ee7b7eaf-21f0-45c0-9c79-2e0b37a020e7", "fields": {"name": "Division B", "standard": "19158a31-8d5f-4062-ab8f-92ad0d6c5b40", "school": "bcacb03c-3116-4219-bccb-416d1d71aec0", "number_of_students": 40, "class_id": "CR0002", "created_at": "2024-10-03T22:53:01.437Z", "updated_at": "2024-10-03T23:19:55.642Z", "division": "B", "room": "f69b8e77-4261-4adf-9bd5-678770f3ed46"}}, {"model": "base.classsubject", "pk": "01dc602d-acbd-42e7-a5dc-598678caf755", "fields": {"school": "bcacb03c-3116-4219-bccb-416d1d71aec0", "name": "Foreign Languages", "lessons_per_week": 2, "multi_block_lessons": 1, "elective_or_core": true, "elective_group": "b9548498-5bbe-46f4-a245-b41cf2f4db5a", "class_room": "b195ec02-9386-4a7f-b1ad-e4ac9b6be24b"}}, {"model": "base.classsubject", "pk": "0ceb0072-b12d-472c-8007-37d942144931", "fields": {"school": "bcacb03c-3116-4219-bccb-416d1d71aec0", "name": "Social Studies", "lessons_per_week": 4, "multi_block_lessons": 1, "elective_or_core": false, "elective_group": null, "class_room": "05373866-d7e7-4d50-8312-a984da339f2c"}}, {"model": "base.classsubject", "pk": "197c3628-2aeb-4397-96c2-70c0f8b2d1b9", "fields": {"school": "bcacb03c-3116-4219-bccb-416d1d71aec0", "name": "Social Studies", "lessons_per_week": 4, "multi_block_lessons": 1, "elective_or_core": false, "elective_group": null, "class_room": "ee7b7eaf-21f0-45c0-9c79-2e0b37a020e7"}}, {"model": "base.classsubject", "pk": "28269b3f-7b1d-4a53-b720-78ede93734b5", "fields": {"school": "bcacb03c-3116-4219-bccb-416d1d71aec0", "name": "Social Studies", "lessons_per_week": 4, "multi_block_lessons": 1, "elective_or_core": false, "elective_group": null, "class_room": "b195ec02-9386-4a7f-b1ad-e4ac9b6be24b"}}, {"model": "base.classsubject", "pk": "2e51bdec-4d9c-4309-ad2e-36314ac5ce88", "fields": {"school": "bcacb03c-3116-4219-bccb-416d1d71aec0", "name": "Arabic", "lessons_per_week": 2, "multi_block_lessons": 1, "elective_or_core": false, "elective_group": null, "class_room": "05373866-d7e7-4d50-8312-a984da339f2c"}}, {"model": "base.classsubject", "pk": "38d47c05-8f95-44fa-9e1b-d4ea1e8df1be", "fields": {"school": "bcacb03c-3116-4219-bccb-416d1d71aec0", "name": "Physical Education", "lessons_per_week": 2, "multi_block_lessons": 1, "elective_or_core": false, "elective_group": null, "class_room": "04318e0a-3746-4d9d-82ba-243e0c86efeb"}}, {"model": "base.classsubject", "pk": "3ee0b051-11b7-45a9-aa6f-5a30f9bb9d2f", "fields": {"school": "bcacb03c-3116-4219-bccb-416d1d71aec0", "name": "Social Studies", "lessons_per_week": 4, "multi_block_lessons": 1, "elective_or_core": false, "elective_group": null, "class_room": "35100810-bcb1-4921-bf05-26ab59a0d3cc"}}, {"model": "base.classsubject", "pk": "40bd5d8f-6c87-43d4-8f84-35a9fda22b5c", "fields": {"school": "bcacb03c-3116-4219-bccb-416d1d71aec0", "name": "Foreign Languages", "lessons_per_week": 2, "multi_block_lessons": 1, "elective_or_core": true, "elective_group": "c0090f8d-7061-4ba0-aa9f-9ed2bf9e8110", "class_room": "04318e0a-3746-4d9d-82ba-243e0c86efeb"}}, {"model": "base.classsubject", "pk": "5089e22b-24c1-4d12-ad3c-3eb18a8074ff", "fields": {"school": "bcacb03c-3116-4219-bccb-416d1d71aec0", "name": "Physical Education", "lessons_per_week": 2, "multi_block_lessons": 1, "elective_or_core": false, "elective_group": null, "class_room": "aa8937f3-7ed5-4c3d-b3bb-ef8ad693a6fe"}}, {"model": "base.classsubject", "pk": "51a0523a-0517-45e1-b994-d846b84dcfaf", "fields": {"school": "bcacb03c-3116-4219-bccb-416d1d71aec0", "name": "Physical Education", "lessons_per_week": 2, "multi_block_lessons": 1, "elective_or_core": false, "elective_group": null, "class_room": "05373866-d7e7-4d50-8312-a984da339f2c"}}, {"model": "base.classsubject", "pk": "57924479-d282-497e-97cb-75bcc69f217d", "fields": {"school": "bcacb03c-3116-4219-bccb-416d1d71aec0", "name": "Physical Education", "lessons_per_week": 2, "multi_block_lessons": 1, "elective_or_core": false, "elective_group": null, "class_room": "ee7b7eaf-21f0-45c0-9c79-2e0b37a020e7"}}, {"model": "base.classsubject", "pk": "59acf7dc-32a5-4801-a9cd-c35115da365b", "fields": {"school": "bcacb03c-3116-4219-bccb-416d1d71aec0", "name": "Information Technology", "lessons_per_week": 2, "multi_block_lessons": 1, "elective_or_core": false, "elective_group": null, "class_room": "b195ec02-9386-4a7f-b1ad-e4ac9b6be24b"}}, {"model": "base.classsubject", "pk": "6798986d-a08c-4ffa-a200-c86fe869ffad", "fields": {"school": "bcacb03c-3116-4219-bccb-416d1d71aec0", "name": "Foreign Languages", "lessons_per_week": 2, "multi_block_lessons": 1, "elective_or_core": true, "elective_group": "9b9541fd-a6bd-4aab-90fa-1201c9beb39c", "class_room": "aa8937f3-7ed5-4c3d-b3bb-ef8ad693a6fe"}}, {"model": "base.classsubject", "pk": "7064007a-1da2-478d-8eec-6e6e8ac4f0a7", "fields": {"school": "bcacb03c-3116-4219-bccb-416d1d71aec0", "name": "Arabic", "lessons_per_week": 2, "multi_block_lessons": 1, "elective_or_core": false, "elective_group": null, "class_room": "35100810-bcb1-4921-bf05-26ab59a0d3cc"}}, {"model": "base.classsubject", "pk": "7220c0c9-9932-48a7-81e5-6bf8343314bb", "fields": {"school": "bcacb03c-3116-4219-bccb-416d1d71aec0", "name": "Mathamatics", "lessons_per_week": 4, "multi_block_lessons": 1, "elective_or_core": false, "elective_group": null, "class_room": "ee7b7eaf-21f0-45c0-9c79-2e0b37a020e7"}}, {"model": "base.classsubject", "pk": "83cd68ff-ba28-436e-ad35-4d267e38c8d6", "fields": {"school": "bcacb03c-3116-4219-bccb-416d1d71aec0", "name": "Social Studies", "lessons_per_week": 4, "multi_block_lessons": 1, "elective_or_core": false, "elective_group": null, "class_room": "04318e0a-3746-4d9d-82ba-243e0c86efeb"}}, {"model": "base.classsubject", "pk": "90516e76-f353-4f28-8bdd-2e6f01bcb9d2", "fields": {"school": "bcacb03c-3116-4219-bccb-416d1d71aec0", "name": "Arabic", "lessons_per_week": 2, "multi_block_lessons": 1, "elective_or_core": false, "elective_group": null, "class_room": "aa8937f3-7ed5-4c3d-b3bb-ef8ad693a6fe"}}, {"model": "base.classsubject", "pk": "94e1ea18-5851-4403-b21c-8b940076e51a", "fields": {"school": "bcacb03c-3116-4219-bccb-416d1d71aec0", "name": "Arabic", "lessons_per_week": 2, "multi_block_lessons": 1, "elective_or_core": false, "elective_group": null, "class_room": "04318e0a-3746-4d9d-82ba-243e0c86efeb"}}, {"model": "base.classsubject", "pk": "a10358e6-e5be-41e3-8732-038ae8dbcc44", "fields": {"school": "bcacb03c-3116-4219-bccb-416d1d71aec0", "name": "Information Technology", "lessons_per_week": 2, "multi_block_lessons": 1, "elective_or_core": false, "elective_group": null, "class_room": "04318e0a-3746-4d9d-82ba-243e0c86efeb"}}, {"model": "base.classsubject", "pk": "a67b09ef-5069-433e-8d69-aacbde092356", "fields": {"school": "bcacb03c-3116-4219-bccb-416d1d71aec0", "name": "Science", "lessons_per_week": 4, "multi_block_lessons": 1, "elective_or_core": false, "elective_group": null, "class_room": "05373866-d7e7-4d50-8312-a984da339f2c"}}, {"model": "base.classsubject", "pk": "abddd1bb-2302-4bde-9df2-0c13a5933e21", "fields": {"school": "bcacb03c-3116-4219-bccb-416d1d71aec0", "name": "Science", "lessons_per_week": 4, "multi_block_lessons": 1, "elective_or_core": false, "elective_group": null, "class_room": "ee7b7eaf-21f0-45c0-9c79-2e0b37a020e7"}}, {"model": "base.classsubject", "pk": "ac758101-2aab-4b84-b4cf-4bb1b755f641", "fields": {"school": "bcacb03c-3116-4219-bccb-416d1d71aec0", "name": "Arabic", "lessons_per_week": 2, "multi_block_lessons": 1, "elective_or_core": false, "elective_group": null, "class_room": "b195ec02-9386-4a7f-b1ad-e4ac9b6be24b"}}, {"model": "base.classsubject", "pk": "ad7c07dd-3bf0-4076-ae28-cfa60e91efc3", "fields": {"school": "bcacb03c-3116-4219-bccb-416d1d71aec0", "name": "Information Technology", "lessons_per_week": 2, "multi_block_lessons": 1, "elective_or_core": false, "elective_group": null, "class_room": "ee7b7eaf-21f0-45c0-9c79-2e0b37a020e7"}}, {"model": "base.classsubject", "pk": "afb37bf4-64a9-41de-b927-8cab85d75943", "fields": {"school": "bcacb03c-3116-4219-bccb-416d1d71aec0", "name": "Foreign Languages", "lessons_per_week": 2, "multi_block_lessons": 1, "elective_or_core": true, "elective_group": "f27afcb2-5e6c-4da2-b26b-ae683674e961", "class_room": "35100810-bcb1-4921-bf05-26ab59a0d3cc"}}, {"model": "base.classsubject", "pk": "b4c69553-e080-465c-b674-3a2da25868c5", "fields": {"school": "bcacb03c-3116-4219-bccb-416d1d71aec0", "name": "Science", "lessons_per_week": 4, "multi_block_lessons": 1, "elective_or_core": false, "elective_group": null, "class_room": "04318e0a-3746-4d9d-82ba-243e0c86efeb"}}, {"model": "base.classsubject", "pk": "b6988f2a-9a4c-41f3-bf3b-1c8c0a1d7129", "fields": {"school": "bcacb03c-3116-4219-bccb-416d1d71aec0", "name": "Information Technology", "lessons_per_week": 2, "multi_block_lessons": 1, "elective_or_core": false, "elective_group": null, "class_room": "05373866-d7e7-4d50-8312-a984da339f2c"}}, {"model": "base.classsubject", "pk": "be7546fc-7783-4cb6-ae38-e865c8c109bf", "fields": {"school": "bcacb03c-3116-4219-bccb-416d1d71aec0", "name": "Foreign Languages", "lessons_per_week": 2, "multi_block_lessons": 1, "elective_or_core": true, "elective_group": "c0090f8d-7061-4ba0-aa9f-9ed2bf9e8110", "class_room": "05373866-d7e7-4d50-8312-a984da339f2c"}}, {"model": "base.classsubject", "pk": "bfd0e4ef-559a-41b2-80fc-7001264b9d07", "fields": {"school": "bcacb03c-3116-4219-bccb-416d1d71aec0", "name": "Social Studies", "lessons_per_week": 4, "multi_block_lessons": 1, "elective_or_core": false, "elective_group": null, "class_room": "aa8937f3-7ed5-4c3d-b3bb-ef8ad693a6fe"}}, {"model": "base.classsubject", "pk": "c070f730-8919-4d37-b56a-84042be9cb60", "fields": {"school": "bcacb03c-3116-4219-bccb-416d1d71aec0", "name": "Mathamatics", "lessons_per_week": 4, "multi_block_lessons": 1, "elective_or_core": false, "elective_group": null, "class_room": "b195ec02-9386-4a7f-b1ad-e4ac9b6be24b"}}, {"model": "base.classsubject", "pk": "c425f4a8-735c-410b-8de9-22b2b7d48e52", "fields": {"school": "bcacb03c-3116-4219-bccb-416d1d71aec0", "name": "Physical Education", "lessons_per_week": 2, "multi_block_lessons": 1, "elective_or_core": false, "elective_group": null, "class_room": "b195ec02-9386-4a7f-b1ad-e4ac9b6be24b"}}, {"model": "base.classsubject", "pk": "cc95e3b8-8a26-43da-9a49-8507d1ca5e89", "fields": {"school": "bcacb03c-3116-4219-bccb-416d1d71aec0", "name": "Mathamatics", "lessons_per_week": 4, "multi_block_lessons": 1, "elective_or_core": false, "elective_group": null, "class_room": "04318e0a-3746-4d9d-82ba-243e0c86efeb"}}, {"model": "base.classsubject", "pk": "ccc2a129-cb8e-428a-8a31-e3a1e73b920e", "fields": {"school": "bcacb03c-3116-4219-bccb-416d1d71aec0", "name": "Mathamatics", "lessons_per_week": 4, "multi_block_lessons": 1, "elective_or_core": false, "elective_group": null, "class_room": "05373866-d7e7-4d50-8312-a984da339f2c"}}, {"model": "base.classsubject", "pk": "cecc199d-ebdb-4b26-9867-2bd81aaf91f9", "fields": {"school": "bcacb03c-3116-4219-bccb-416d1d71aec0", "name": "Mathamatics", "lessons_per_week": 4, "multi_block_lessons": 1, "elective_or_core": false, "elective_group": null, "class_room": "aa8937f3-7ed5-4c3d-b3bb-ef8ad693a6fe"}}, {"model": "base.classsubject", "pk": "d1488001-8ba4-4a9f-a1e4-d800d7329449", "fields": {"school": "bcacb03c-3116-4219-bccb-416d1d71aec0", "name": "Mathamatics", "lessons_per_week": 4, "multi_block_lessons": 1, "elective_or_core": false, "elective_group": null, "class_room": "35100810-bcb1-4921-bf05-26ab59a0d3cc"}}, {"model": "base.classsubject", "pk": "e07854d3-1461-4441-992c-081c389873ec", "fields": {"school": "bcacb03c-3116-4219-bccb-416d1d71aec0", "name": "Information Technology", "lessons_per_week": 2, "multi_block_lessons": 1, "elective_or_core": false, "elective_group": null, "class_room": "35100810-bcb1-4921-bf05-26ab59a0d3cc"}}, {"model": "base.classsubject", "pk": "e6ebca63-86f9-41a9-b5d4-914e9c7fa758", "fields": {"school": "bcacb03c-3116-4219-bccb-416d1d71aec0", "name": "Arabic", "lessons_per_week": 2, "multi_block_lessons": 1, "elective_or_core": false, "elective_group": null, "class_room": "ee7b7eaf-21f0-45c0-9c79-2e0b37a020e7"}}, {"model": "base.classsubject", "pk": "e7d2ea0b-8110-4733-b635-ec19b407b235", "fields": {"school": "bcacb03c-3116-4219-bccb-416d1d71aec0", "name": "Science", "lessons_per_week": 4, "multi_block_lessons": 1, "elective_or_core": false, "elective_group": null, "class_room": "35100810-bcb1-4921-bf05-26ab59a0d3cc"}}, {"model": "base.classsubject", "pk": "ebd33774-6548-42c1-8e6d-059bcc0b23c2", "fields": {"school": "bcacb03c-3116-4219-bccb-416d1d71aec0", "name": "Physical Education", "lessons_per_week": 2, "multi_block_lessons": 1, "elective_or_core": false, "elective_group": null, "class_room": "35100810-bcb1-4921-bf05-26ab59a0d3cc"}}, {"model": "base.classsubject", "pk": "f1a83822-f648-4f61-a933-36dc74875253", "fields": {"school": "bcacb03c-3116-4219-bccb-416d1d71aec0", "name": "Foreign Languages", "lessons_per_week": 2, "multi_block_lessons": 1, "elective_or_core": true, "elective_group": "f27afcb2-5e6c-4da2-b26b-ae683674e961", "class_room": "ee7b7eaf-21f0-45c0-9c79-2e0b37a020e7"}}, {"model": "base.classsubject", "pk": "f822dc23-d7fe-432e-bb9f-93e170c63c81", "fields": {"school": "bcacb03c-3116-4219-bccb-416d1d71aec0", "name": "Science", "lessons_per_week": 4, "multi_block_lessons": 1, "elective_or_core": false, "elective_group": null, "class_room": "aa8937f3-7ed5-4c3d-b3bb-ef8ad693a6fe"}}, {"model": "base.classsubject", "pk": "f83665a4-2043-4e1f-a8c2-4e97e85946ff", "fields": {"school": "bcacb03c-3116-4219-bccb-416d1d71aec0", "name": "Science", "lessons_per_week": 4, "multi_block_lessons": 1, "elective_or_core": false, "elective_group": null, "class_room": "b195ec02-9386-4a7f-b1ad-e4ac9b6be24b"}}, {"model": "base.classsubject", "pk": "fef6677d-ee2f-4140-a9e9-482f58eb7d2d", "fields": {"school": "bcacb03c-3116-4219-bccb-416d1d71aec0", "name": "Information Technology", "lessons_per_week": 2, "multi_block_lessons": 1, "elective_or_core": false, "elective_group": null, "class_room": "aa8937f3-7ed5-4c3d-b3bb-ef8ad693a6fe"}}, {"model": "base.classsubjectsubject", "pk": "0825b61e-f7ff-4480-876e-74ee1a17e22c", "fields": {"school": "bcacb03c-3116-4219-bccb-416d1d71aec0", "class_subject": "b4c69553-e080-465c-b674-3a2da25868c5", "subject": "f7ae939c-52a9-45e8-b8e4-01522d300afd", "number_of_students": 0, "assigned_teachers": ["1e4f9060-e755-471f-ae1a-7e52fe315180"], "preferred_rooms": []}}, {"model": "base.classsubjectsubject", "pk": "105a96f5-0688-4c3e-84db-e1ccbe34286b", "fields": {"school": "bcacb03c-3116-4219-bccb-416d1d71aec0", "class_subject": "0ceb0072-b12d-472c-8007-37d942144931", "subject": "a7019afb-106b-4b92-a3ee-9f9e5fd0be28", "number_of_students": 0, "assigned_teachers": ["5b5a6871-ba59-4c01-8c26-8cb49f4694a0"], "preferred_rooms": []}}, {"model": "base.classsubjectsubject", "pk": "19cdf678-07eb-45b2-9c2b-e1e4dfb45e98", "fields": {"school": "bcacb03c-3116-4219-bccb-416d1d71aec0", "class_subject": "a67b09ef-5069-433e-8d69-aacbde092356", "subject": "f7ae939c-52a9-45e8-b8e4-01522d300afd", "number_of_students": 0, "assigned_teachers": ["1e4f9060-e755-471f-ae1a-7e52fe315180"], "preferred_rooms": []}}, {"model": "base.classsubjectsubject", "pk": "1a160032-a096-40c3-aa20-9fec5f4fdb44", "fields": {"school": "bcacb03c-3116-4219-bccb-416d1d71aec0", "class_subject": "afb37bf4-64a9-41de-b927-8cab85d75943", "subject": "695e70fd-13d6-43c8-8979-018f7e54a73f", "number_of_students": 20, "assigned_teachers": ["73eb8dae-312a-49e5-bd60-3d506845b313"], "preferred_rooms": []}}, {"model": "base.classsubjectsubject", "pk": "1c4d5a51-b6aa-48f1-a4f8-83646a97d129", "fields": {"school": "bcacb03c-3116-4219-bccb-416d1d71aec0", "class_subject": "abddd1bb-2302-4bde-9df2-0c13a5933e21", "subject": "f7ae939c-52a9-45e8-b8e4-01522d300afd", "number_of_students": 0, "assigned_teachers": ["b05663ca-6697-4206-ba20-54636172dc36"], "preferred_rooms": []}}, {"model": "base.classsubjectsubject", "pk": "20ac5a5a-a824-478a-b805-24b9454e349b", "fields": {"school": "bcacb03c-3116-4219-bccb-416d1d71aec0", "class_subject": "6798986d-a08c-4ffa-a200-c86fe869ffad", "subject": "6254a05e-87c7-4c95-9546-9c0e61a41462", "number_of_students": 20, "assigned_teachers": ["5a2f73be-7f52-4200-a901-45ed129e70c4"], "preferred_rooms": []}}, {"model": "base.classsubjectsubject", "pk": "221bd871-d574-4c8a-bb53-1ec3643cf2d0", "fields": {"school": "bcacb03c-3116-4219-bccb-416d1d71aec0", "class_subject": "01dc602d-acbd-42e7-a5dc-598678caf755", "subject": "695e70fd-13d6-43c8-8979-018f7e54a73f", "number_of_students": 20, "assigned_teachers": ["73eb8dae-312a-49e5-bd60-3d506845b313"], "preferred_rooms": []}}, {"model": "base.classsubjectsubject", "pk": "2304b673-1f03-443c-8651-bc6df79e5e5e", "fields": {"school": "bcacb03c-3116-4219-bccb-416d1d71aec0", "class_subject": "cc95e3b8-8a26-43da-9a49-8507d1ca5e89", "subject": "09f0967f-b671-44aa-9a19-2075eb65a8e0", "number_of_students": 0, "assigned_teachers": ["aa56aa4a-db7b-45cc-a5c0-963526e62c4f"], "preferred_rooms": []}}, {"model": "base.classsubjectsubject", "pk": "2a3794a9-5859-4119-a0b9-0d121b11fdb2", "fields": {"school": "bcacb03c-3116-4219-bccb-416d1d71aec0", "class_subject": "2e51bdec-4d9c-4309-ad2e-36314ac5ce88", "subject": "7a0f6b33-888b-48b9-a30d-f48f3417744d", "number_of_students": 0, "assigned_teachers": ["ba4d4e02-e15d-4eb3-99c5-22ffe35c7fdd"], "preferred_rooms": []}}, {"model": "base.classsubjectsubject", "pk": "2f1e519d-a7e9-4dab-80a8-f536db20e187", "fields": {"school": "bcacb03c-3116-4219-bccb-416d1d71aec0", "class_subject": "38d47c05-8f95-44fa-9e1b-d4ea1e8df1be", "subject": "5f7f74b3-ce92-4ac6-9afc-5400239800b6", "number_of_students": 0, "assigned_teachers": ["388db85a-4214-429a-b5ee-1e7b3f8af088"], "preferred_rooms": []}}, {"model": "base.classsubjectsubject", "pk": "2fdac865-a69d-4e51-9a4c-cd4b54d8761b", "fields": {"school": "bcacb03c-3116-4219-bccb-416d1d71aec0", "class_subject": "f83665a4-2043-4e1f-a8c2-4e97e85946ff", "subject": "f7ae939c-52a9-45e8-b8e4-01522d300afd", "number_of_students": 0, "assigned_teachers": ["b05663ca-6697-4206-ba20-54636172dc36"], "preferred_rooms": []}}, {"model": "base.classsubjectsubject", "pk": "3036d288-3b7e-4812-badf-52a3d21da0ea", "fields": {"school": "bcacb03c-3116-4219-bccb-416d1d71aec0", "class_subject": "57924479-d282-497e-97cb-75bcc69f217d", "subject": "5f7f74b3-ce92-4ac6-9afc-5400239800b6", "number_of_students": 0, "assigned_teachers": ["388db85a-4214-429a-b5ee-1e7b3f8af088"], "preferred_rooms": []}}, {"model": "base.classsubjectsubject", "pk": "4943dd03-6087-46f0-8cc4-433d1ff313c7", "fields": {"school": "bcacb03c-3116-4219-bccb-416d1d71aec0", "class_subject": "cecc199d-ebdb-4b26-9867-2bd81aaf91f9", "subject": "09f0967f-b671-44aa-9a19-2075eb65a8e0", "number_of_students": 0, "assigned_teachers": ["aa56aa4a-db7b-45cc-a5c0-963526e62c4f"], "preferred_rooms": []}}, {"model": "base.classsubjectsubject", "pk": "5122aaf1-de84-4d18-95a6-0a1abbeabf36", "fields": {"school": "bcacb03c-3116-4219-bccb-416d1d71aec0", "class_subject": "59acf7dc-32a5-4801-a9cd-c35115da365b", "subject": "1b7854ff-cede-4359-a82e-cabbac40e958", "number_of_students": 0, "assigned_teachers": ["b1bd25a6-515c-4eea-8b99-85b07311890f"], "preferred_rooms": ["871d92d2-422f-46af-8ace-7a4b7fbe6923"]}}, {"model": "base.classsubjectsubject", "pk": "557fc08b-99fc-4df6-bc0e-5c1fe6bb27b6", "fields": {"school": "bcacb03c-3116-4219-bccb-416d1d71aec0", "class_subject": "c425f4a8-735c-410b-8de9-22b2b7d48e52", "subject": "5f7f74b3-ce92-4ac6-9afc-5400239800b6", "number_of_students": 0, "assigned_teachers": ["388db85a-4214-429a-b5ee-1e7b3f8af088"], "preferred_rooms": []}}, {"model": "base.classsubjectsubject", "pk": "58f91b63-9a58-4db6-bbf7-373f682a25c2", "fields": {"school": "bcacb03c-3116-4219-bccb-416d1d71aec0", "class_subject": "28269b3f-7b1d-4a53-b720-78ede93734b5", "subject": "a7019afb-106b-4b92-a3ee-9f9e5fd0be28", "number_of_students": 0, "assigned_teachers": ["e60cc8fd-88fb-4472-a83c-f09bb9323c97"], "preferred_rooms": []}}, {"model": "base.classsubjectsubject", "pk": "599aa13e-a80c-430f-9cdd-dde39d944482", "fields": {"school": "bcacb03c-3116-4219-bccb-416d1d71aec0", "class_subject": "be7546fc-7783-4cb6-ae38-e865c8c109bf", "subject": "6254a05e-87c7-4c95-9546-9c0e61a41462", "number_of_students": 20, "assigned_teachers": ["5a2f73be-7f52-4200-a901-45ed129e70c4"], "preferred_rooms": []}}, {"model": "base.classsubjectsubject", "pk": "5bc1024e-a9b8-48ad-bb6b-1431035e9a90", "fields": {"school": "bcacb03c-3116-4219-bccb-416d1d71aec0", "class_subject": "197c3628-2aeb-4397-96c2-70c0f8b2d1b9", "subject": "a7019afb-106b-4b92-a3ee-9f9e5fd0be28", "number_of_students": 0, "assigned_teachers": ["e60cc8fd-88fb-4472-a83c-f09bb9323c97"], "preferred_rooms": []}}, {"model": "base.classsubjectsubject", "pk": "5d46d459-eafd-4d8a-94ef-e9680b57399e", "fields": {"school": "bcacb03c-3116-4219-bccb-416d1d71aec0", "class_subject": "e07854d3-1461-4441-992c-081c389873ec", "subject": "1b7854ff-cede-4359-a82e-cabbac40e958", "number_of_students": 0, "assigned_teachers": ["b1bd25a6-515c-4eea-8b99-85b07311890f"], "preferred_rooms": ["871d92d2-422f-46af-8ace-7a4b7fbe6923"]}}, {"model": "base.classsubjectsubject", "pk": "5ec998d6-3f27-486a-9dd9-5901ffcc4e2a", "fields": {"school": "bcacb03c-3116-4219-bccb-416d1d71aec0", "class_subject": "ad7c07dd-3bf0-4076-ae28-cfa60e91efc3", "subject": "1b7854ff-cede-4359-a82e-cabbac40e958", "number_of_students": 0, "assigned_teachers": ["b1bd25a6-515c-4eea-8b99-85b07311890f"], "preferred_rooms": ["871d92d2-422f-46af-8ace-7a4b7fbe6923"]}}, {"model": "base.classsubjectsubject", "pk": "6db0e1ec-081c-4e2f-ad8f-b1e8e8b5a886", "fields": {"school": "bcacb03c-3116-4219-bccb-416d1d71aec0", "class_subject": "a10358e6-e5be-41e3-8732-038ae8dbcc44", "subject": "1b7854ff-cede-4359-a82e-cabbac40e958", "number_of_students": 0, "assigned_teachers": ["b1bd25a6-515c-4eea-8b99-85b07311890f"], "preferred_rooms": ["871d92d2-422f-46af-8ace-7a4b7fbe6923"]}}, {"model": "base.classsubjectsubject", "pk": "6f31e685-c6af-42f3-8ae7-2e44ea0d7587", "fields": {"school": "bcacb03c-3116-4219-bccb-416d1d71aec0", "class_subject": "b6988f2a-9a4c-41f3-bf3b-1c8c0a1d7129", "subject": "1b7854ff-cede-4359-a82e-cabbac40e958", "number_of_students": 0, "assigned_teachers": ["b1bd25a6-515c-4eea-8b99-85b07311890f"], "preferred_rooms": ["871d92d2-422f-46af-8ace-7a4b7fbe6923"]}}, {"model": "base.classsubjectsubject", "pk": "71f147ba-c18d-4713-b70a-b6c2123a119e", "fields": {"school": "bcacb03c-3116-4219-bccb-416d1d71aec0", "class_subject": "01dc602d-acbd-42e7-a5dc-598678caf755", "subject": "6254a05e-87c7-4c95-9546-9c0e61a41462", "number_of_students": 20, "assigned_teachers": ["5a2f73be-7f52-4200-a901-45ed129e70c4"], "preferred_rooms": []}}, {"model": "base.classsubjectsubject", "pk": "7b111e65-87fd-4a01-88bf-1b72cf293062", "fields": {"school": "bcacb03c-3116-4219-bccb-416d1d71aec0", "class_subject": "90516e76-f353-4f28-8bdd-2e6f01bcb9d2", "subject": "7a0f6b33-888b-48b9-a30d-f48f3417744d", "number_of_students": 0, "assigned_teachers": ["ba4d4e02-e15d-4eb3-99c5-22ffe35c7fdd"], "preferred_rooms": []}}, {"model": "base.classsubjectsubject", "pk": "7b8931af-aab4-48ff-a9f8-feb559aeaadc", "fields": {"school": "bcacb03c-3116-4219-bccb-416d1d71aec0", "class_subject": "afb37bf4-64a9-41de-b927-8cab85d75943", "subject": "6254a05e-87c7-4c95-9546-9c0e61a41462", "number_of_students": 20, "assigned_teachers": ["5a2f73be-7f52-4200-a901-45ed129e70c4"], "preferred_rooms": []}}, {"model": "base.classsubjectsubject", "pk": "810bd5ee-b357-45b9-828e-623c7b0438e6", "fields": {"school": "bcacb03c-3116-4219-bccb-416d1d71aec0", "class_subject": "e6ebca63-86f9-41a9-b5d4-914e9c7fa758", "subject": "7a0f6b33-888b-48b9-a30d-f48f3417744d", "number_of_students": 0, "assigned_teachers": ["ba4d4e02-e15d-4eb3-99c5-22ffe35c7fdd"], "preferred_rooms": []}}, {"model": "base.classsubjectsubject", "pk": "905a9a04-871b-4a2a-91c0-80a9fd9da4ee", "fields": {"school": "bcacb03c-3116-4219-bccb-416d1d71aec0", "class_subject": "d1488001-8ba4-4a9f-a1e4-d800d7329449", "subject": "09f0967f-b671-44aa-9a19-2075eb65a8e0", "number_of_students": 0, "assigned_teachers": ["9eb9e3a8-3d04-4d60-8fd2-d7d5a86431f7"], "preferred_rooms": []}}, {"model": "base.classsubjectsubject", "pk": "95ba80b6-e849-4a2a-9844-1d1b382b725c", "fields": {"school": "bcacb03c-3116-4219-bccb-416d1d71aec0", "class_subject": "83cd68ff-ba28-436e-ad35-4d267e38c8d6", "subject": "a7019afb-106b-4b92-a3ee-9f9e5fd0be28", "number_of_students": 0, "assigned_teachers": ["5b5a6871-ba59-4c01-8c26-8cb49f4694a0"], "preferred_rooms": []}}, {"model": "base.classsubjectsubject", "pk": "a3214547-e04a-4642-9d47-45f026199834", "fields": {"school": "bcacb03c-3116-4219-bccb-416d1d71aec0", "class_subject": "be7546fc-7783-4cb6-ae38-e865c8c109bf", "subject": "695e70fd-13d6-43c8-8979-018f7e54a73f", "number_of_students": 20, "assigned_teachers": ["73eb8dae-312a-49e5-bd60-3d506845b313"], "preferred_rooms": []}}, {"model": "base.classsubjectsubject", "pk": "a3912ace-45f0-4af0-913a-b153c257393b", "fields": {"school": "bcacb03c-3116-4219-bccb-416d1d71aec0", "class_subject": "51a0523a-0517-45e1-b994-d846b84dcfaf", "subject": "5f7f74b3-ce92-4ac6-9afc-5400239800b6", "number_of_students": 0, "assigned_teachers": ["388db85a-4214-429a-b5ee-1e7b3f8af088"], "preferred_rooms": []}}, {"model": "base.classsubjectsubject", "pk": "a7cc29e2-e819-4e84-8569-5021c15926d9", "fields": {"school": "bcacb03c-3116-4219-bccb-416d1d71aec0", "class_subject": "ac758101-2aab-4b84-b4cf-4bb1b755f641", "subject": "7a0f6b33-888b-48b9-a30d-f48f3417744d", "number_of_students": 0, "assigned_teachers": ["ba4d4e02-e15d-4eb3-99c5-22ffe35c7fdd"], "preferred_rooms": []}}, {"model": "base.classsubjectsubject", "pk": "ace29b6f-effe-4d28-82e9-e8d1fe73614f", "fields": {"school": "bcacb03c-3116-4219-bccb-416d1d71aec0", "class_subject": "e7d2ea0b-8110-4733-b635-ec19b407b235", "subject": "f7ae939c-52a9-45e8-b8e4-01522d300afd", "number_of_students": 0, "assigned_teachers": ["b05663ca-6697-4206-ba20-54636172dc36"], "preferred_rooms": []}}, {"model": "base.classsubjectsubject", "pk": "ad355e6f-7069-4c8f-bf7b-248b98d70e5b", "fields": {"school": "bcacb03c-3116-4219-bccb-416d1d71aec0", "class_subject": "ebd33774-6548-42c1-8e6d-059bcc0b23c2", "subject": "5f7f74b3-ce92-4ac6-9afc-5400239800b6", "number_of_students": 0, "assigned_teachers": ["388db85a-4214-429a-b5ee-1e7b3f8af088"], "preferred_rooms": []}}, {"model": "base.classsubjectsubject", "pk": "b3295ebf-a15a-4e91-bc4a-3d3782dc603b", "fields": {"school": "bcacb03c-3116-4219-bccb-416d1d71aec0", "class_subject": "f822dc23-d7fe-432e-bb9f-93e170c63c81", "subject": "f7ae939c-52a9-45e8-b8e4-01522d300afd", "number_of_students": 0, "assigned_teachers": ["1e4f9060-e755-471f-ae1a-7e52fe315180"], "preferred_rooms": []}}, {"model": "base.classsubjectsubject", "pk": "b5539088-859e-4bea-bb7e-cc75fbd9e21b", "fields": {"school": "bcacb03c-3116-4219-bccb-416d1d71aec0", "class_subject": "bfd0e4ef-559a-41b2-80fc-7001264b9d07", "subject": "a7019afb-106b-4b92-a3ee-9f9e5fd0be28", "number_of_students": 0, "assigned_teachers": ["5b5a6871-ba59-4c01-8c26-8cb49f4694a0"], "preferred_rooms": []}}, {"model": "base.classsubjectsubject", "pk": "bb35aece-aa1a-4ac8-9cdc-90cedc097ff5", "fields": {"school": "bcacb03c-3116-4219-bccb-416d1d71aec0", "class_subject": "5089e22b-24c1-4d12-ad3c-3eb18a8074ff", "subject": "5f7f74b3-ce92-4ac6-9afc-5400239800b6", "number_of_students": 0, "assigned_teachers": ["388db85a-4214-429a-b5ee-1e7b3f8af088"], "preferred_rooms": []}}, {"model": "base.classsubjectsubject", "pk": "bbabc4ff-8c6b-41ff-b213-244bc74a7940", "fields": {"school": "bcacb03c-3116-4219-bccb-416d1d71aec0", "class_subject": "ccc2a129-cb8e-428a-8a31-e3a1e73b920e", "subject": "09f0967f-b671-44aa-9a19-2075eb65a8e0", "number_of_students": 0, "assigned_teachers": ["aa56aa4a-db7b-45cc-a5c0-963526e62c4f"], "preferred_rooms": []}}, {"model": "base.classsubjectsubject", "pk": "be785e75-cb9c-4d79-b8b9-2f30e916ebe9", "fields": {"school": "bcacb03c-3116-4219-bccb-416d1d71aec0", "class_subject": "c070f730-8919-4d37-b56a-84042be9cb60", "subject": "09f0967f-b671-44aa-9a19-2075eb65a8e0", "number_of_students": 0, "assigned_teachers": ["9eb9e3a8-3d04-4d60-8fd2-d7d5a86431f7"], "preferred_rooms": []}}, {"model": "base.classsubjectsubject", "pk": "c21eef98-7297-43ef-8b96-b7d814c21e8e", "fields": {"school": "bcacb03c-3116-4219-bccb-416d1d71aec0", "class_subject": "6798986d-a08c-4ffa-a200-c86fe869ffad", "subject": "695e70fd-13d6-43c8-8979-018f7e54a73f", "number_of_students": 20, "assigned_teachers": ["73eb8dae-312a-49e5-bd60-3d506845b313"], "preferred_rooms": []}}, {"model": "base.classsubjectsubject", "pk": "c4e8c5a6-6f2c-4c24-afae-6fed84b88f08", "fields": {"school": "bcacb03c-3116-4219-bccb-416d1d71aec0", "class_subject": "7064007a-1da2-478d-8eec-6e6e8ac4f0a7", "subject": "7a0f6b33-888b-48b9-a30d-f48f3417744d", "number_of_students": 0, "assigned_teachers": ["ba4d4e02-e15d-4eb3-99c5-22ffe35c7fdd"], "preferred_rooms": []}}, {"model": "base.classsubjectsubject", "pk": "c571227f-8620-42fc-90e7-41e4546b7930", "fields": {"school": "bcacb03c-3116-4219-bccb-416d1d71aec0", "class_subject": "40bd5d8f-6c87-43d4-8f84-35a9fda22b5c", "subject": "6254a05e-87c7-4c95-9546-9c0e61a41462", "number_of_students": 20, "assigned_teachers": ["5a2f73be-7f52-4200-a901-45ed129e70c4"], "preferred_rooms": []}}, {"model": "base.classsubjectsubject", "pk": "c67860b2-cda7-4ba0-a194-825f2ccaa03d", "fields": {"school": "bcacb03c-3116-4219-bccb-416d1d71aec0", "class_subject": "40bd5d8f-6c87-43d4-8f84-35a9fda22b5c", "subject": "695e70fd-13d6-43c8-8979-018f7e54a73f", "number_of_students": 20, "assigned_teachers": ["73eb8dae-312a-49e5-bd60-3d506845b313"], "preferred_rooms": []}}, {"model": "base.classsubjectsubject", "pk": "d13ddb91-3887-4775-af77-bb20946060f4", "fields": {"school": "bcacb03c-3116-4219-bccb-416d1d71aec0", "class_subject": "f1a83822-f648-4f61-a933-36dc74875253", "subject": "695e70fd-13d6-43c8-8979-018f7e54a73f", "number_of_students": 20, "assigned_teachers": ["73eb8dae-312a-49e5-bd60-3d506845b313"], "preferred_rooms": []}}, {"model": "base.classsubjectsubject", "pk": "e3ec2031-d926-4e9e-b6ad-6c4eec1b8e18", "fields": {"school": "bcacb03c-3116-4219-bccb-416d1d71aec0", "class_subject": "f1a83822-f648-4f61-a933-36dc74875253", "subject": "6254a05e-87c7-4c95-9546-9c0e61a41462", "number_of_students": 20, "assigned_teachers": ["5a2f73be-7f52-4200-a901-45ed129e70c4"], "preferred_rooms": []}}, {"model": "base.classsubjectsubject", "pk": "eb122d6d-376d-4a47-b6d1-18d9c6292bf0", "fields": {"school": "bcacb03c-3116-4219-bccb-416d1d71aec0", "class_subject": "94e1ea18-5851-4403-b21c-8b940076e51a", "subject": "7a0f6b33-888b-48b9-a30d-f48f3417744d", "number_of_students": 0, "assigned_teachers": ["ba4d4e02-e15d-4eb3-99c5-22ffe35c7fdd"], "preferred_rooms": []}}, {"model": "base.classsubjectsubject", "pk": "f2a57b6c-8976-42dd-b497-b881420cf449", "fields": {"school": "bcacb03c-3116-4219-bccb-416d1d71aec0", "class_subject": "fef6677d-ee2f-4140-a9e9-482f58eb7d2d", "subject": "1b7854ff-cede-4359-a82e-cabbac40e958", "number_of_students": 0, "assigned_teachers": ["b1bd25a6-515c-4eea-8b99-85b07311890f"], "preferred_rooms": ["871d92d2-422f-46af-8ace-7a4b7fbe6923"]}}, {"model": "base.classsubjectsubject", "pk": "f49410eb-c4fc-485c-a9e7-316c3cbf49cc", "fields": {"school": "bcacb03c-3116-4219-bccb-416d1d71aec0", "class_subject": "7220c0c9-9932-48a7-81e5-6bf8343314bb", "subject": "09f0967f-b671-44aa-9a19-2075eb65a8e0", "number_of_students": 0, "assigned_teachers": ["9eb9e3a8-3d04-4d60-8fd2-d7d5a86431f7"], "preferred_rooms": []}}, {"model": "base.classsubjectsubject", "pk": "f861b727-62e1-4203-85b7-06a7b9354e40", "fields": {"school": "bcacb03c-3116-4219-bccb-416d1d71aec0", "class_subject": "3ee0b051-11b7-45a9-aa6f-5a30f9bb9d2f", "subject": "a7019afb-106b-4b92-a3ee-9f9e5fd0be28", "number_of_students": 0, "assigned_teachers": ["e60cc8fd-88fb-4472-a83c-f09bb9323c97"], "preferred_rooms": []}}, {"model": "base.timetable", "pk": "94e62c4d-04b1-4191-8526-a21c30a8bc74", "fields": {"name": "Timetable_None_3", "school": "bcacb03c-3116-4219-bccb-416d1d71aec0", "score": 0, "hard_score": -3, "soft_score": -16100, "optimal": false, "feasible": false, "number_of_lessons": 4, "created": "2024-10-05T06:25:31.948Z", "updated": "2024-10-05T06:25:31.948Z", "is_default": false}}, {"model": "base.timetable", "pk": "d64a5f5f-563a-4330-b058-562085b2e663", "fields": {"name": "perfect one", "school": "bcacb03c-3116-4219-bccb-416d1d71aec0", "score": 0, "hard_score": 0, "soft_score": -5100, "optimal": false, "feasible": false, "number_of_lessons": 4, "created": "2024-10-03T23:33:45.339Z", "updated": "2024-10-03T23:34:28.443Z", "is_default": true}}, {"model": "base.timetable", "pk": "ffa6ddca-8a45-4ff7-96c0-f1524a3d8634", "fields": {"name": "Timetable_None_1", "school": "bcacb03c-3116-4219-bccb-416d1d71aec0", "score": 0, "hard_score": -4, "soft_score": -8475, "optimal": false, "feasible": false, "number_of_lessons": 4, "created": "2024-10-03T23:25:50.002Z", "updated": "2024-10-03T23:25:50.007Z", "is_default": false}}, {"model": "base.standardlevel", "pk": "1d41ad82-7f26-4dcc-a6d5-6811519118d1", "fields": {"standard": "efb58554-a0f9-44ae-9b12-d47f731a0e0d", "name": "2", "timetable": "94e62c4d-04b1-4191-8526-a21c30a8bc74", "school": "bcacb03c-3116-4219-bccb-416d1d71aec0"}}, {"model": "base.standardlevel", "pk": "4cc7fed5-f05f-444c-b407-437f88f33da3", "fields": {"standard": "7ce89a31-7d17-43e4-9f1c-213e6d5d5a67", "name": "3", "timetable": "ffa6ddca-8a45-4ff7-96c0-f1524a3d8634", "school": "bcacb03c-3116-4219-bccb-416d1d71aec0"}}, {"model": "base.standardlevel", "pk": "58e148c8-a6fd-4225-b937-1f836f2c7ce2", "fields": {"standard": "19158a31-8d5f-4062-ab8f-92ad0d6c5b40", "name": "1", "timetable": "94e62c4d-04b1-4191-8526-a21c30a8bc74", "school": "bcacb03c-3116-4219-bccb-416d1d71aec0"}}, {"model": "base.standardlevel", "pk": "7028df7a-3fab-40a6-932e-47a1a3bbdca9", "fields": {"standard": "efb58554-a0f9-44ae-9b12-d47f731a0e0d", "name": "2", "timetable": "ffa6ddca-8a45-4ff7-96c0-f1524a3d8634", "school": "bcacb03c-3116-4219-bccb-416d1d71aec0"}}, {"model": "base.standardlevel", "pk": "7e7952d2-2461-40fb-bb9f-2de6125a4d2f", "fields": {"standard": "7ce89a31-7d17-43e4-9f1c-213e6d5d5a67", "name": "3", "timetable": "d64a5f5f-563a-4330-b058-562085b2e663", "school": "bcacb03c-3116-4219-bccb-416d1d71aec0"}}, {"model": "base.standardlevel", "pk": "95634a1d-d82f-4828-a12c-4a0f9ac85d8f", "fields": {"standard": "efb58554-a0f9-44ae-9b12-d47f731a0e0d", "name": "2", "timetable": "d64a5f5f-563a-4330-b058-562085b2e663", "school": "bcacb03c-3116-4219-bccb-416d1d71aec0"}}, {"model": "base.standardlevel", "pk": "a81f63d5-65c0-46cf-b6d6-9eaf82b794fc", "fields": {"standard": "f742d9d9-81a2-45e1-b4b7-df1fcbf352b4", "name": "4", "timetable": "94e62c4d-04b1-4191-8526-a21c30a8bc74", "school": "bcacb03c-3116-4219-bccb-416d1d71aec0"}}, {"model": "base.standardlevel", "pk": "d247226d-183e-4f3b-a5f2-1281d2cd8b74", "fields": {"standard": "7ce89a31-7d17-43e4-9f1c-213e6d5d5a67", "name": "3", "timetable": "94e62c4d-04b1-4191-8526-a21c30a8bc74", "school": "bcacb03c-3116-4219-bccb-416d1d71aec0"}}, {"model": "base.standardlevel", "pk": "da54630b-cebc-4480-8cdd-998f34638c1d", "fields": {"standard": "f742d9d9-81a2-45e1-b4b7-df1fcbf352b4", "name": "4", "timetable": "ffa6ddca-8a45-4ff7-96c0-f1524a3d8634", "school": "bcacb03c-3116-4219-bccb-416d1d71aec0"}}, {"model": "base.standardlevel", "pk": "dca8f949-e821-485d-b603-6cf846e52faf", "fields": {"standard": "19158a31-8d5f-4062-ab8f-92ad0d6c5b40", "name": "1", "timetable": "d64a5f5f-563a-4330-b058-562085b2e663", "school": "bcacb03c-3116-4219-bccb-416d1d71aec0"}}, {"model": "base.standardlevel", "pk": "f0ed3b00-6543-4172-822f-087b8df12d5b", "fields": {"standard": "19158a31-8d5f-4062-ab8f-92ad0d6c5b40", "name": "1", "timetable": "ffa6ddca-8a45-4ff7-96c0-f1524a3d8634", "school": "bcacb03c-3116-4219-bccb-416d1d71aec0"}}, {"model": "base.standardlevel", "pk": "ff2dd74c-db61-4382-a36c-e3cc935aa503", "fields": {"standard": "f742d9d9-81a2-45e1-b4b7-df1fcbf352b4", "name": "4", "timetable": "d64a5f5f-563a-4330-b058-562085b2e663", "school": "bcacb03c-3116-4219-bccb-416d1d71aec0"}}, {"model": "base.classsection", "pk": "0d59a4e4-0c21-4d67-8b1a-b30787cce9bd", "fields": {"classroom": "b195ec02-9386-4a7f-b1ad-e4ac9b6be24b", "standard": "7028df7a-3fab-40a6-932e-47a1a3bbdca9", "division": "A", "name": "Division A", "timetable": "ffa6ddca-8a45-4ff7-96c0-f1524a3d8634", "school": "bcacb03c-3116-4219-bccb-416d1d71aec0"}}, {"model": "base.classsection", "pk": "1329d573-41c3-4c14-b686-3fb3e879a30e", "fields": {"classroom": "aa8937f3-7ed5-4c3d-b3bb-ef8ad693a6fe", "standard": "7e7952d2-2461-40fb-bb9f-2de6125a4d2f", "division": "A", "name": "Division A", "timetable": "d64a5f5f-563a-4330-b058-562085b2e663", "school": "bcacb03c-3116-4219-bccb-416d1d71aec0"}}, {"model": "base.classsection", "pk": "1bd45715-0aad-461f-aa96-6c5f46c11478", "fields": {"classroom": "ee7b7eaf-21f0-45c0-9c79-2e0b37a020e7", "standard": "f0ed3b00-6543-4172-822f-087b8df12d5b", "division": "B", "name": "Division B", "timetable": "ffa6ddca-8a45-4ff7-96c0-f1524a3d8634", "school": "bcacb03c-3116-4219-bccb-416d1d71aec0"}}, {"model": "base.classsection", "pk": "279bf914-fcbe-4277-8143-7b4062a75cda", "fields": {"classroom": "04318e0a-3746-4d9d-82ba-243e0c86efeb", "standard": "ff2dd74c-db61-4382-a36c-e3cc935aa503", "division": "A", "name": "Division A", "timetable": "d64a5f5f-563a-4330-b058-562085b2e663", "school": "bcacb03c-3116-4219-bccb-416d1d71aec0"}}, {"model": "base.classsection", "pk": "27f95d57-91d1-4041-890f-7bbf0c12f3bf", "fields": {"classroom": "05373866-d7e7-4d50-8312-a984da339f2c", "standard": "da54630b-cebc-4480-8cdd-998f34638c1d", "division": "B", "name": "Division B", "timetable": "ffa6ddca-8a45-4ff7-96c0-f1524a3d8634", "school": "bcacb03c-3116-4219-bccb-416d1d71aec0"}}, {"model": "base.classsection", "pk": "316a7819-4cb8-42c0-97b3-b39a75ee6d8d", "fields": {"classroom": "05373866-d7e7-4d50-8312-a984da339f2c", "standard": "a81f63d5-65c0-46cf-b6d6-9eaf82b794fc", "division": "B", "name": "Division B", "timetable": "94e62c4d-04b1-4191-8526-a21c30a8bc74", "school": "bcacb03c-3116-4219-bccb-416d1d71aec0"}}, {"model": "base.classsection", "pk": "39e23ca8-3cdd-4758-b373-de430eb6aab4", "fields": {"classroom": "05373866-d7e7-4d50-8312-a984da339f2c", "standard": "ff2dd74c-db61-4382-a36c-e3cc935aa503", "division": "B", "name": "Division B", "timetable": "d64a5f5f-563a-4330-b058-562085b2e663", "school": "bcacb03c-3116-4219-bccb-416d1d71aec0"}}, {"model": "base.classsection", "pk": "3d3c797b-68f1-4205-91ce-9c79c1bb1cdb", "fields": {"classroom": "aa8937f3-7ed5-4c3d-b3bb-ef8ad693a6fe", "standard": "4cc7fed5-f05f-444c-b407-437f88f33da3", "division": "A", "name": "Division A", "timetable": "ffa6ddca-8a45-4ff7-96c0-f1524a3d8634", "school": "bcacb03c-3116-4219-bccb-416d1d71aec0"}}, {"model": "base.classsection", "pk": "4d517a7b-ca81-41bd-9f34-2fa3f6dc5286", "fields": {"classroom": "04318e0a-3746-4d9d-82ba-243e0c86efeb", "standard": "da54630b-cebc-4480-8cdd-998f34638c1d", "division": "A", "name": "Division A", "timetable": "ffa6ddca-8a45-4ff7-96c0-f1524a3d8634", "school": "bcacb03c-3116-4219-bccb-416d1d71aec0"}}, {"model": "base.classsection", "pk": "60451312-d6f6-4f88-a589-c58311964d50", "fields": {"classroom": "35100810-bcb1-4921-bf05-26ab59a0d3cc", "standard": "58e148c8-a6fd-4225-b937-1f836f2c7ce2", "division": "A", "name": "Division A", "timetable": "94e62c4d-04b1-4191-8526-a21c30a8bc74", "school": "bcacb03c-3116-4219-bccb-416d1d71aec0"}}, {"model": "base.classsection", "pk": "6e44ca0b-afd9-4999-843a-6dc8a607dbe4", "fields": {"classroom": "35100810-bcb1-4921-bf05-26ab59a0d3cc", "standard": "f0ed3b00-6543-4172-822f-087b8df12d5b", "division": "A", "name": "Division A", "timetable": "ffa6ddca-8a45-4ff7-96c0-f1524a3d8634", "school": "bcacb03c-3116-4219-bccb-416d1d71aec0"}}, {"model": "base.classsection", "pk": "951103fd-27ad-4bff-a726-4aa6980d9f97", "fields": {"classroom": "ee7b7eaf-21f0-45c0-9c79-2e0b37a020e7", "standard": "dca8f949-e821-485d-b603-6cf846e52faf", "division": "B", "name": "Division B", "timetable": "d64a5f5f-563a-4330-b058-562085b2e663", "school": "bcacb03c-3116-4219-bccb-416d1d71aec0"}}, {"model": "base.classsection", "pk": "9e4099c9-f92d-4291-ada0-eec9ff22bc59", "fields": {"classroom": "ee7b7eaf-21f0-45c0-9c79-2e0b37a020e7", "standard": "58e148c8-a6fd-4225-b937-1f836f2c7ce2", "division": "B", "name": "Division B", "timetable": "94e62c4d-04b1-4191-8526-a21c30a8bc74", "school": "bcacb03c-3116-4219-bccb-416d1d71aec0"}}, {"model": "base.classsection", "pk": "a8cb1e99-0174-4c68-b09c-ca2992896474", "fields": {"classroom": "aa8937f3-7ed5-4c3d-b3bb-ef8ad693a6fe", "standard": "d247226d-183e-4f3b-a5f2-1281d2cd8b74", "division": "A", "name": "Division A", "timetable": "94e62c4d-04b1-4191-8526-a21c30a8bc74", "school": "bcacb03c-3116-4219-bccb-416d1d71aec0"}}, {"model": "base.classsection", "pk": "a985eb88-35e0-489b-a778-6d7badc9c7ff", "fields": {"classroom": "04318e0a-3746-4d9d-82ba-243e0c86efeb", "standard": "a81f63d5-65c0-46cf-b6d6-9eaf82b794fc", "division": "A", "name": "Division A", "timetable": "94e62c4d-04b1-4191-8526-a21c30a8bc74", "school": "bcacb03c-3116-4219-bccb-416d1d71aec0"}}, {"model": "base.classsection", "pk": "b70423de-75bc-4b3b-a247-6c700a27f7aa", "fields": {"classroom": "b195ec02-9386-4a7f-b1ad-e4ac9b6be24b", "standard": "1d41ad82-7f26-4dcc-a6d5-6811519118d1", "division": "A", "name": "Division A", "timetable": "94e62c4d-04b1-4191-8526-a21c30a8bc74", "school": "bcacb03c-3116-4219-bccb-416d1d71aec0"}}, {"model": "base.classsection", "pk": "e419735a-8890-496a-bacf-c8fa2db642fd", "fields": {"classroom": "35100810-bcb1-4921-bf05-26ab59a0d3cc", "standard": "dca8f949-e821-485d-b603-6cf846e52faf", "division": "A", "name": "Division A", "timetable": "d64a5f5f-563a-4330-b058-562085b2e663", "school": "bcacb03c-3116-4219-bccb-416d1d71aec0"}}, {"model": "base.classsection", "pk": "ff25dbb8-5a42-4e7a-9b6d-d68a75b7c9f6", "fields": {"classroom": "b195ec02-9386-4a7f-b1ad-e4ac9b6be24b", "standard": "95634a1d-d82f-4828-a12c-4a0f9ac85d8f", "division": "A", "name": "Division A", "timetable": "d64a5f5f-563a-4330-b058-562085b2e663", "school": "bcacb03c-3116-4219-bccb-416d1d71aec0"}}, {"model": "base.course", "pk": "10367142-00b5-4df3-8a90-b1affaa30395", "fields": {"subject": "f7ae939c-52a9-45e8-b8e4-01522d300afd", "name": "Science", "timetable": "d64a5f5f-563a-4330-b058-562085b2e663", "school": "bcacb03c-3116-4219-bccb-416d1d71aec0"}}, {"model": "base.course", "pk": "12ab32e3-5f87-45c2-8643-f4bc8d673304", "fields": {"subject": "6254a05e-87c7-4c95-9546-9c0e61a41462", "name": "Germen", "timetable": "ffa6ddca-8a45-4ff7-96c0-f1524a3d8634", "school": "bcacb03c-3116-4219-bccb-416d1d71aec0"}}, {"model": "base.course", "pk": "141404f1-3459-4c61-a55c-596f9fe7419d", "fields": {"subject": "1b7854ff-cede-4359-a82e-cabbac40e958", "name": "Information Technology", "timetable": "d64a5f5f-563a-4330-b058-562085b2e663", "school": "bcacb03c-3116-4219-bccb-416d1d71aec0"}}, {"model": "base.course", "pk": "193e485a-b8c1-4058-a53a-2ebf7262c3c0", "fields": {"subject": "7a0f6b33-888b-48b9-a30d-f48f3417744d", "name": "Arabic", "timetable": "94e62c4d-04b1-4191-8526-a21c30a8bc74", "school": "bcacb03c-3116-4219-bccb-416d1d71aec0"}}, {"model": "base.course", "pk": "1b20e651-7c56-4cb9-ad87-c752e8807b55", "fields": {"subject": "695e70fd-13d6-43c8-8979-018f7e54a73f", "name": "French", "timetable": "d64a5f5f-563a-4330-b058-562085b2e663", "school": "bcacb03c-3116-4219-bccb-416d1d71aec0"}}, {"model": "base.course", "pk": "2b73e002-b905-4ec8-9e08-28316e1c99e7", "fields": {"subject": "f7ae939c-52a9-45e8-b8e4-01522d300afd", "name": "Science", "timetable": "94e62c4d-04b1-4191-8526-a21c30a8bc74", "school": "bcacb03c-3116-4219-bccb-416d1d71aec0"}}, {"model": "base.course", "pk": "2e282bda-e91b-403c-9a21-a5e41301881d", "fields": {"subject": "695e70fd-13d6-43c8-8979-018f7e54a73f", "name": "French", "timetable": "ffa6ddca-8a45-4ff7-96c0-f1524a3d8634", "school": "bcacb03c-3116-4219-bccb-416d1d71aec0"}}, {"model": "base.course", "pk": "38e594ab-a4c5-4bcd-a224-c58c9f7c7339", "fields": {"subject": "a7019afb-106b-4b92-a3ee-9f9e5fd0be28", "name": "Social Studies", "timetable": "ffa6ddca-8a45-4ff7-96c0-f1524a3d8634", "school": "bcacb03c-3116-4219-bccb-416d1d71aec0"}}, {"model": "base.course", "pk": "48875e8f-5e6e-4456-b094-274236e0d8dc", "fields": {"subject": "6254a05e-87c7-4c95-9546-9c0e61a41462", "name": "Germen", "timetable": "94e62c4d-04b1-4191-8526-a21c30a8bc74", "school": "bcacb03c-3116-4219-bccb-416d1d71aec0"}}, {"model": "base.course", "pk": "5b80d858-3f33-4057-bde6-ada4f8d90974", "fields": {"subject": "09f0967f-b671-44aa-9a19-2075eb65a8e0", "name": "Mathamatics", "timetable": "d64a5f5f-563a-4330-b058-562085b2e663", "school": "bcacb03c-3116-4219-bccb-416d1d71aec0"}}, {"model": "base.course", "pk": "73c678eb-03fc-41d6-bd3b-472b1fc2d1a0", "fields": {"subject": "1b7854ff-cede-4359-a82e-cabbac40e958", "name": "Information Technology", "timetable": "ffa6ddca-8a45-4ff7-96c0-f1524a3d8634", "school": "bcacb03c-3116-4219-bccb-416d1d71aec0"}}, {"model": "base.course", "pk": "79989055-058d-4d23-a1ca-7c4a1263b934", "fields": {"subject": "09f0967f-b671-44aa-9a19-2075eb65a8e0", "name": "Mathamatics", "timetable": "ffa6ddca-8a45-4ff7-96c0-f1524a3d8634", "school": "bcacb03c-3116-4219-bccb-416d1d71aec0"}}, {"model": "base.course", "pk": "7ccafef2-904c-4e6e-8c49-503cc011a9ed", "fields": {"subject": "5f7f74b3-ce92-4ac6-9afc-5400239800b6", "name": "Physical Education", "timetable": "94e62c4d-04b1-4191-8526-a21c30a8bc74", "school": "bcacb03c-3116-4219-bccb-416d1d71aec0"}}, {"model": "base.course", "pk": "7f742d5a-8d17-4081-85ea-bf067110b01e", "fields": {"subject": "7a0f6b33-888b-48b9-a30d-f48f3417744d", "name": "Arabic", "timetable": "ffa6ddca-8a45-4ff7-96c0-f1524a3d8634", "school": "bcacb03c-3116-4219-bccb-416d1d71aec0"}}, {"model": "base.course", "pk": "8ef24942-a465-4dac-8281-c240c2746277", "fields": {"subject": "5f7f74b3-ce92-4ac6-9afc-5400239800b6", "name": "Physical Education", "timetable": "d64a5f5f-563a-4330-b058-562085b2e663", "school": "bcacb03c-3116-4219-bccb-416d1d71aec0"}}, {"model": "base.course", "pk": "8f1bcd43-45a4-4ccb-bfa9-31e9bb15fb90", "fields": {"subject": "a7019afb-106b-4b92-a3ee-9f9e5fd0be28", "name": "Social Studies", "timetable": "94e62c4d-04b1-4191-8526-a21c30a8bc74", "school": "bcacb03c-3116-4219-bccb-416d1d71aec0"}}, {"model": "base.course", "pk": "8f6547a3-437a-4a3b-ace9-0eb0061decd3", "fields": {"subject": "695e70fd-13d6-43c8-8979-018f7e54a73f", "name": "French", "timetable": "94e62c4d-04b1-4191-8526-a21c30a8bc74", "school": "bcacb03c-3116-4219-bccb-416d1d71aec0"}}, {"model": "base.course", "pk": "c2a215e9-0e65-4b27-a73e-9ea954cdfff8", "fields": {"subject": "f7ae939c-52a9-45e8-b8e4-01522d300afd", "name": "Science", "timetable": "ffa6ddca-8a45-4ff7-96c0-f1524a3d8634", "school": "bcacb03c-3116-4219-bccb-416d1d71aec0"}}, {"model": "base.course", "pk": "cb90a8b6-d6e5-4d2c-a927-92b9673bf39f", "fields": {"subject": "7a0f6b33-888b-48b9-a30d-f48f3417744d", "name": "Arabic", "timetable": "d64a5f5f-563a-4330-b058-562085b2e663", "school": "bcacb03c-3116-4219-bccb-416d1d71aec0"}}, {"model": "base.course", "pk": "cda909c4-8c13-449a-9d77-a36ce73d21bc", "fields": {"subject": "5f7f74b3-ce92-4ac6-9afc-5400239800b6", "name": "Physical Education", "timetable": "ffa6ddca-8a45-4ff7-96c0-f1524a3d8634", "school": "bcacb03c-3116-4219-bccb-416d1d71aec0"}}, {"model": "base.course", "pk": "d04761db-cfa5-4b98-b4d2-2c6162d9ce61", "fields": {"subject": "a7019afb-106b-4b92-a3ee-9f9e5fd0be28", "name": "Social Studies", "timetable": "d64a5f5f-563a-4330-b058-562085b2e663", "school": "bcacb03c-3116-4219-bccb-416d1d71aec0"}}, {"model": "base.course", "pk": "d4641dcb-a785-43e2-bf76-25843d59e307", "fields": {"subject": "6254a05e-87c7-4c95-9546-9c0e61a41462", "name": "Germen", "timetable": "d64a5f5f-563a-4330-b058-562085b2e663", "school": "bcacb03c-3116-4219-bccb-416d1d71aec0"}}, {"model": "base.course", "pk": "d8864c8d-016e-4671-ab65-56cffd11bf71", "fields": {"subject": "09f0967f-b671-44aa-9a19-2075eb65a8e0", "name": "Mathamatics", "timetable": "94e62c4d-04b1-4191-8526-a21c30a8bc74", "school": "bcacb03c-3116-4219-bccb-416d1d71aec0"}}, {"model": "base.course", "pk": "e88cd0d4-4da6-48fd-b08f-a9f9b1aa9933", "fields": {"subject": "1b7854ff-cede-4359-a82e-cabbac40e958", "name": "Information Technology", "timetable": "94e62c4d-04b1-4191-8526-a21c30a8bc74", "school": "bcacb03c-3116-4219-bccb-416d1d71aec0"}}, {"model": "base.tutor", "pk": "033afd22-8117-4096-871e-945d12ca6d97", "fields": {"teacher": "5b5a6871-ba59-4c01-8c26-8cb49f4694a0", "name": "Rooby", "timetable": "94e62c4d-04b1-4191-8526-a21c30a8bc74", "school": "bcacb03c-3116-4219-bccb-416d1d71aec0"}}, {"model": "base.tutor", "pk": "03c4424a-2f14-41a6-a69c-8fe636efbf4c", "fields": {"teacher": "9eb9e3a8-3d04-4d60-8fd2-d7d5a86431f7", "name": "Sarah", "timetable": "ffa6ddca-8a45-4ff7-96c0-f1524a3d8634", "school": "bcacb03c-3116-4219-bccb-416d1d71aec0"}}, {"model": "base.tutor", "pk": "1aba6308-8532-4d89-9db7-d20b73d24a18", "fields": {"teacher": "e60cc8fd-88fb-4472-a83c-f09bb9323c97", "name": "Jos", "timetable": "d64a5f5f-563a-4330-b058-562085b2e663", "school": "bcacb03c-3116-4219-bccb-416d1d71aec0"}}, {"model": "base.tutor", "pk": "1dfe660e-822d-4429-9e72-b6867ce5caa4", "fields": {"teacher": "5b5a6871-ba59-4c01-8c26-8cb49f4694a0", "name": "Rooby", "timetable": "d64a5f5f-563a-4330-b058-562085b2e663", "school": "bcacb03c-3116-4219-bccb-416d1d71aec0"}}, {"model": "base.tutor", "pk": "24a5e43a-bba1-48d7-b001-6fff952c45b3", "fields": {"teacher": "e60cc8fd-88fb-4472-a83c-f09bb9323c97", "name": "Jos", "timetable": "94e62c4d-04b1-4191-8526-a21c30a8bc74", "school": "bcacb03c-3116-4219-bccb-416d1d71aec0"}}, {"model": "base.tutor", "pk": "2ae11f7f-1398-4f47-922a-bbac6dfa4de7", "fields": {"teacher": "5a2f73be-7f52-4200-a901-45ed129e70c4", "name": "Duka", "timetable": "d64a5f5f-563a-4330-b058-562085b2e663", "school": "bcacb03c-3116-4219-bccb-416d1d71aec0"}}, {"model": "base.tutor", "pk": "3aac35a8-990c-46c8-b258-ca4b8cdec613", "fields": {"teacher": "73eb8dae-312a-49e5-bd60-3d506845b313", "name": "Risily", "timetable": "d64a5f5f-563a-4330-b058-562085b2e663", "school": "bcacb03c-3116-4219-bccb-416d1d71aec0"}}, {"model": "base.tutor", "pk": "4acb0500-df2f-4789-9a5a-48b7e984729d", "fields": {"teacher": "ba4d4e02-e15d-4eb3-99c5-22ffe35c7fdd", "name": "Aslaha Fathima", "timetable": "94e62c4d-04b1-4191-8526-a21c30a8bc74", "school": "bcacb03c-3116-4219-bccb-416d1d71aec0"}}, {"model": "base.tutor", "pk": "4b01b001-4dc3-4aa8-bf3a-4e9dc8e1f1e9", "fields": {"teacher": "b1bd25a6-515c-4eea-8b99-85b07311890f", "name": "Dinesh", "timetable": "94e62c4d-04b1-4191-8526-a21c30a8bc74", "school": "bcacb03c-3116-4219-bccb-416d1d71aec0"}}, {"model": "base.tutor", "pk": "54fdfbd0-3f32-48b1-a9c5-abb74a8af799", "fields": {"teacher": "b05663ca-6697-4206-ba20-54636172dc36", "name": "Jomon", "timetable": "94e62c4d-04b1-4191-8526-a21c30a8bc74", "school": "bcacb03c-3116-4219-bccb-416d1d71aec0"}}, {"model": "base.tutor", "pk": "5562caa2-4487-4db7-b71a-6bb8c5a9d790", "fields": {"teacher": "73eb8dae-312a-49e5-bd60-3d506845b313", "name": "Risily", "timetable": "ffa6ddca-8a45-4ff7-96c0-f1524a3d8634", "school": "bcacb03c-3116-4219-bccb-416d1d71aec0"}}, {"model": "base.tutor", "pk": "6604a9fd-36fa-466e-b2da-24faa4737c39", "fields": {"teacher": "5a2f73be-7f52-4200-a901-45ed129e70c4", "name": "Duka", "timetable": "ffa6ddca-8a45-4ff7-96c0-f1524a3d8634", "school": "bcacb03c-3116-4219-bccb-416d1d71aec0"}}, {"model": "base.tutor", "pk": "66d52581-9c82-4382-9134-9d86ce730268", "fields": {"teacher": "1e4f9060-e755-471f-ae1a-7e52fe315180", "name": "Fasila", "timetable": "ffa6ddca-8a45-4ff7-96c0-f1524a3d8634", "school": "bcacb03c-3116-4219-bccb-416d1d71aec0"}}, {"model": "base.tutor", "pk": "66ea6a63-aaf1-489d-8dd8-484cfc4a6b66", "fields": {"teacher": "5b5a6871-ba59-4c01-8c26-8cb49f4694a0", "name": "Rooby", "timetable": "ffa6ddca-8a45-4ff7-96c0-f1524a3d8634", "school": "bcacb03c-3116-4219-bccb-416d1d71aec0"}}, {"model": "base.tutor", "pk": "77c2f149-74d1-4ec4-ae5f-847d6f4b9313", "fields": {"teacher": "e60cc8fd-88fb-4472-a83c-f09bb9323c97", "name": "Jos", "timetable": "ffa6ddca-8a45-4ff7-96c0-f1524a3d8634", "school": "bcacb03c-3116-4219-bccb-416d1d71aec0"}}, {"model": "base.tutor", "pk": "801e04f3-2ed4-4845-b7f8-ad8ab61e5adf", "fields": {"teacher": "1e4f9060-e755-471f-ae1a-7e52fe315180", "name": "Fasila", "timetable": "d64a5f5f-563a-4330-b058-562085b2e663", "school": "bcacb03c-3116-4219-bccb-416d1d71aec0"}}, {"model": "base.tutor", "pk": "8ff11ca0-b290-4340-8f93-a5fef6774614", "fields": {"teacher": "9eb9e3a8-3d04-4d60-8fd2-d7d5a86431f7", "name": "Sarah", "timetable": "d64a5f5f-563a-4330-b058-562085b2e663", "school": "bcacb03c-3116-4219-bccb-416d1d71aec0"}}, {"model": "base.tutor", "pk": "9453c830-b944-43e5-b641-c197d6f3081d", "fields": {"teacher": "b1bd25a6-515c-4eea-8b99-85b07311890f", "name": "Dinesh", "timetable": "ffa6ddca-8a45-4ff7-96c0-f1524a3d8634", "school": "bcacb03c-3116-4219-bccb-416d1d71aec0"}}, {"model": "base.tutor", "pk": "a21bc5ff-dc08-4884-b9d9-b8d3d21e4b0f", "fields": {"teacher": "5a2f73be-7f52-4200-a901-45ed129e70c4", "name": "Duka", "timetable": "94e62c4d-04b1-4191-8526-a21c30a8bc74", "school": "bcacb03c-3116-4219-bccb-416d1d71aec0"}}, {"model": "base.tutor", "pk": "ab23df76-40cc-4a34-89e1-809d37bf4821", "fields": {"teacher": "9eb9e3a8-3d04-4d60-8fd2-d7d5a86431f7", "name": "Sarah", "timetable": "94e62c4d-04b1-4191-8526-a21c30a8bc74", "school": "bcacb03c-3116-4219-bccb-416d1d71aec0"}}, {"model": "base.tutor", "pk": "b502783c-d02f-4bfb-b837-5f326cbaa0fb", "fields": {"teacher": "1e4f9060-e755-471f-ae1a-7e52fe315180", "name": "Fasila", "timetable": "94e62c4d-04b1-4191-8526-a21c30a8bc74", "school": "bcacb03c-3116-4219-bccb-416d1d71aec0"}}, {"model": "base.tutor", "pk": "ba3fbfce-f65d-46bb-aa42-9143c3efab0a", "fields": {"teacher": "aa56aa4a-db7b-45cc-a5c0-963526e62c4f", "name": "Joen", "timetable": "94e62c4d-04b1-4191-8526-a21c30a8bc74", "school": "bcacb03c-3116-4219-bccb-416d1d71aec0"}}, {"model": "base.tutor", "pk": "bbed5eb4-2735-442c-92df-58bc6e4b36b5", "fields": {"teacher": "73eb8dae-312a-49e5-bd60-3d506845b313", "name": "Risily", "timetable": "94e62c4d-04b1-4191-8526-a21c30a8bc74", "school": "bcacb03c-3116-4219-bccb-416d1d71aec0"}}, {"model": "base.tutor", "pk": "c2707629-30d4-458c-a400-c8dd21658092", "fields": {"teacher": "b1bd25a6-515c-4eea-8b99-85b07311890f", "name": "Dinesh", "timetable": "d64a5f5f-563a-4330-b058-562085b2e663", "school": "bcacb03c-3116-4219-bccb-416d1d71aec0"}}, {"model": "base.tutor", "pk": "c7c255df-5d5f-4804-9631-0c5ea568cd7e", "fields": {"teacher": "388db85a-4214-429a-b5ee-1e7b3f8af088", "name": "Visily", "timetable": "ffa6ddca-8a45-4ff7-96c0-f1524a3d8634", "school": "bcacb03c-3116-4219-bccb-416d1d71aec0"}}, {"model": "base.tutor", "pk": "cb0b6967-1dbf-4c87-ac64-a1555d537461", "fields": {"teacher": "388db85a-4214-429a-b5ee-1e7b3f8af088", "name": "Visily", "timetable": "94e62c4d-04b1-4191-8526-a21c30a8bc74", "school": "bcacb03c-3116-4219-bccb-416d1d71aec0"}}, {"model": "base.tutor", "pk": "db8e3fbb-eab8-4a11-91ae-72d4f74eac0c", "fields": {"teacher": "ba4d4e02-e15d-4eb3-99c5-22ffe35c7fdd", "name": "Aslaha Fathima", "timetable": "d64a5f5f-563a-4330-b058-562085b2e663", "school": "bcacb03c-3116-4219-bccb-416d1d71aec0"}}, {"model": "base.tutor", "pk": "e5f56c21-bbb3-41c8-87fe-ce202585d6cd", "fields": {"teacher": "aa56aa4a-db7b-45cc-a5c0-963526e62c4f", "name": "Joen", "timetable": "d64a5f5f-563a-4330-b058-562085b2e663", "school": "bcacb03c-3116-4219-bccb-416d1d71aec0"}}, {"model": "base.tutor", "pk": "e6f6f872-5b58-4507-99a4-4857c51b51d2", "fields": {"teacher": "ba4d4e02-e15d-4eb3-99c5-22ffe35c7fdd", "name": "Aslaha Fathima", "timetable": "ffa6ddca-8a45-4ff7-96c0-f1524a3d8634", "school": "bcacb03c-3116-4219-bccb-416d1d71aec0"}}, {"model": "base.tutor", "pk": "ece08802-9856-450a-b205-179536e215c8", "fields": {"teacher": "388db85a-4214-429a-b5ee-1e7b3f8af088", "name": "Visily", "timetable": "d64a5f5f-563a-4330-b058-562085b2e663", "school": "bcacb03c-3116-4219-bccb-416d1d71aec0"}}, {"model": "base.tutor", "pk": "f316a99a-bef3-4c6b-b86d-63c2960a8d95", "fields": {"teacher": "aa56aa4a-db7b-45cc-a5c0-963526e62c4f", "name": "Joen", "timetable": "ffa6ddca-8a45-4ff7-96c0-f1524a3d8634", "school": "bcacb03c-3116-4219-bccb-416d1d71aec0"}}, {"model": "base.tutor", "pk": "fb8b76cf-ec99-4bfd-a2cf-fe385518dc16", "fields": {"teacher": "b05663ca-6697-4206-ba20-54636172dc36", "name": "Jomon", "timetable": "d64a5f5f-563a-4330-b058-562085b2e663", "school": "bcacb03c-3116-4219-bccb-416d1d71aec0"}}, {"model": "base.tutor", "pk": "fc362b2f-d6c9-44f4-b8af-2813b2b4da5a", "fields": {"teacher": "b05663ca-6697-4206-ba20-54636172dc36", "name": "Jomon", "timetable": "ffa6ddca-8a45-4ff7-96c0-f1524a3d8634", "school": "bcacb03c-3116-4219-bccb-416d1d71aec0"}}, {"model": "base.classroomassignment", "pk": "0161318e-203d-476a-9cf2-d64aba621f25", "fields": {"room": "bf003433-dd58-44b9-a015-3a679f665cbe", "name": "room 1 Division A", "capacity": 0, "room_type": "CLASSROOM", "occupied": true, "timetable": "ffa6ddca-8a45-4ff7-96c0-f1524a3d8634", "school": "bcacb03c-3116-4219-bccb-416d1d71aec0"}}, {"model": "base.classroomassignment", "pk": "0971f63b-9b9d-49a4-a4b2-36e408b4f2c4", "fields": {"room": "1f3b67d8-c5c7-4de1-869d-6e5392f87ff0", "name": "room 4 Division B", "capacity": 0, "room_type": "CLASSROOM", "occupied": true, "timetable": "ffa6ddca-8a45-4ff7-96c0-f1524a3d8634", "school": "bcacb03c-3116-4219-bccb-416d1d71aec0"}}, {"model": "base.classroomassignment", "pk": "0dff30a8-00e6-45bd-bf0a-e4a83602c6fb", "fields": {"room": "cf0a44e9-a40d-4f7f-9bb4-dce77d3f7832", "name": "room 4 Division A", "capacity": 0, "room_type": "CLASSROOM", "occupied": true, "timetable": "94e62c4d-04b1-4191-8526-a21c30a8bc74", "school": "bcacb03c-3116-4219-bccb-416d1d71aec0"}}, {"model": "base.classroomassignment", "pk": "1103843c-ed1e-45ec-94ab-3dfe5796cf75", "fields": {"room": "1f3b67d8-c5c7-4de1-869d-6e5392f87ff0", "name": "room 4 Division B", "capacity": 0, "room_type": "CLASSROOM", "occupied": true, "timetable": "94e62c4d-04b1-4191-8526-a21c30a8bc74", "school": "bcacb03c-3116-4219-bccb-416d1d71aec0"}}, {"model": "base.classroomassignment", "pk": "11dddf23-cf39-48bb-9c3e-35f15d0fd4f5", "fields": {"room": "d6339369-7c9f-4e97-9495-ab27aca6ab75", "name": "room 3 Division A", "capacity": 0, "room_type": "CLASSROOM", "occupied": true, "timetable": "ffa6ddca-8a45-4ff7-96c0-f1524a3d8634", "school": "bcacb03c-3116-4219-bccb-416d1d71aec0"}}, {"model": "base.classroomassignment", "pk": "1ad55561-054c-4710-9a97-72b38bb8795d", "fields": {"room": "871d92d2-422f-46af-8ace-7a4b7fbe6923", "name": "Computer lab 1", "capacity": 40, "room_type": "COMPUTER_LAB", "occupied": false, "timetable": "94e62c4d-04b1-4191-8526-a21c30a8bc74", "school": "bcacb03c-3116-4219-bccb-416d1d71aec0"}}, {"model": "base.classroomassignment", "pk": "223a7b46-7c46-4566-8a47-3cf43bc24f54", "fields": {"room": "d6339369-7c9f-4e97-9495-ab27aca6ab75", "name": "room 3 Division A", "capacity": 0, "room_type": "CLASSROOM", "occupied": true, "timetable": "d64a5f5f-563a-4330-b058-562085b2e663", "school": "bcacb03c-3116-4219-bccb-416d1d71aec0"}}, {"model": "base.classroomassignment", "pk": "2291600d-d0b1-49a0-ab0a-e8460b9df9bb", "fields": {"room": "f69b8e77-4261-4adf-9bd5-678770f3ed46", "name": "room 1 Division B", "capacity": 0, "room_type": "CLASSROOM", "occupied": true, "timetable": "ffa6ddca-8a45-4ff7-96c0-f1524a3d8634", "school": "bcacb03c-3116-4219-bccb-416d1d71aec0"}}, {"model": "base.classroomassignment", "pk": "39d8ee26-2e4d-4352-b11c-9aac2e0af60b", "fields": {"room": "bf003433-dd58-44b9-a015-3a679f665cbe", "name": "room 1 Division A", "capacity": 0, "room_type": "CLASSROOM", "occupied": true, "timetable": "d64a5f5f-563a-4330-b058-562085b2e663", "school": "bcacb03c-3116-4219-bccb-416d1d71aec0"}}, {"model": "base.classroomassignment", "pk": "5701c8bf-c7c0-4445-8bc8-a8da53746976", "fields": {"room": "bf003433-dd58-44b9-a015-3a679f665cbe", "name": "room 1 Division A", "capacity": 0, "room_type": "CLASSROOM", "occupied": true, "timetable": "94e62c4d-04b1-4191-8526-a21c30a8bc74", "school": "bcacb03c-3116-4219-bccb-416d1d71aec0"}}, {"model": "base.classroomassignment", "pk": "598063a2-2c28-476c-993d-fe08c92c4815", "fields": {"room": "ca1909e7-08c0-4c0b-9bb4-b3716292cac7", "name": "room 2 Division A", "capacity": 0, "room_type": "CLASSROOM", "occupied": true, "timetable": "ffa6ddca-8a45-4ff7-96c0-f1524a3d8634", "school": "bcacb03c-3116-4219-bccb-416d1d71aec0"}}, {"model": "base.classroomassignment", "pk": "8372d896-2ac1-4e40-a939-b30acebdce7e", "fields": {"room": "2e0953a4-3a64-4823-857f-9939273ae755", "name": "Study room", "capacity": 40, "room_type": "STUDY_AREA", "occupied": false, "timetable": "94e62c4d-04b1-4191-8526-a21c30a8bc74", "school": "bcacb03c-3116-4219-bccb-416d1d71aec0"}}, {"model": "base.classroomassignment", "pk": "877aa577-ad23-4560-83d2-587658e6ea81", "fields": {"room": "1f3b67d8-c5c7-4de1-869d-6e5392f87ff0", "name": "room 4 Division B", "capacity": 0, "room_type": "CLASSROOM", "occupied": true, "timetable": "d64a5f5f-563a-4330-b058-562085b2e663", "school": "bcacb03c-3116-4219-bccb-416d1d71aec0"}}, {"model": "base.classroomassignment", "pk": "8b47fc8a-f30a-49c6-b6b2-b23d9378cb8b", "fields": {"room": "2e0953a4-3a64-4823-857f-9939273ae755", "name": "Study room", "capacity": 40, "room_type": "STUDY_AREA", "occupied": false, "timetable": "ffa6ddca-8a45-4ff7-96c0-f1524a3d8634", "school": "bcacb03c-3116-4219-bccb-416d1d71aec0"}}, {"model": "base.classroomassignment", "pk": "9b7bbbef-9518-4605-b335-c869ca80d28e", "fields": {"room": "cf0a44e9-a40d-4f7f-9bb4-dce77d3f7832", "name": "room 4 Division A", "capacity": 0, "room_type": "CLASSROOM", "occupied": true, "timetable": "d64a5f5f-563a-4330-b058-562085b2e663", "school": "bcacb03c-3116-4219-bccb-416d1d71aec0"}}, {"model": "base.classroomassignment", "pk": "a499f1b3-085a-4c70-b3b7-724c61d09dce", "fields": {"room": "40e242d8-8040-4343-8396-1aacddf18d42", "name": "Study room 2", "capacity": 40, "room_type": "STUDY_AREA", "occupied": false, "timetable": "94e62c4d-04b1-4191-8526-a21c30a8bc74", "school": "bcacb03c-3116-4219-bccb-416d1d71aec0"}}, {"model": "base.classroomassignment", "pk": "ae91ceb1-6f8e-40de-af22-f79f5cbcbb46", "fields": {"room": "40e242d8-8040-4343-8396-1aacddf18d42", "name": "Study room 2", "capacity": 40, "room_type": "STUDY_AREA", "occupied": false, "timetable": "ffa6ddca-8a45-4ff7-96c0-f1524a3d8634", "school": "bcacb03c-3116-4219-bccb-416d1d71aec0"}}, {"model": "base.classroomassignment", "pk": "aec00669-1a5d-4df8-a3c2-1f6dad8f5eef", "fields": {"room": "2e0953a4-3a64-4823-857f-9939273ae755", "name": "Study room", "capacity": 40, "room_type": "STUDY_AREA", "occupied": false, "timetable": "d64a5f5f-563a-4330-b058-562085b2e663", "school": "bcacb03c-3116-4219-bccb-416d1d71aec0"}}, {"model": "base.classroomassignment", "pk": "b312bbfd-e660-4f48-afee-8d2b0f592542", "fields": {"room": "ca1909e7-08c0-4c0b-9bb4-b3716292cac7", "name": "room 2 Division A", "capacity": 0, "room_type": "CLASSROOM", "occupied": true, "timetable": "d64a5f5f-563a-4330-b058-562085b2e663", "school": "bcacb03c-3116-4219-bccb-416d1d71aec0"}}, {"model": "base.classroomassignment", "pk": "bb939fab-7888-4259-81e2-32d31741842c", "fields": {"room": "f69b8e77-4261-4adf-9bd5-678770f3ed46", "name": "room 1 Division B", "capacity": 0, "room_type": "CLASSROOM", "occupied": true, "timetable": "d64a5f5f-563a-4330-b058-562085b2e663", "school": "bcacb03c-3116-4219-bccb-416d1d71aec0"}}, {"model": "base.classroomassignment", "pk": "bf064af5-0932-414c-bd91-cec2099c1e65", "fields": {"room": "ca1909e7-08c0-4c0b-9bb4-b3716292cac7", "name": "room 2 Division A", "capacity": 0, "room_type": "CLASSROOM", "occupied": true, "timetable": "94e62c4d-04b1-4191-8526-a21c30a8bc74", "school": "bcacb03c-3116-4219-bccb-416d1d71aec0"}}, {"model": "base.classroomassignment", "pk": "c10db47d-f7e1-4bd6-b871-0c49b707dade", "fields": {"room": "40e242d8-8040-4343-8396-1aacddf18d42", "name": "Study room 2", "capacity": 40, "room_type": "STUDY_AREA", "occupied": false, "timetable": "d64a5f5f-563a-4330-b058-562085b2e663", "school": "bcacb03c-3116-4219-bccb-416d1d71aec0"}}, {"model": "base.classroomassignment", "pk": "e15c655a-86d6-4e6b-81cb-3a1c33fcc535", "fields": {"room": "d6339369-7c9f-4e97-9495-ab27aca6ab75", "name": "room 3 Division A", "capacity": 0, "room_type": "CLASSROOM", "occupied": true, "timetable": "94e62c4d-04b1-4191-8526-a21c30a8bc74", "school": "bcacb03c-3116-4219-bccb-416d1d71aec0"}}, {"model": "base.classroomassignment", "pk": "e6ca3cb8-24b4-4b09-944d-f5819405f7d1", "fields": {"room": "cf0a44e9-a40d-4f7f-9bb4-dce77d3f7832", "name": "room 4 Division A", "capacity": 0, "room_type": "CLASSROOM", "occupied": true, "timetable": "ffa6ddca-8a45-4ff7-96c0-f1524a3d8634", "school": "bcacb03c-3116-4219-bccb-416d1d71aec0"}}, {"model": "base.classroomassignment", "pk": "f2ba4af1-f215-4816-9144-46d195e32f0d", "fields": {"room": "871d92d2-422f-46af-8ace-7a4b7fbe6923", "name": "Computer lab 1", "capacity": 40, "room_type": "COMPUTER_LAB", "occupied": false, "timetable": "ffa6ddca-8a45-4ff7-96c0-f1524a3d8634", "school": "bcacb03c-3116-4219-bccb-416d1d71aec0"}}, {"model": "base.classroomassignment", "pk": "f638d387-3f39-4b7a-acdf-519f60349e60", "fields": {"room": "871d92d2-422f-46af-8ace-7a4b7fbe6923", "name": "Computer lab 1", "capacity": 40, "room_type": "COMPUTER_LAB", "occupied": false, "timetable": "d64a5f5f-563a-4330-b058-562085b2e663", "school": "bcacb03c-3116-4219-bccb-416d1d71aec0"}}, {"model": "base.classroomassignment", "pk": "fbd6b9d9-b4b9-4a29-9485-c8299ae30d90", "fields": {"room": "f69b8e77-4261-4adf-9bd5-678770f3ed46", "name": "room 1 Division B", "capacity": 0, "room_type": "CLASSROOM", "occupied": true, "timetable": "94e62c4d-04b1-4191-8526-a21c30a8bc74", "school": "bcacb03c-3116-4219-bccb-416d1d71aec0"}}, {"model": "base.timeslot", "pk": "10a40c5d-20a5-40e5-b7f8-977e3a0bfbf3", "fields": {"day_of_week": "SAT", "period": 4, "timetable": "ffa6ddca-8a45-4ff7-96c0-f1524a3d8634", "school": "bcacb03c-3116-4219-bccb-416d1d71aec0"}}, {"model": "base.timeslot", "pk": "14cb7299-0f2b-49d2-85aa-4ffb373789c0", "fields": {"day_of_week": "THU", "period": 1, "timetable": "d64a5f5f-563a-4330-b058-562085b2e663", "school": "bcacb03c-3116-4219-bccb-416d1d71aec0"}}, {"model": "base.timeslot", "pk": "1a39d9c6-aef6-47fd-b602-0890bb565c6f", "fields": {"day_of_week": "THU", "period": 2, "timetable": "94e62c4d-04b1-4191-8526-a21c30a8bc74", "school": "bcacb03c-3116-4219-bccb-416d1d71aec0"}}, {"model": "base.timeslot", "pk": "1ac65f02-23dd-43b6-9b1f-c19b3112ea5e", "fields": {"day_of_week": "TUE", "period": 3, "timetable": "ffa6ddca-8a45-4ff7-96c0-f1524a3d8634", "school": "bcacb03c-3116-4219-bccb-416d1d71aec0"}}, {"model": "base.timeslot", "pk": "1f27be30-aafc-4e2d-8f06-79d6ba5cee57", "fields": {"day_of_week": "SAT", "period": 1, "timetable": "ffa6ddca-8a45-4ff7-96c0-f1524a3d8634", "school": "bcacb03c-3116-4219-bccb-416d1d71aec0"}}, {"model": "base.timeslot", "pk": "295bd810-e87d-4aa8-8e1c-7c590bb9df5a", "fields": {"day_of_week": "TUE", "period": 1, "timetable": "94e62c4d-04b1-4191-8526-a21c30a8bc74", "school": "bcacb03c-3116-4219-bccb-416d1d71aec0"}}, {"model": "base.timeslot", "pk": "2d09e7d8-ddfb-44c7-8fa2-7a6408fc5a57", "fields": {"day_of_week": "TUE", "period": 2, "timetable": "94e62c4d-04b1-4191-8526-a21c30a8bc74", "school": "bcacb03c-3116-4219-bccb-416d1d71aec0"}}, {"model": "base.timeslot", "pk": "302bb2bc-b451-40b7-90e8-f511d7a33370", "fields": {"day_of_week": "TUE", "period": 4, "timetable": "d64a5f5f-563a-4330-b058-562085b2e663", "school": "bcacb03c-3116-4219-bccb-416d1d71aec0"}}, {"model": "base.timeslot", "pk": "36898347-bc39-430b-b49d-fd1cf478365f", "fields": {"day_of_week": "MON", "period": 2, "timetable": "d64a5f5f-563a-4330-b058-562085b2e663", "school": "bcacb03c-3116-4219-bccb-416d1d71aec0"}}, {"model": "base.timeslot", "pk": "391f7511-79dc-4e70-9b6d-58aeb1acf061", "fields": {"day_of_week": "THU", "period": 1, "timetable": "ffa6ddca-8a45-4ff7-96c0-f1524a3d8634", "school": "bcacb03c-3116-4219-bccb-416d1d71aec0"}}, {"model": "base.timeslot", "pk": "40ce9860-0008-4262-8dd6-718a2bd7a29f", "fields": {"day_of_week": "WED", "period": 3, "timetable": "ffa6ddca-8a45-4ff7-96c0-f1524a3d8634", "school": "bcacb03c-3116-4219-bccb-416d1d71aec0"}}, {"model": "base.timeslot", "pk": "437ccab4-9084-4edd-83e7-c52ec5db756a", "fields": {"day_of_week": "TUE", "period": 1, "timetable": "d64a5f5f-563a-4330-b058-562085b2e663", "school": "bcacb03c-3116-4219-bccb-416d1d71aec0"}}, {"model": "base.timeslot", "pk": "483a9c96-5df4-4654-8eac-77b3883ca797", "fields": {"day_of_week": "WED", "period": 2, "timetable": "ffa6ddca-8a45-4ff7-96c0-f1524a3d8634", "school": "bcacb03c-3116-4219-bccb-416d1d71aec0"}}, {"model": "base.timeslot", "pk": "4b5d74ec-51e9-4049-8523-9546559f0350", "fields": {"day_of_week": "SAT", "period": 1, "timetable": "94e62c4d-04b1-4191-8526-a21c30a8bc74", "school": "bcacb03c-3116-4219-bccb-416d1d71aec0"}}, {"model": "base.timeslot", "pk": "4f05146a-db5e-493e-a053-e2e76a115cc7", "fields": {"day_of_week": "MON", "period": 1, "timetable": "d64a5f5f-563a-4330-b058-562085b2e663", "school": "bcacb03c-3116-4219-bccb-416d1d71aec0"}}, {"model": "base.timeslot", "pk": "4f87734b-3279-4ffa-b0f7-09be03e2d5b2", "fields": {"day_of_week": "MON", "period": 3, "timetable": "94e62c4d-04b1-4191-8526-a21c30a8bc74", "school": "bcacb03c-3116-4219-bccb-416d1d71aec0"}}, {"model": "base.timeslot", "pk": "56017fed-9b98-4c69-afc4-16200e6bed67", "fields": {"day_of_week": "TUE", "period": 4, "timetable": "94e62c4d-04b1-4191-8526-a21c30a8bc74", "school": "bcacb03c-3116-4219-bccb-416d1d71aec0"}}, {"model": "base.timeslot", "pk": "5b4446e7-bbb9-4aec-aafe-ead2eed73647", "fields": {"day_of_week": "SAT", "period": 3, "timetable": "ffa6ddca-8a45-4ff7-96c0-f1524a3d8634", "school": "bcacb03c-3116-4219-bccb-416d1d71aec0"}}, {"model": "base.timeslot", "pk": "65618609-3f12-45e9-ab9e-f2a8e43bca65", "fields": {"day_of_week": "WED", "period": 1, "timetable": "ffa6ddca-8a45-4ff7-96c0-f1524a3d8634", "school": "bcacb03c-3116-4219-bccb-416d1d71aec0"}}, {"model": "base.timeslot", "pk": "6819c7ce-0edd-48cf-9c3b-495df6957d49", "fields": {"day_of_week": "WED", "period": 3, "timetable": "94e62c4d-04b1-4191-8526-a21c30a8bc74", "school": "bcacb03c-3116-4219-bccb-416d1d71aec0"}}, {"model": "base.timeslot", "pk": "696c3c22-3c7e-4771-85da-205843d3b59c", "fields": {"day_of_week": "WED", "period": 1, "timetable": "d64a5f5f-563a-4330-b058-562085b2e663", "school": "bcacb03c-3116-4219-bccb-416d1d71aec0"}}, {"model": "base.timeslot", "pk": "6ce618a8-6596-49af-91a9-fa60606a8ae0", "fields": {"day_of_week": "THU", "period": 2, "timetable": "d64a5f5f-563a-4330-b058-562085b2e663", "school": "bcacb03c-3116-4219-bccb-416d1d71aec0"}}, {"model": "base.timeslot", "pk": "733f2ba1-d2db-4da6-9dd0-704137cc2dfe", "fields": {"day_of_week": "MON", "period": 2, "timetable": "94e62c4d-04b1-4191-8526-a21c30a8bc74", "school": "bcacb03c-3116-4219-bccb-416d1d71aec0"}}, {"model": "base.timeslot", "pk": "75a56361-bade-42ab-91e2-c7d575e52bf8", "fields": {"day_of_week": "MON", "period": 3, "timetable": "d64a5f5f-563a-4330-b058-562085b2e663", "school": "bcacb03c-3116-4219-bccb-416d1d71aec0"}}, {"model": "base.timeslot", "pk": "79bdad31-7303-4409-b164-4a84a3261dc9", "fields": {"day_of_week": "MON", "period": 1, "timetable": "94e62c4d-04b1-4191-8526-a21c30a8bc74", "school": "bcacb03c-3116-4219-bccb-416d1d71aec0"}}, {"model": "base.timeslot", "pk": "7c0ba615-7f2a-46db-9c70-67a22df874df", "fields": {"day_of_week": "MON", "period": 4, "timetable": "94e62c4d-04b1-4191-8526-a21c30a8bc74", "school": "bcacb03c-3116-4219-bccb-416d1d71aec0"}}, {"model": "base.timeslot", "pk": "8369bda4-a776-4b13-8676-94f197537b68", "fields": {"day_of_week": "SAT", "period": 4, "timetable": "d64a5f5f-563a-4330-b058-562085b2e663", "school": "bcacb03c-3116-4219-bccb-416d1d71aec0"}}, {"model": "base.timeslot", "pk": "84353eea-e6d6-4c92-ba02-ae645cd5bec3", "fields": {"day_of_week": "WED", "period": 4, "timetable": "d64a5f5f-563a-4330-b058-562085b2e663", "school": "bcacb03c-3116-4219-bccb-416d1d71aec0"}}, {"model": "base.timeslot", "pk": "87b698e2-3dc2-443b-9330-727a1a919f40", "fields": {"day_of_week": "WED", "period": 2, "timetable": "d64a5f5f-563a-4330-b058-562085b2e663", "school": "bcacb03c-3116-4219-bccb-416d1d71aec0"}}, {"model": "base.timeslot", "pk": "88730896-eaf9-4da2-9700-bc06837a33fe", "fields": {"day_of_week": "THU", "period": 4, "timetable": "d64a5f5f-563a-4330-b058-562085b2e663", "school": "bcacb03c-3116-4219-bccb-416d1d71aec0"}}, {"model": "base.timeslot", "pk": "8a273950-2cf6-4f1f-bfa8-3537ce85b243", "fields": {"day_of_week": "THU", "period": 4, "timetable": "94e62c4d-04b1-4191-8526-a21c30a8bc74", "school": "bcacb03c-3116-4219-bccb-416d1d71aec0"}}, {"model": "base.timeslot", "pk": "8e392098-0f7c-44f4-bc3f-31b2dd118b32", "fields": {"day_of_week": "THU", "period": 2, "timetable": "ffa6ddca-8a45-4ff7-96c0-f1524a3d8634", "school": "bcacb03c-3116-4219-bccb-416d1d71aec0"}}, {"model": "base.timeslot", "pk": "9315e134-e4a7-4028-b51b-876427af1da5", "fields": {"day_of_week": "SAT", "period": 3, "timetable": "d64a5f5f-563a-4330-b058-562085b2e663", "school": "bcacb03c-3116-4219-bccb-416d1d71aec0"}}, {"model": "base.timeslot", "pk": "98566f66-09e4-486f-bacd-f808d036b787", "fields": {"day_of_week": "THU", "period": 4, "timetable": "ffa6ddca-8a45-4ff7-96c0-f1524a3d8634", "school": "bcacb03c-3116-4219-bccb-416d1d71aec0"}}, {"model": "base.timeslot", "pk": "a04146de-6d2c-42d6-a1dc-1eb4a7f4c407", "fields": {"day_of_week": "SAT", "period": 2, "timetable": "94e62c4d-04b1-4191-8526-a21c30a8bc74", "school": "bcacb03c-3116-4219-bccb-416d1d71aec0"}}, {"model": "base.timeslot", "pk": "a46714aa-9dcf-4b0b-bb70-38f5e3d734cb", "fields": {"day_of_week": "WED", "period": 3, "timetable": "d64a5f5f-563a-4330-b058-562085b2e663", "school": "bcacb03c-3116-4219-bccb-416d1d71aec0"}}, {"model": "base.timeslot", "pk": "ab45d476-f840-47ba-8852-2e1faca77e4f", "fields": {"day_of_week": "MON", "period": 4, "timetable": "ffa6ddca-8a45-4ff7-96c0-f1524a3d8634", "school": "bcacb03c-3116-4219-bccb-416d1d71aec0"}}, {"model": "base.timeslot", "pk": "babe1bba-c7b4-48a5-9885-2c65ca5937f4", "fields": {"day_of_week": "SAT", "period": 2, "timetable": "ffa6ddca-8a45-4ff7-96c0-f1524a3d8634", "school": "bcacb03c-3116-4219-bccb-416d1d71aec0"}}, {"model": "base.timeslot", "pk": "c0e9b5e6-b86a-4141-bc40-b4af540de655", "fields": {"day_of_week": "THU", "period": 3, "timetable": "94e62c4d-04b1-4191-8526-a21c30a8bc74", "school": "bcacb03c-3116-4219-bccb-416d1d71aec0"}}, {"model": "base.timeslot", "pk": "c226a09f-fe96-4bfe-947e-ae7727c5d4af", "fields": {"day_of_week": "SAT", "period": 2, "timetable": "d64a5f5f-563a-4330-b058-562085b2e663", "school": "bcacb03c-3116-4219-bccb-416d1d71aec0"}}, {"model": "base.timeslot", "pk": "c31a1a57-e62d-4f9a-beb9-cba183b3f536", "fields": {"day_of_week": "MON", "period": 4, "timetable": "d64a5f5f-563a-4330-b058-562085b2e663", "school": "bcacb03c-3116-4219-bccb-416d1d71aec0"}}, {"model": "base.timeslot", "pk": "c445e21d-ebd9-45c7-8fb4-a9630c789437", "fields": {"day_of_week": "THU", "period": 3, "timetable": "ffa6ddca-8a45-4ff7-96c0-f1524a3d8634", "school": "bcacb03c-3116-4219-bccb-416d1d71aec0"}}, {"model": "base.timeslot", "pk": "c9ffa89b-e06d-4f35-a88c-7beb8188204c", "fields": {"day_of_week": "WED", "period": 1, "timetable": "94e62c4d-04b1-4191-8526-a21c30a8bc74", "school": "bcacb03c-3116-4219-bccb-416d1d71aec0"}}, {"model": "base.timeslot", "pk": "cb477346-7a53-4062-9fd6-ad9779d6400b", "fields": {"day_of_week": "TUE", "period": 3, "timetable": "94e62c4d-04b1-4191-8526-a21c30a8bc74", "school": "bcacb03c-3116-4219-bccb-416d1d71aec0"}}, {"model": "base.timeslot", "pk": "cd8cf5b3-4bac-41f6-9571-eca3a6817c1e", "fields": {"day_of_week": "THU", "period": 3, "timetable": "d64a5f5f-563a-4330-b058-562085b2e663", "school": "bcacb03c-3116-4219-bccb-416d1d71aec0"}}, {"model": "base.timeslot", "pk": "cd946e70-1fb1-4ac9-b460-7ebf4a4bc760", "fields": {"day_of_week": "TUE", "period": 4, "timetable": "ffa6ddca-8a45-4ff7-96c0-f1524a3d8634", "school": "bcacb03c-3116-4219-bccb-416d1d71aec0"}}, {"model": "base.timeslot", "pk": "d01c8282-6d78-46a0-8bce-62e61e19753a", "fields": {"day_of_week": "TUE", "period": 1, "timetable": "ffa6ddca-8a45-4ff7-96c0-f1524a3d8634", "school": "bcacb03c-3116-4219-bccb-416d1d71aec0"}}, {"model": "base.timeslot", "pk": "d04e11e7-bffe-4f84-ad5a-e4016b928ac1", "fields": {"day_of_week": "SAT", "period": 4, "timetable": "94e62c4d-04b1-4191-8526-a21c30a8bc74", "school": "bcacb03c-3116-4219-bccb-416d1d71aec0"}}, {"model": "base.timeslot", "pk": "d3dc5016-8f0b-499b-be10-d3249e03f174", "fields": {"day_of_week": "TUE", "period": 2, "timetable": "d64a5f5f-563a-4330-b058-562085b2e663", "school": "bcacb03c-3116-4219-bccb-416d1d71aec0"}}, {"model": "base.timeslot", "pk": "d482160a-b77e-45a0-8491-ed3da55e7b3c", "fields": {"day_of_week": "MON", "period": 3, "timetable": "ffa6ddca-8a45-4ff7-96c0-f1524a3d8634", "school": "bcacb03c-3116-4219-bccb-416d1d71aec0"}}, {"model": "base.timeslot", "pk": "d635f746-ceb5-4487-b7fd-4420023fd67b", "fields": {"day_of_week": "THU", "period": 1, "timetable": "94e62c4d-04b1-4191-8526-a21c30a8bc74", "school": "bcacb03c-3116-4219-bccb-416d1d71aec0"}}, {"model": "base.timeslot", "pk": "d9fb8e53-ed3a-4053-bc6e-32dcf223b202", "fields": {"day_of_week": "SAT", "period": 1, "timetable": "d64a5f5f-563a-4330-b058-562085b2e663", "school": "bcacb03c-3116-4219-bccb-416d1d71aec0"}}, {"model": "base.timeslot", "pk": "ddcf369f-2451-4900-87b3-eed7434c16bf", "fields": {"day_of_week": "TUE", "period": 3, "timetable": "d64a5f5f-563a-4330-b058-562085b2e663", "school": "bcacb03c-3116-4219-bccb-416d1d71aec0"}}, {"model": "base.timeslot", "pk": "ddf90c10-ae2f-4025-b323-d8cb32c041c0", "fields": {"day_of_week": "WED", "period": 4, "timetable": "94e62c4d-04b1-4191-8526-a21c30a8bc74", "school": "bcacb03c-3116-4219-bccb-416d1d71aec0"}}, {"model": "base.timeslot", "pk": "de44e0e0-f44b-4fcd-b7f2-ff198f428943", "fields": {"day_of_week": "TUE", "period": 2, "timetable": "ffa6ddca-8a45-4ff7-96c0-f1524a3d8634", "school": "bcacb03c-3116-4219-bccb-416d1d71aec0"}}, {"model": "base.timeslot", "pk": "e17bf3f3-d170-4c4b-9597-84c168adb491", "fields": {"day_of_week": "WED", "period": 4, "timetable": "ffa6ddca-8a45-4ff7-96c0-f1524a3d8634", "school": "bcacb03c-3116-4219-bccb-416d1d71aec0"}}, {"model": "base.timeslot", "pk": "edd89010-6476-4884-9d46-a777c6262f75", "fields": {"day_of_week": "WED", "period": 2, "timetable": "94e62c4d-04b1-4191-8526-a21c30a8bc74", "school": "bcacb03c-3116-4219-bccb-416d1d71aec0"}}, {"model": "base.timeslot", "pk": "f02e2334-8bc0-495b-86cf-bd27989f3fd8", "fields": {"day_of_week": "MON", "period": 1, "timetable": "ffa6ddca-8a45-4ff7-96c0-f1524a3d8634", "school": "bcacb03c-3116-4219-bccb-416d1d71aec0"}}, {"model": "base.timeslot", "pk": "f1143f76-6681-4ffc-9e9f-cf8066978dd4", "fields": {"day_of_week": "SAT", "period": 3, "timetable": "94e62c4d-04b1-4191-8526-a21c30a8bc74", "school": "bcacb03c-3116-4219-bccb-416d1d71aec0"}}, {"model": "base.timeslot", "pk": "fa1ddea9-0fcc-4796-a9ec-5ecdbf8399a8", "fields": {"day_of_week": "MON", "period": 2, "timetable": "ffa6ddca-8a45-4ff7-96c0-f1524a3d8634", "school": "bcacb03c-3116-4219-bccb-416d1d71aec0"}}, {"model": "base.lesson", "pk": "003550cc-257c-427d-ad49-cd4223339b20", "fields": {"timetable": "d64a5f5f-563a-4330-b058-562085b2e663", "school": "bcacb03c-3116-4219-bccb-416d1d71aec0", "course": "10367142-00b5-4df3-8a90-b1affaa30395", "allotted_teacher": "801e04f3-2ed4-4845-b7f8-ad8ab61e5adf", "classroom_assignment": "9b7bbbef-9518-4605-b335-c869ca80d28e", "timeslot": "437ccab4-9084-4edd-83e7-c52ec5db756a", "is_elective": false, "elective_subject_name": "Science", "elective_group_id": null}}, {"model": "base.lesson", "pk": "00b886e3-f49a-45be-bb39-d312e668d382", "fields": {"timetable": "ffa6ddca-8a45-4ff7-96c0-f1524a3d8634", "school": "bcacb03c-3116-4219-bccb-416d1d71aec0", "course": "12ab32e3-5f87-45c2-8643-f4bc8d673304", "allotted_teacher": "6604a9fd-36fa-466e-b2da-24faa4737c39", "classroom_assignment": "e6ca3cb8-24b4-4b09-944d-f5819405f7d1", "timeslot": "1ac65f02-23dd-43b6-9b1f-c19b3112ea5e", "is_elective": true, "elective_subject_name": "Foreign Languages", "elective_group_id": null}}, {"model": "base.lesson", "pk": "01371e8c-028f-45d3-9474-3af404f4bccb", "fields": {"timetable": "ffa6ddca-8a45-4ff7-96c0-f1524a3d8634", "school": "bcacb03c-3116-4219-bccb-416d1d71aec0", "course": "cda909c4-8c13-449a-9d77-a36ce73d21bc", "allotted_teacher": "c7c255df-5d5f-4804-9631-0c5ea568cd7e", "classroom_assignment": "598063a2-2c28-476c-993d-fe08c92c4815", "timeslot": "cd946e70-1fb1-4ac9-b460-7ebf4a4bc760", "is_elective": false, "elective_subject_name": "Physical Education", "elective_group_id": null}}, {"model": "base.lesson", "pk": "01453dfe-f88f-4b79-8dc0-1054890fa344", "fields": {"timetable": "ffa6ddca-8a45-4ff7-96c0-f1524a3d8634", "school": "bcacb03c-3116-4219-bccb-416d1d71aec0", "course": "c2a215e9-0e65-4b27-a73e-9ea954cdfff8", "allotted_teacher": "fc362b2f-d6c9-44f4-b8af-2813b2b4da5a", "classroom_assignment": "2291600d-d0b1-49a0-ab0a-e8460b9df9bb", "timeslot": "babe1bba-c7b4-48a5-9885-2c65ca5937f4", "is_elective": false, "elective_subject_name": "Science", "elective_group_id": null}}, {"model": "base.lesson", "pk": "0181daec-4033-46e3-b165-a8877a598833", "fields": {"timetable": "ffa6ddca-8a45-4ff7-96c0-f1524a3d8634", "school": "bcacb03c-3116-4219-bccb-416d1d71aec0", "course": "2e282bda-e91b-403c-9a21-a5e41301881d", "allotted_teacher": "5562caa2-4487-4db7-b71a-6bb8c5a9d790", "classroom_assignment": "ae91ceb1-6f8e-40de-af22-f79f5cbcbb46", "timeslot": "391f7511-79dc-4e70-9b6d-58aeb1acf061", "is_elective": true, "elective_subject_name": "Foreign Languages", "elective_group_id": null}}, {"model": "base.lesson", "pk": "0183d6c0-fe71-4a22-9fcd-43b85167a5b5", "fields": {"timetable": "d64a5f5f-563a-4330-b058-562085b2e663", "school": "bcacb03c-3116-4219-bccb-416d1d71aec0", "course": "5b80d858-3f33-4057-bde6-ada4f8d90974", "allotted_teacher": "e5f56c21-bbb3-41c8-87fe-ce202585d6cd", "classroom_assignment": "223a7b46-7c46-4566-8a47-3cf43bc24f54", "timeslot": "d3dc5016-8f0b-499b-be10-d3249e03f174", "is_elective": false, "elective_subject_name": "Mathamatics", "elective_group_id": null}}, {"model": "base.lesson", "pk": "02feea2e-ba48-4c31-8583-cc08d371a69a", "fields": {"timetable": "ffa6ddca-8a45-4ff7-96c0-f1524a3d8634", "school": "bcacb03c-3116-4219-bccb-416d1d71aec0", "course": "73c678eb-03fc-41d6-bd3b-472b1fc2d1a0", "allotted_teacher": "9453c830-b944-43e5-b641-c197d6f3081d", "classroom_assignment": "f2ba4af1-f215-4816-9144-46d195e32f0d", "timeslot": "1ac65f02-23dd-43b6-9b1f-c19b3112ea5e", "is_elective": false, "elective_subject_name": "Information Technology", "elective_group_id": null}}, {"model": "base.lesson", "pk": "035173dc-46c6-4937-9594-590f1ea4e217", "fields": {"timetable": "d64a5f5f-563a-4330-b058-562085b2e663", "school": "bcacb03c-3116-4219-bccb-416d1d71aec0", "course": "141404f1-3459-4c61-a55c-596f9fe7419d", "allotted_teacher": "c2707629-30d4-458c-a400-c8dd21658092", "classroom_assignment": "f638d387-3f39-4b7a-acdf-519f60349e60", "timeslot": "696c3c22-3c7e-4771-85da-205843d3b59c", "is_elective": false, "elective_subject_name": "Information Technology", "elective_group_id": null}}, {"model": "base.lesson", "pk": "07b7098e-5f04-49fc-9d3b-3a8b2d9b750f", "fields": {"timetable": "d64a5f5f-563a-4330-b058-562085b2e663", "school": "bcacb03c-3116-4219-bccb-416d1d71aec0", "course": "8ef24942-a465-4dac-8281-c240c2746277", "allotted_teacher": "ece08802-9856-450a-b205-179536e215c8", "classroom_assignment": "877aa577-ad23-4560-83d2-587658e6ea81", "timeslot": "8369bda4-a776-4b13-8676-94f197537b68", "is_elective": false, "elective_subject_name": "Physical Education", "elective_group_id": null}}, {"model": "base.lesson", "pk": "08861a4c-d083-4e30-b731-d3bfb909a929", "fields": {"timetable": "ffa6ddca-8a45-4ff7-96c0-f1524a3d8634", "school": "bcacb03c-3116-4219-bccb-416d1d71aec0", "course": "73c678eb-03fc-41d6-bd3b-472b1fc2d1a0", "allotted_teacher": "9453c830-b944-43e5-b641-c197d6f3081d", "classroom_assignment": "f2ba4af1-f215-4816-9144-46d195e32f0d", "timeslot": "e17bf3f3-d170-4c4b-9597-84c168adb491", "is_elective": false, "elective_subject_name": "Information Technology", "elective_group_id": null}}, {"model": "base.lesson", "pk": "08c7ddb9-6277-4630-9497-aab54fd578fb", "fields": {"timetable": "d64a5f5f-563a-4330-b058-562085b2e663", "school": "bcacb03c-3116-4219-bccb-416d1d71aec0", "course": "d04761db-cfa5-4b98-b4d2-2c6162d9ce61", "allotted_teacher": "1dfe660e-822d-4429-9e72-b6867ce5caa4", "classroom_assignment": "223a7b46-7c46-4566-8a47-3cf43bc24f54", "timeslot": "d9fb8e53-ed3a-4053-bc6e-32dcf223b202", "is_elective": false, "elective_subject_name": "Social Studies", "elective_group_id": null}}, {"model": "base.lesson", "pk": "0aeff416-ba0a-48df-ae15-79afe4671985", "fields": {"timetable": "ffa6ddca-8a45-4ff7-96c0-f1524a3d8634", "school": "bcacb03c-3116-4219-bccb-416d1d71aec0", "course": "cda909c4-8c13-449a-9d77-a36ce73d21bc", "allotted_teacher": "c7c255df-5d5f-4804-9631-0c5ea568cd7e", "classroom_assignment": "2291600d-d0b1-49a0-ab0a-e8460b9df9bb", "timeslot": "1f27be30-aafc-4e2d-8f06-79d6ba5cee57", "is_elective": false, "elective_subject_name": "Physical Education", "elective_group_id": null}}, {"model": "base.lesson", "pk": "0b996611-3989-4905-82eb-3b730ceb02a4", "fields": {"timetable": "ffa6ddca-8a45-4ff7-96c0-f1524a3d8634", "school": "bcacb03c-3116-4219-bccb-416d1d71aec0", "course": "c2a215e9-0e65-4b27-a73e-9ea954cdfff8", "allotted_teacher": "fc362b2f-d6c9-44f4-b8af-2813b2b4da5a", "classroom_assignment": "2291600d-d0b1-49a0-ab0a-e8460b9df9bb", "timeslot": "40ce9860-0008-4262-8dd6-718a2bd7a29f", "is_elective": false, "elective_subject_name": "Science", "elective_group_id": null}}, {"model": "base.lesson", "pk": "0ca0ece7-43e0-4128-b2b9-a250b51bf228", "fields": {"timetable": "ffa6ddca-8a45-4ff7-96c0-f1524a3d8634", "school": "bcacb03c-3116-4219-bccb-416d1d71aec0", "course": "cda909c4-8c13-449a-9d77-a36ce73d21bc", "allotted_teacher": "c7c255df-5d5f-4804-9631-0c5ea568cd7e", "classroom_assignment": "0971f63b-9b9d-49a4-a4b2-36e408b4f2c4", "timeslot": "e17bf3f3-d170-4c4b-9597-84c168adb491", "is_elective": false, "elective_subject_name": "Physical Education", "elective_group_id": null}}, {"model": "base.lesson", "pk": "0d3ba50c-7fe5-42fb-a8d2-a22217c7952c", "fields": {"timetable": "94e62c4d-04b1-4191-8526-a21c30a8bc74", "school": "bcacb03c-3116-4219-bccb-416d1d71aec0", "course": "d8864c8d-016e-4671-ab65-56cffd11bf71", "allotted_teacher": "ba3fbfce-f65d-46bb-aa42-9143c3efab0a", "classroom_assignment": "0dff30a8-00e6-45bd-bf0a-e4a83602c6fb", "timeslot": "edd89010-6476-4884-9d46-a777c6262f75", "is_elective": false, "elective_subject_name": "Mathamatics", "elective_group_id": null}}, {"model": "base.lesson", "pk": "0dc80f1d-d82b-4ecc-998e-c40a78ff6da0", "fields": {"timetable": "94e62c4d-04b1-4191-8526-a21c30a8bc74", "school": "bcacb03c-3116-4219-bccb-416d1d71aec0", "course": "e88cd0d4-4da6-48fd-b08f-a9f9b1aa9933", "allotted_teacher": "4b01b001-4dc3-4aa8-bf3a-4e9dc8e1f1e9", "classroom_assignment": "1ad55561-054c-4710-9a97-72b38bb8795d", "timeslot": "733f2ba1-d2db-4da6-9dd0-704137cc2dfe", "is_elective": false, "elective_subject_name": "Information Technology", "elective_group_id": null}}, {"model": "base.lesson", "pk": "0e70b88c-2114-4502-9261-f39e07da0ca6", "fields": {"timetable": "94e62c4d-04b1-4191-8526-a21c30a8bc74", "school": "bcacb03c-3116-4219-bccb-416d1d71aec0", "course": "48875e8f-5e6e-4456-b094-274236e0d8dc", "allotted_teacher": "a21bc5ff-dc08-4884-b9d9-b8d3d21e4b0f", "classroom_assignment": "0dff30a8-00e6-45bd-bf0a-e4a83602c6fb", "timeslot": "2d09e7d8-ddfb-44c7-8fa2-7a6408fc5a57", "is_elective": true, "elective_subject_name": "Foreign Languages", "elective_group_id": null}}, {"model": "base.lesson", "pk": "0ec472ff-dc61-4394-a36b-502447697014", "fields": {"timetable": "ffa6ddca-8a45-4ff7-96c0-f1524a3d8634", "school": "bcacb03c-3116-4219-bccb-416d1d71aec0", "course": "79989055-058d-4d23-a1ca-7c4a1263b934", "allotted_teacher": "f316a99a-bef3-4c6b-b86d-63c2960a8d95", "classroom_assignment": "e6ca3cb8-24b4-4b09-944d-f5819405f7d1", "timeslot": "ab45d476-f840-47ba-8852-2e1faca77e4f", "is_elective": false, "elective_subject_name": "Mathamatics", "elective_group_id": null}}, {"model": "base.lesson", "pk": "0eee4569-e91b-4bc4-9b5c-d14e8e185ec5", "fields": {"timetable": "ffa6ddca-8a45-4ff7-96c0-f1524a3d8634", "school": "bcacb03c-3116-4219-bccb-416d1d71aec0", "course": "2e282bda-e91b-403c-9a21-a5e41301881d", "allotted_teacher": "5562caa2-4487-4db7-b71a-6bb8c5a9d790", "classroom_assignment": "2291600d-d0b1-49a0-ab0a-e8460b9df9bb", "timeslot": "d01c8282-6d78-46a0-8bce-62e61e19753a", "is_elective": true, "elective_subject_name": "Foreign Languages", "elective_group_id": null}}, {"model": "base.lesson", "pk": "0f146703-1365-4aa5-9ab1-709aa3259749", "fields": {"timetable": "ffa6ddca-8a45-4ff7-96c0-f1524a3d8634", "school": "bcacb03c-3116-4219-bccb-416d1d71aec0", "course": "79989055-058d-4d23-a1ca-7c4a1263b934", "allotted_teacher": "03c4424a-2f14-41a6-a69c-8fe636efbf4c", "classroom_assignment": "0161318e-203d-476a-9cf2-d64aba621f25", "timeslot": "65618609-3f12-45e9-ab9e-f2a8e43bca65", "is_elective": false, "elective_subject_name": "Mathamatics", "elective_group_id": null}}, {"model": "base.lesson", "pk": "0f35ce75-7ba3-4872-86ba-34664ab85c55", "fields": {"timetable": "ffa6ddca-8a45-4ff7-96c0-f1524a3d8634", "school": "bcacb03c-3116-4219-bccb-416d1d71aec0", "course": "79989055-058d-4d23-a1ca-7c4a1263b934", "allotted_teacher": "03c4424a-2f14-41a6-a69c-8fe636efbf4c", "classroom_assignment": "2291600d-d0b1-49a0-ab0a-e8460b9df9bb", "timeslot": "ab45d476-f840-47ba-8852-2e1faca77e4f", "is_elective": false, "elective_subject_name": "Mathamatics", "elective_group_id": null}}, {"model": "base.lesson", "pk": "0f403207-d43d-4b9d-a332-99cb294eb779", "fields": {"timetable": "94e62c4d-04b1-4191-8526-a21c30a8bc74", "school": "bcacb03c-3116-4219-bccb-416d1d71aec0", "course": "8f6547a3-437a-4a3b-ace9-0eb0061decd3", "allotted_teacher": "bbed5eb4-2735-442c-92df-58bc6e4b36b5", "classroom_assignment": "8372d896-2ac1-4e40-a939-b30acebdce7e", "timeslot": "f1143f76-6681-4ffc-9e9f-cf8066978dd4", "is_elective": true, "elective_subject_name": "Foreign Languages", "elective_group_id": null}}, {"model": "base.lesson", "pk": "121f3b35-15bc-4e6c-b1c7-498789295ec3", "fields": {"timetable": "d64a5f5f-563a-4330-b058-562085b2e663", "school": "bcacb03c-3116-4219-bccb-416d1d71aec0", "course": "10367142-00b5-4df3-8a90-b1affaa30395", "allotted_teacher": "fb8b76cf-ec99-4bfd-a2cf-fe385518dc16", "classroom_assignment": "bb939fab-7888-4259-81e2-32d31741842c", "timeslot": "9315e134-e4a7-4028-b51b-876427af1da5", "is_elective": false, "elective_subject_name": "Science", "elective_group_id": null}}, {"model": "base.lesson", "pk": "128d8690-cb35-4db2-bedd-720da2bf1c6e", "fields": {"timetable": "ffa6ddca-8a45-4ff7-96c0-f1524a3d8634", "school": "bcacb03c-3116-4219-bccb-416d1d71aec0", "course": "c2a215e9-0e65-4b27-a73e-9ea954cdfff8", "allotted_teacher": "66d52581-9c82-4382-9134-9d86ce730268", "classroom_assignment": "0971f63b-9b9d-49a4-a4b2-36e408b4f2c4", "timeslot": "ab45d476-f840-47ba-8852-2e1faca77e4f", "is_elective": false, "elective_subject_name": "Science", "elective_group_id": null}}, {"model": "base.lesson", "pk": "1348a069-25c1-430a-b263-9416297635d5", "fields": {"timetable": "94e62c4d-04b1-4191-8526-a21c30a8bc74", "school": "bcacb03c-3116-4219-bccb-416d1d71aec0", "course": "2b73e002-b905-4ec8-9e08-28316e1c99e7", "allotted_teacher": "b502783c-d02f-4bfb-b837-5f326cbaa0fb", "classroom_assignment": "0dff30a8-00e6-45bd-bf0a-e4a83602c6fb", "timeslot": "56017fed-9b98-4c69-afc4-16200e6bed67", "is_elective": false, "elective_subject_name": "Science", "elective_group_id": null}}, {"model": "base.lesson", "pk": "13912ef1-1e71-4e09-96f7-970c01129c91", "fields": {"timetable": "d64a5f5f-563a-4330-b058-562085b2e663", "school": "bcacb03c-3116-4219-bccb-416d1d71aec0", "course": "5b80d858-3f33-4057-bde6-ada4f8d90974", "allotted_teacher": "8ff11ca0-b290-4340-8f93-a5fef6774614", "classroom_assignment": "39d8ee26-2e4d-4352-b11c-9aac2e0af60b", "timeslot": "c226a09f-fe96-4bfe-947e-ae7727c5d4af", "is_elective": false, "elective_subject_name": "Mathamatics", "elective_group_id": null}}, {"model": "base.lesson", "pk": "14e2ba44-9907-431c-8c6d-44f15b8917c9", "fields": {"timetable": "d64a5f5f-563a-4330-b058-562085b2e663", "school": "bcacb03c-3116-4219-bccb-416d1d71aec0", "course": "5b80d858-3f33-4057-bde6-ada4f8d90974", "allotted_teacher": "e5f56c21-bbb3-41c8-87fe-ce202585d6cd", "classroom_assignment": "223a7b46-7c46-4566-8a47-3cf43bc24f54", "timeslot": "88730896-eaf9-4da2-9700-bc06837a33fe", "is_elective": false, "elective_subject_name": "Mathamatics", "elective_group_id": null}}, {"model": "base.lesson", "pk": "1517af29-5ed3-43ef-af83-71e1cefa41a5", "fields": {"timetable": "94e62c4d-04b1-4191-8526-a21c30a8bc74", "school": "bcacb03c-3116-4219-bccb-416d1d71aec0", "course": "193e485a-b8c1-4058-a53a-2ebf7262c3c0", "allotted_teacher": "4acb0500-df2f-4789-9a5a-48b7e984729d", "classroom_assignment": "fbd6b9d9-b4b9-4a29-9485-c8299ae30d90", "timeslot": "2d09e7d8-ddfb-44c7-8fa2-7a6408fc5a57", "is_elective": false, "elective_subject_name": "Arabic", "elective_group_id": null}}, {"model": "base.lesson", "pk": "1543c267-4549-48a5-9ba6-e51cd198d41e", "fields": {"timetable": "94e62c4d-04b1-4191-8526-a21c30a8bc74", "school": "bcacb03c-3116-4219-bccb-416d1d71aec0", "course": "e88cd0d4-4da6-48fd-b08f-a9f9b1aa9933", "allotted_teacher": "4b01b001-4dc3-4aa8-bf3a-4e9dc8e1f1e9", "classroom_assignment": "1ad55561-054c-4710-9a97-72b38bb8795d", "timeslot": "79bdad31-7303-4409-b164-4a84a3261dc9", "is_elective": false, "elective_subject_name": "Information Technology", "elective_group_id": null}}, {"model": "base.lesson", "pk": "1602230a-b4f5-4bf3-a0b2-4cc7d92328df", "fields": {"timetable": "d64a5f5f-563a-4330-b058-562085b2e663", "school": "bcacb03c-3116-4219-bccb-416d1d71aec0", "course": "10367142-00b5-4df3-8a90-b1affaa30395", "allotted_teacher": "fb8b76cf-ec99-4bfd-a2cf-fe385518dc16", "classroom_assignment": "bb939fab-7888-4259-81e2-32d31741842c", "timeslot": "a46714aa-9dcf-4b0b-bb70-38f5e3d734cb", "is_elective": false, "elective_subject_name": "Science", "elective_group_id": null}}, {"model": "base.lesson", "pk": "1656cf0a-ea1f-4500-ae35-0413e33007cd", "fields": {"timetable": "d64a5f5f-563a-4330-b058-562085b2e663", "school": "bcacb03c-3116-4219-bccb-416d1d71aec0", "course": "d04761db-cfa5-4b98-b4d2-2c6162d9ce61", "allotted_teacher": "1dfe660e-822d-4429-9e72-b6867ce5caa4", "classroom_assignment": "877aa577-ad23-4560-83d2-587658e6ea81", "timeslot": "437ccab4-9084-4edd-83e7-c52ec5db756a", "is_elective": false, "elective_subject_name": "Social Studies", "elective_group_id": null}}, {"model": "base.lesson", "pk": "1701a849-f9a0-42e7-add6-f900525b51e9", "fields": {"timetable": "ffa6ddca-8a45-4ff7-96c0-f1524a3d8634", "school": "bcacb03c-3116-4219-bccb-416d1d71aec0", "course": "73c678eb-03fc-41d6-bd3b-472b1fc2d1a0", "allotted_teacher": "9453c830-b944-43e5-b641-c197d6f3081d", "classroom_assignment": "f2ba4af1-f215-4816-9144-46d195e32f0d", "timeslot": "391f7511-79dc-4e70-9b6d-58aeb1acf061", "is_elective": false, "elective_subject_name": "Information Technology", "elective_group_id": null}}, {"model": "base.lesson", "pk": "19335f98-2e06-4606-a3b0-5757a8d3431f", "fields": {"timetable": "ffa6ddca-8a45-4ff7-96c0-f1524a3d8634", "school": "bcacb03c-3116-4219-bccb-416d1d71aec0", "course": "79989055-058d-4d23-a1ca-7c4a1263b934", "allotted_teacher": "f316a99a-bef3-4c6b-b86d-63c2960a8d95", "classroom_assignment": "11dddf23-cf39-48bb-9c3e-35f15d0fd4f5", "timeslot": "d01c8282-6d78-46a0-8bce-62e61e19753a", "is_elective": false, "elective_subject_name": "Mathamatics", "elective_group_id": null}}, {"model": "base.lesson", "pk": "198a4832-9bf3-41f9-b033-9c7b02cc7485", "fields": {"timetable": "ffa6ddca-8a45-4ff7-96c0-f1524a3d8634", "school": "bcacb03c-3116-4219-bccb-416d1d71aec0", "course": "7f742d5a-8d17-4081-85ea-bf067110b01e", "allotted_teacher": "e6f6f872-5b58-4507-99a4-4857c51b51d2", "classroom_assignment": "11dddf23-cf39-48bb-9c3e-35f15d0fd4f5", "timeslot": "babe1bba-c7b4-48a5-9885-2c65ca5937f4", "is_elective": false, "elective_subject_name": "Arabic", "elective_group_id": null}}, {"model": "base.lesson", "pk": "1994f839-4217-45a1-8618-c48d0d1a0762", "fields": {"timetable": "d64a5f5f-563a-4330-b058-562085b2e663", "school": "bcacb03c-3116-4219-bccb-416d1d71aec0", "course": "5b80d858-3f33-4057-bde6-ada4f8d90974", "allotted_teacher": "8ff11ca0-b290-4340-8f93-a5fef6774614", "classroom_assignment": "39d8ee26-2e4d-4352-b11c-9aac2e0af60b", "timeslot": "88730896-eaf9-4da2-9700-bc06837a33fe", "is_elective": false, "elective_subject_name": "Mathamatics", "elective_group_id": null}}, {"model": "base.lesson", "pk": "19f7bf17-b04d-40c4-835d-d49b79896bf5", "fields": {"timetable": "d64a5f5f-563a-4330-b058-562085b2e663", "school": "bcacb03c-3116-4219-bccb-416d1d71aec0", "course": "d4641dcb-a785-43e2-bf76-25843d59e307", "allotted_teacher": "2ae11f7f-1398-4f47-922a-bbac6dfa4de7", "classroom_assignment": "223a7b46-7c46-4566-8a47-3cf43bc24f54", "timeslot": "14cb7299-0f2b-49d2-85aa-4ffb373789c0", "is_elective": true, "elective_subject_name": "Foreign Languages", "elective_group_id": null}}, {"model": "base.lesson", "pk": "1a9dcfa9-f7bd-480d-be44-4fa2ec5e30db", "fields": {"timetable": "d64a5f5f-563a-4330-b058-562085b2e663", "school": "bcacb03c-3116-4219-bccb-416d1d71aec0", "course": "d04761db-cfa5-4b98-b4d2-2c6162d9ce61", "allotted_teacher": "1dfe660e-822d-4429-9e72-b6867ce5caa4", "classroom_assignment": "877aa577-ad23-4560-83d2-587658e6ea81", "timeslot": "696c3c22-3c7e-4771-85da-205843d3b59c", "is_elective": false, "elective_subject_name": "Social Studies", "elective_group_id": null}}, {"model": "base.lesson", "pk": "1b45f853-e2f9-48e2-aaa8-c2fc197df7f6", "fields": {"timetable": "ffa6ddca-8a45-4ff7-96c0-f1524a3d8634", "school": "bcacb03c-3116-4219-bccb-416d1d71aec0", "course": "79989055-058d-4d23-a1ca-7c4a1263b934", "allotted_teacher": "f316a99a-bef3-4c6b-b86d-63c2960a8d95", "classroom_assignment": "11dddf23-cf39-48bb-9c3e-35f15d0fd4f5", "timeslot": "391f7511-79dc-4e70-9b6d-58aeb1acf061", "is_elective": false, "elective_subject_name": "Mathamatics", "elective_group_id": null}}, {"model": "base.lesson", "pk": "1d19d444-22cf-4171-ad01-09239005f34d", "fields": {"timetable": "94e62c4d-04b1-4191-8526-a21c30a8bc74", "school": "bcacb03c-3116-4219-bccb-416d1d71aec0", "course": "2b73e002-b905-4ec8-9e08-28316e1c99e7", "allotted_teacher": "b502783c-d02f-4bfb-b837-5f326cbaa0fb", "classroom_assignment": "e15c655a-86d6-4e6b-81cb-3a1c33fcc535", "timeslot": "733f2ba1-d2db-4da6-9dd0-704137cc2dfe", "is_elective": false, "elective_subject_name": "Science", "elective_group_id": null}}, {"model": "base.lesson", "pk": "1d957996-7216-49e5-9a29-c22b97f39749", "fields": {"timetable": "d64a5f5f-563a-4330-b058-562085b2e663", "school": "bcacb03c-3116-4219-bccb-416d1d71aec0", "course": "5b80d858-3f33-4057-bde6-ada4f8d90974", "allotted_teacher": "e5f56c21-bbb3-41c8-87fe-ce202585d6cd", "classroom_assignment": "877aa577-ad23-4560-83d2-587658e6ea81", "timeslot": "9315e134-e4a7-4028-b51b-876427af1da5", "is_elective": false, "elective_subject_name": "Mathamatics", "elective_group_id": null}}, {"model": "base.lesson", "pk": "1e11c69f-c6d4-432b-9877-4e3b66578456", "fields": {"timetable": "94e62c4d-04b1-4191-8526-a21c30a8bc74", "school": "bcacb03c-3116-4219-bccb-416d1d71aec0", "course": "8f1bcd43-45a4-4ccb-bfa9-31e9bb15fb90", "allotted_teacher": "033afd22-8117-4096-871e-945d12ca6d97", "classroom_assignment": "0dff30a8-00e6-45bd-bf0a-e4a83602c6fb", "timeslot": "1a39d9c6-aef6-47fd-b602-0890bb565c6f", "is_elective": false, "elective_subject_name": "Social Studies", "elective_group_id": null}}, {"model": "base.lesson", "pk": "1e33b6f2-bc10-499d-9238-0c3409dab4f7", "fields": {"timetable": "94e62c4d-04b1-4191-8526-a21c30a8bc74", "school": "bcacb03c-3116-4219-bccb-416d1d71aec0", "course": "8f6547a3-437a-4a3b-ace9-0eb0061decd3", "allotted_teacher": "bbed5eb4-2735-442c-92df-58bc6e4b36b5", "classroom_assignment": "1103843c-ed1e-45ec-94ab-3dfe5796cf75", "timeslot": "2d09e7d8-ddfb-44c7-8fa2-7a6408fc5a57", "is_elective": true, "elective_subject_name": "Foreign Languages", "elective_group_id": null}}, {"model": "base.lesson", "pk": "1ed3f898-6d6f-4c61-8bf3-2cd3da665b64", "fields": {"timetable": "ffa6ddca-8a45-4ff7-96c0-f1524a3d8634", "school": "bcacb03c-3116-4219-bccb-416d1d71aec0", "course": "73c678eb-03fc-41d6-bd3b-472b1fc2d1a0", "allotted_teacher": "9453c830-b944-43e5-b641-c197d6f3081d", "classroom_assignment": "f2ba4af1-f215-4816-9144-46d195e32f0d", "timeslot": "8e392098-0f7c-44f4-bc3f-31b2dd118b32", "is_elective": false, "elective_subject_name": "Information Technology", "elective_group_id": null}}, {"model": "base.lesson", "pk": "1f180c86-4315-4bfd-947d-c7eb7e177b6f", "fields": {"timetable": "d64a5f5f-563a-4330-b058-562085b2e663", "school": "bcacb03c-3116-4219-bccb-416d1d71aec0", "course": "d4641dcb-a785-43e2-bf76-25843d59e307", "allotted_teacher": "2ae11f7f-1398-4f47-922a-bbac6dfa4de7", "classroom_assignment": "b312bbfd-e660-4f48-afee-8d2b0f592542", "timeslot": "ddcf369f-2451-4900-87b3-eed7434c16bf", "is_elective": true, "elective_subject_name": "Foreign Languages", "elective_group_id": null}}, {"model": "base.lesson", "pk": "1f3cb5ef-6d1e-472f-862a-b3a569c19eb2", "fields": {"timetable": "ffa6ddca-8a45-4ff7-96c0-f1524a3d8634", "school": "bcacb03c-3116-4219-bccb-416d1d71aec0", "course": "73c678eb-03fc-41d6-bd3b-472b1fc2d1a0", "allotted_teacher": "9453c830-b944-43e5-b641-c197d6f3081d", "classroom_assignment": "f2ba4af1-f215-4816-9144-46d195e32f0d", "timeslot": "5b4446e7-bbb9-4aec-aafe-ead2eed73647", "is_elective": false, "elective_subject_name": "Information Technology", "elective_group_id": null}}, {"model": "base.lesson", "pk": "1fff3231-bab1-4e0e-a2b4-4277ec773aed", "fields": {"timetable": "94e62c4d-04b1-4191-8526-a21c30a8bc74", "school": "bcacb03c-3116-4219-bccb-416d1d71aec0", "course": "d8864c8d-016e-4671-ab65-56cffd11bf71", "allotted_teacher": "ba3fbfce-f65d-46bb-aa42-9143c3efab0a", "classroom_assignment": "1103843c-ed1e-45ec-94ab-3dfe5796cf75", "timeslot": "4f87734b-3279-4ffa-b0f7-09be03e2d5b2", "is_elective": false, "elective_subject_name": "Mathamatics", "elective_group_id": null}}, {"model": "base.lesson", "pk": "21c550a1-3f24-4e67-810b-fa489ef64932", "fields": {"timetable": "94e62c4d-04b1-4191-8526-a21c30a8bc74", "school": "bcacb03c-3116-4219-bccb-416d1d71aec0", "course": "48875e8f-5e6e-4456-b094-274236e0d8dc", "allotted_teacher": "a21bc5ff-dc08-4884-b9d9-b8d3d21e4b0f", "classroom_assignment": "bf064af5-0932-414c-bd91-cec2099c1e65", "timeslot": "cb477346-7a53-4062-9fd6-ad9779d6400b", "is_elective": true, "elective_subject_name": "Foreign Languages", "elective_group_id": null}}, {"model": "base.lesson", "pk": "239bd375-745b-477f-9a70-75cbdbab65eb", "fields": {"timetable": "ffa6ddca-8a45-4ff7-96c0-f1524a3d8634", "school": "bcacb03c-3116-4219-bccb-416d1d71aec0", "course": "cda909c4-8c13-449a-9d77-a36ce73d21bc", "allotted_teacher": "c7c255df-5d5f-4804-9631-0c5ea568cd7e", "classroom_assignment": "11dddf23-cf39-48bb-9c3e-35f15d0fd4f5", "timeslot": "fa1ddea9-0fcc-4796-a9ec-5ecdbf8399a8", "is_elective": false, "elective_subject_name": "Physical Education", "elective_group_id": null}}, {"model": "base.lesson", "pk": "24046ee5-8f45-4c19-884b-3526497c654a", "fields": {"timetable": "ffa6ddca-8a45-4ff7-96c0-f1524a3d8634", "school": "bcacb03c-3116-4219-bccb-416d1d71aec0", "course": "79989055-058d-4d23-a1ca-7c4a1263b934", "allotted_teacher": "f316a99a-bef3-4c6b-b86d-63c2960a8d95", "classroom_assignment": "0971f63b-9b9d-49a4-a4b2-36e408b4f2c4", "timeslot": "483a9c96-5df4-4654-8eac-77b3883ca797", "is_elective": false, "elective_subject_name": "Mathamatics", "elective_group_id": null}}, {"model": "base.lesson", "pk": "2454b88c-24ec-4745-933e-9ea507bad670", "fields": {"timetable": "d64a5f5f-563a-4330-b058-562085b2e663", "school": "bcacb03c-3116-4219-bccb-416d1d71aec0", "course": "141404f1-3459-4c61-a55c-596f9fe7419d", "allotted_teacher": "c2707629-30d4-458c-a400-c8dd21658092", "classroom_assignment": "f638d387-3f39-4b7a-acdf-519f60349e60", "timeslot": "36898347-bc39-430b-b49d-fd1cf478365f", "is_elective": false, "elective_subject_name": "Information Technology", "elective_group_id": null}}, {"model": "base.lesson", "pk": "250dd27a-34a3-403a-a38e-648e6f6869be", "fields": {"timetable": "d64a5f5f-563a-4330-b058-562085b2e663", "school": "bcacb03c-3116-4219-bccb-416d1d71aec0", "course": "10367142-00b5-4df3-8a90-b1affaa30395", "allotted_teacher": "801e04f3-2ed4-4845-b7f8-ad8ab61e5adf", "classroom_assignment": "223a7b46-7c46-4566-8a47-3cf43bc24f54", "timeslot": "75a56361-bade-42ab-91e2-c7d575e52bf8", "is_elective": false, "elective_subject_name": "Science", "elective_group_id": null}}, {"model": "base.lesson", "pk": "254b3ade-6fce-4415-a964-8314c1c4ba4d", "fields": {"timetable": "ffa6ddca-8a45-4ff7-96c0-f1524a3d8634", "school": "bcacb03c-3116-4219-bccb-416d1d71aec0", "course": "73c678eb-03fc-41d6-bd3b-472b1fc2d1a0", "allotted_teacher": "9453c830-b944-43e5-b641-c197d6f3081d", "classroom_assignment": "f2ba4af1-f215-4816-9144-46d195e32f0d", "timeslot": "d482160a-b77e-45a0-8491-ed3da55e7b3c", "is_elective": false, "elective_subject_name": "Information Technology", "elective_group_id": null}}, {"model": "base.lesson", "pk": "25659ea0-8af7-47ce-8893-c7f5eaec4f28", "fields": {"timetable": "ffa6ddca-8a45-4ff7-96c0-f1524a3d8634", "school": "bcacb03c-3116-4219-bccb-416d1d71aec0", "course": "79989055-058d-4d23-a1ca-7c4a1263b934", "allotted_teacher": "03c4424a-2f14-41a6-a69c-8fe636efbf4c", "classroom_assignment": "598063a2-2c28-476c-993d-fe08c92c4815", "timeslot": "1f27be30-aafc-4e2d-8f06-79d6ba5cee57", "is_elective": false, "elective_subject_name": "Mathamatics", "elective_group_id": null}}, {"model": "base.lesson", "pk": "257d3cd8-dd53-4400-a084-d8d9257a3819", "fields": {"timetable": "94e62c4d-04b1-4191-8526-a21c30a8bc74", "school": "bcacb03c-3116-4219-bccb-416d1d71aec0", "course": "d8864c8d-016e-4671-ab65-56cffd11bf71", "allotted_teacher": "ab23df76-40cc-4a34-89e1-809d37bf4821", "classroom_assignment": "fbd6b9d9-b4b9-4a29-9485-c8299ae30d90", "timeslot": "56017fed-9b98-4c69-afc4-16200e6bed67", "is_elective": false, "elective_subject_name": "Mathamatics", "elective_group_id": null}}, {"model": "base.lesson", "pk": "267dbfe4-64e8-45f2-9ba9-a9a83a54c6c9", "fields": {"timetable": "d64a5f5f-563a-4330-b058-562085b2e663", "school": "bcacb03c-3116-4219-bccb-416d1d71aec0", "course": "141404f1-3459-4c61-a55c-596f9fe7419d", "allotted_teacher": "c2707629-30d4-458c-a400-c8dd21658092", "classroom_assignment": "f638d387-3f39-4b7a-acdf-519f60349e60", "timeslot": "6ce618a8-6596-49af-91a9-fa60606a8ae0", "is_elective": false, "elective_subject_name": "Information Technology", "elective_group_id": null}}, {"model": "base.lesson", "pk": "26ea66a0-ff91-49b1-a2d3-0107f741cd67", "fields": {"timetable": "ffa6ddca-8a45-4ff7-96c0-f1524a3d8634", "school": "bcacb03c-3116-4219-bccb-416d1d71aec0", "course": "73c678eb-03fc-41d6-bd3b-472b1fc2d1a0", "allotted_teacher": "9453c830-b944-43e5-b641-c197d6f3081d", "classroom_assignment": "f2ba4af1-f215-4816-9144-46d195e32f0d", "timeslot": "40ce9860-0008-4262-8dd6-718a2bd7a29f", "is_elective": false, "elective_subject_name": "Information Technology", "elective_group_id": null}}, {"model": "base.lesson", "pk": "27e35737-6f21-4438-95f5-4065dd75dc85", "fields": {"timetable": "94e62c4d-04b1-4191-8526-a21c30a8bc74", "school": "bcacb03c-3116-4219-bccb-416d1d71aec0", "course": "e88cd0d4-4da6-48fd-b08f-a9f9b1aa9933", "allotted_teacher": "4b01b001-4dc3-4aa8-bf3a-4e9dc8e1f1e9", "classroom_assignment": "1ad55561-054c-4710-9a97-72b38bb8795d", "timeslot": "d04e11e7-bffe-4f84-ad5a-e4016b928ac1", "is_elective": false, "elective_subject_name": "Information Technology", "elective_group_id": null}}, {"model": "base.lesson", "pk": "287b1de5-01c8-4af5-bd3e-d4d92a39e3c9", "fields": {"timetable": "d64a5f5f-563a-4330-b058-562085b2e663", "school": "bcacb03c-3116-4219-bccb-416d1d71aec0", "course": "d4641dcb-a785-43e2-bf76-25843d59e307", "allotted_teacher": "2ae11f7f-1398-4f47-922a-bbac6dfa4de7", "classroom_assignment": "b312bbfd-e660-4f48-afee-8d2b0f592542", "timeslot": "9315e134-e4a7-4028-b51b-876427af1da5", "is_elective": true, "elective_subject_name": "Foreign Languages", "elective_group_id": null}}, {"model": "base.lesson", "pk": "28994f11-c800-4b77-8915-6523498e38ca", "fields": {"timetable": "ffa6ddca-8a45-4ff7-96c0-f1524a3d8634", "school": "bcacb03c-3116-4219-bccb-416d1d71aec0", "course": "c2a215e9-0e65-4b27-a73e-9ea954cdfff8", "allotted_teacher": "fc362b2f-d6c9-44f4-b8af-2813b2b4da5a", "classroom_assignment": "2291600d-d0b1-49a0-ab0a-e8460b9df9bb", "timeslot": "391f7511-79dc-4e70-9b6d-58aeb1acf061", "is_elective": false, "elective_subject_name": "Science", "elective_group_id": null}}, {"model": "base.lesson", "pk": "28beddc4-fdc2-4870-a388-2f78d5ffe19c", "fields": {"timetable": "94e62c4d-04b1-4191-8526-a21c30a8bc74", "school": "bcacb03c-3116-4219-bccb-416d1d71aec0", "course": "d8864c8d-016e-4671-ab65-56cffd11bf71", "allotted_teacher": "ab23df76-40cc-4a34-89e1-809d37bf4821", "classroom_assignment": "5701c8bf-c7c0-4445-8bc8-a8da53746976", "timeslot": "1a39d9c6-aef6-47fd-b602-0890bb565c6f", "is_elective": false, "elective_subject_name": "Mathamatics", "elective_group_id": null}}, {"model": "base.lesson", "pk": "2b7df320-438f-47fa-a19e-1d271cdb6024", "fields": {"timetable": "d64a5f5f-563a-4330-b058-562085b2e663", "school": "bcacb03c-3116-4219-bccb-416d1d71aec0", "course": "5b80d858-3f33-4057-bde6-ada4f8d90974", "allotted_teacher": "8ff11ca0-b290-4340-8f93-a5fef6774614", "classroom_assignment": "39d8ee26-2e4d-4352-b11c-9aac2e0af60b", "timeslot": "c31a1a57-e62d-4f9a-beb9-cba183b3f536", "is_elective": false, "elective_subject_name": "Mathamatics", "elective_group_id": null}}, {"model": "base.lesson", "pk": "2d330b05-c8c6-4808-bfad-3888bee56146", "fields": {"timetable": "94e62c4d-04b1-4191-8526-a21c30a8bc74", "school": "bcacb03c-3116-4219-bccb-416d1d71aec0", "course": "2b73e002-b905-4ec8-9e08-28316e1c99e7", "allotted_teacher": "b502783c-d02f-4bfb-b837-5f326cbaa0fb", "classroom_assignment": "1103843c-ed1e-45ec-94ab-3dfe5796cf75", "timeslot": "a04146de-6d2c-42d6-a1dc-1eb4a7f4c407", "is_elective": false, "elective_subject_name": "Science", "elective_group_id": null}}, {"model": "base.lesson", "pk": "2fc934cb-8a41-45cb-b2c9-1c73a429489a", "fields": {"timetable": "d64a5f5f-563a-4330-b058-562085b2e663", "school": "bcacb03c-3116-4219-bccb-416d1d71aec0", "course": "8ef24942-a465-4dac-8281-c240c2746277", "allotted_teacher": "ece08802-9856-450a-b205-179536e215c8", "classroom_assignment": "39d8ee26-2e4d-4352-b11c-9aac2e0af60b", "timeslot": "36898347-bc39-430b-b49d-fd1cf478365f", "is_elective": false, "elective_subject_name": "Physical Education", "elective_group_id": null}}, {"model": "base.lesson", "pk": "300c7573-83f4-4667-8d06-fd948f5280e3", "fields": {"timetable": "ffa6ddca-8a45-4ff7-96c0-f1524a3d8634", "school": "bcacb03c-3116-4219-bccb-416d1d71aec0", "course": "38e594ab-a4c5-4bcd-a224-c58c9f7c7339", "allotted_teacher": "77c2f149-74d1-4ec4-ae5f-847d6f4b9313", "classroom_assignment": "0161318e-203d-476a-9cf2-d64aba621f25", "timeslot": "fa1ddea9-0fcc-4796-a9ec-5ecdbf8399a8", "is_elective": false, "elective_subject_name": "Social Studies", "elective_group_id": null}}, {"model": "base.lesson", "pk": "334e3456-6f76-4a38-816f-a5713dd14bb1", "fields": {"timetable": "94e62c4d-04b1-4191-8526-a21c30a8bc74", "school": "bcacb03c-3116-4219-bccb-416d1d71aec0", "course": "2b73e002-b905-4ec8-9e08-28316e1c99e7", "allotted_teacher": "54fdfbd0-3f32-48b1-a9c5-abb74a8af799", "classroom_assignment": "5701c8bf-c7c0-4445-8bc8-a8da53746976", "timeslot": "d635f746-ceb5-4487-b7fd-4420023fd67b", "is_elective": false, "elective_subject_name": "Science", "elective_group_id": null}}, {"model": "base.lesson", "pk": "345e9504-3e01-45ac-9e4d-7f2097273220", "fields": {"timetable": "94e62c4d-04b1-4191-8526-a21c30a8bc74", "school": "bcacb03c-3116-4219-bccb-416d1d71aec0", "course": "8f1bcd43-45a4-4ccb-bfa9-31e9bb15fb90", "allotted_teacher": "033afd22-8117-4096-871e-945d12ca6d97", "classroom_assignment": "0dff30a8-00e6-45bd-bf0a-e4a83602c6fb", "timeslot": "c9ffa89b-e06d-4f35-a88c-7beb8188204c", "is_elective": false, "elective_subject_name": "Social Studies", "elective_group_id": null}}, {"model": "base.lesson", "pk": "3491d97d-3319-45f0-b372-bb596eefd45d", "fields": {"timetable": "d64a5f5f-563a-4330-b058-562085b2e663", "school": "bcacb03c-3116-4219-bccb-416d1d71aec0", "course": "10367142-00b5-4df3-8a90-b1affaa30395", "allotted_teacher": "801e04f3-2ed4-4845-b7f8-ad8ab61e5adf", "classroom_assignment": "877aa577-ad23-4560-83d2-587658e6ea81", "timeslot": "d9fb8e53-ed3a-4053-bc6e-32dcf223b202", "is_elective": false, "elective_subject_name": "Science", "elective_group_id": null}}, {"model": "base.lesson", "pk": "34ce7209-8f5d-44da-9d7b-cce7f62fbd1f", "fields": {"timetable": "94e62c4d-04b1-4191-8526-a21c30a8bc74", "school": "bcacb03c-3116-4219-bccb-416d1d71aec0", "course": "8f1bcd43-45a4-4ccb-bfa9-31e9bb15fb90", "allotted_teacher": "24a5e43a-bba1-48d7-b001-6fff952c45b3", "classroom_assignment": "fbd6b9d9-b4b9-4a29-9485-c8299ae30d90", "timeslot": "cb477346-7a53-4062-9fd6-ad9779d6400b", "is_elective": false, "elective_subject_name": "Social Studies", "elective_group_id": null}}, {"model": "base.lesson", "pk": "36f58af7-bea0-43c9-b1cc-adcd14455642", "fields": {"timetable": "ffa6ddca-8a45-4ff7-96c0-f1524a3d8634", "school": "bcacb03c-3116-4219-bccb-416d1d71aec0", "course": "79989055-058d-4d23-a1ca-7c4a1263b934", "allotted_teacher": "03c4424a-2f14-41a6-a69c-8fe636efbf4c", "classroom_assignment": "2291600d-d0b1-49a0-ab0a-e8460b9df9bb", "timeslot": "98566f66-09e4-486f-bacd-f808d036b787", "is_elective": false, "elective_subject_name": "Mathamatics", "elective_group_id": null}}, {"model": "base.lesson", "pk": "39ef338f-8d52-4473-8982-863427f4484e", "fields": {"timetable": "94e62c4d-04b1-4191-8526-a21c30a8bc74", "school": "bcacb03c-3116-4219-bccb-416d1d71aec0", "course": "8f1bcd43-45a4-4ccb-bfa9-31e9bb15fb90", "allotted_teacher": "24a5e43a-bba1-48d7-b001-6fff952c45b3", "classroom_assignment": "5701c8bf-c7c0-4445-8bc8-a8da53746976", "timeslot": "7c0ba615-7f2a-46db-9c70-67a22df874df", "is_elective": false, "elective_subject_name": "Social Studies", "elective_group_id": null}}, {"model": "base.lesson", "pk": "3acbed72-2441-4ea8-b5c5-51858ac62899", "fields": {"timetable": "ffa6ddca-8a45-4ff7-96c0-f1524a3d8634", "school": "bcacb03c-3116-4219-bccb-416d1d71aec0", "course": "cda909c4-8c13-449a-9d77-a36ce73d21bc", "allotted_teacher": "c7c255df-5d5f-4804-9631-0c5ea568cd7e", "classroom_assignment": "e6ca3cb8-24b4-4b09-944d-f5819405f7d1", "timeslot": "10a40c5d-20a5-40e5-b7f8-977e3a0bfbf3", "is_elective": false, "elective_subject_name": "Physical Education", "elective_group_id": null}}, {"model": "base.lesson", "pk": "3c1946db-0485-4868-9aed-c3fab9a1440e", "fields": {"timetable": "ffa6ddca-8a45-4ff7-96c0-f1524a3d8634", "school": "bcacb03c-3116-4219-bccb-416d1d71aec0", "course": "79989055-058d-4d23-a1ca-7c4a1263b934", "allotted_teacher": "03c4424a-2f14-41a6-a69c-8fe636efbf4c", "classroom_assignment": "598063a2-2c28-476c-993d-fe08c92c4815", "timeslot": "de44e0e0-f44b-4fcd-b7f2-ff198f428943", "is_elective": false, "elective_subject_name": "Mathamatics", "elective_group_id": null}}, {"model": "base.lesson", "pk": "3cd7a461-fc67-4d22-8014-ed98e5aacba3", "fields": {"timetable": "94e62c4d-04b1-4191-8526-a21c30a8bc74", "school": "bcacb03c-3116-4219-bccb-416d1d71aec0", "course": "7ccafef2-904c-4e6e-8c49-503cc011a9ed", "allotted_teacher": "cb0b6967-1dbf-4c87-ac64-a1555d537461", "classroom_assignment": "e15c655a-86d6-4e6b-81cb-3a1c33fcc535", "timeslot": "cb477346-7a53-4062-9fd6-ad9779d6400b", "is_elective": false, "elective_subject_name": "Physical Education", "elective_group_id": null}}, {"model": "base.lesson", "pk": "3d634d68-9b38-4291-8ec3-4044759e3573", "fields": {"timetable": "d64a5f5f-563a-4330-b058-562085b2e663", "school": "bcacb03c-3116-4219-bccb-416d1d71aec0", "course": "8ef24942-a465-4dac-8281-c240c2746277", "allotted_teacher": "ece08802-9856-450a-b205-179536e215c8", "classroom_assignment": "9b7bbbef-9518-4605-b335-c869ca80d28e", "timeslot": "cd8cf5b3-4bac-41f6-9571-eca3a6817c1e", "is_elective": false, "elective_subject_name": "Physical Education", "elective_group_id": null}}, {"model": "base.lesson", "pk": "3e500428-aaff-4620-ae32-44bb584a05c4", "fields": {"timetable": "d64a5f5f-563a-4330-b058-562085b2e663", "school": "bcacb03c-3116-4219-bccb-416d1d71aec0", "course": "5b80d858-3f33-4057-bde6-ada4f8d90974", "allotted_teacher": "8ff11ca0-b290-4340-8f93-a5fef6774614", "classroom_assignment": "bb939fab-7888-4259-81e2-32d31741842c", "timeslot": "ddcf369f-2451-4900-87b3-eed7434c16bf", "is_elective": false, "elective_subject_name": "Mathamatics", "elective_group_id": null}}, {"model": "base.lesson", "pk": "3eaad0f8-b448-4a12-8869-3fe7d1c6f530", "fields": {"timetable": "ffa6ddca-8a45-4ff7-96c0-f1524a3d8634", "school": "bcacb03c-3116-4219-bccb-416d1d71aec0", "course": "cda909c4-8c13-449a-9d77-a36ce73d21bc", "allotted_teacher": "c7c255df-5d5f-4804-9631-0c5ea568cd7e", "classroom_assignment": "11dddf23-cf39-48bb-9c3e-35f15d0fd4f5", "timeslot": "98566f66-09e4-486f-bacd-f808d036b787", "is_elective": false, "elective_subject_name": "Physical Education", "elective_group_id": null}}, {"model": "base.lesson", "pk": "406389c3-3e13-4996-9376-2dac445f703c", "fields": {"timetable": "d64a5f5f-563a-4330-b058-562085b2e663", "school": "bcacb03c-3116-4219-bccb-416d1d71aec0", "course": "d4641dcb-a785-43e2-bf76-25843d59e307", "allotted_teacher": "2ae11f7f-1398-4f47-922a-bbac6dfa4de7", "classroom_assignment": "223a7b46-7c46-4566-8a47-3cf43bc24f54", "timeslot": "696c3c22-3c7e-4771-85da-205843d3b59c", "is_elective": true, "elective_subject_name": "Foreign Languages", "elective_group_id": null}}, {"model": "base.lesson", "pk": "4128632e-3566-49e7-b320-b7085083e185", "fields": {"timetable": "ffa6ddca-8a45-4ff7-96c0-f1524a3d8634", "school": "bcacb03c-3116-4219-bccb-416d1d71aec0", "course": "cda909c4-8c13-449a-9d77-a36ce73d21bc", "allotted_teacher": "c7c255df-5d5f-4804-9631-0c5ea568cd7e", "classroom_assignment": "e6ca3cb8-24b4-4b09-944d-f5819405f7d1", "timeslot": "f02e2334-8bc0-495b-86cf-bd27989f3fd8", "is_elective": false, "elective_subject_name": "Physical Education", "elective_group_id": null}}, {"model": "base.lesson", "pk": "4162f2fe-4abb-4b6d-846c-63ac4b46b011", "fields": {"timetable": "ffa6ddca-8a45-4ff7-96c0-f1524a3d8634", "school": "bcacb03c-3116-4219-bccb-416d1d71aec0", "course": "2e282bda-e91b-403c-9a21-a5e41301881d", "allotted_teacher": "5562caa2-4487-4db7-b71a-6bb8c5a9d790", "classroom_assignment": "8b47fc8a-f30a-49c6-b6b2-b23d9378cb8b", "timeslot": "c445e21d-ebd9-45c7-8fb4-a9630c789437", "is_elective": true, "elective_subject_name": "Foreign Languages", "elective_group_id": null}}, {"model": "base.lesson", "pk": "41aa52b4-e7a6-46a2-85e8-d580a7cca021", "fields": {"timetable": "d64a5f5f-563a-4330-b058-562085b2e663", "school": "bcacb03c-3116-4219-bccb-416d1d71aec0", "course": "d04761db-cfa5-4b98-b4d2-2c6162d9ce61", "allotted_teacher": "1aba6308-8532-4d89-9db7-d20b73d24a18", "classroom_assignment": "b312bbfd-e660-4f48-afee-8d2b0f592542", "timeslot": "437ccab4-9084-4edd-83e7-c52ec5db756a", "is_elective": false, "elective_subject_name": "Social Studies", "elective_group_id": null}}, {"model": "base.lesson", "pk": "4278b9f6-c76b-4ecb-b056-775a4bd99a5f", "fields": {"timetable": "d64a5f5f-563a-4330-b058-562085b2e663", "school": "bcacb03c-3116-4219-bccb-416d1d71aec0", "course": "10367142-00b5-4df3-8a90-b1affaa30395", "allotted_teacher": "801e04f3-2ed4-4845-b7f8-ad8ab61e5adf", "classroom_assignment": "9b7bbbef-9518-4605-b335-c869ca80d28e", "timeslot": "88730896-eaf9-4da2-9700-bc06837a33fe", "is_elective": false, "elective_subject_name": "Science", "elective_group_id": null}}, {"model": "base.lesson", "pk": "429db97c-f03c-4f32-bfd8-ef221b7f1caf", "fields": {"timetable": "ffa6ddca-8a45-4ff7-96c0-f1524a3d8634", "school": "bcacb03c-3116-4219-bccb-416d1d71aec0", "course": "cda909c4-8c13-449a-9d77-a36ce73d21bc", "allotted_teacher": "c7c255df-5d5f-4804-9631-0c5ea568cd7e", "classroom_assignment": "598063a2-2c28-476c-993d-fe08c92c4815", "timeslot": "c445e21d-ebd9-45c7-8fb4-a9630c789437", "is_elective": false, "elective_subject_name": "Physical Education", "elective_group_id": null}}, {"model": "base.lesson", "pk": "43b853b7-ea1a-44c3-bac2-da8247f53551", "fields": {"timetable": "d64a5f5f-563a-4330-b058-562085b2e663", "school": "bcacb03c-3116-4219-bccb-416d1d71aec0", "course": "5b80d858-3f33-4057-bde6-ada4f8d90974", "allotted_teacher": "8ff11ca0-b290-4340-8f93-a5fef6774614", "classroom_assignment": "b312bbfd-e660-4f48-afee-8d2b0f592542", "timeslot": "4f05146a-db5e-493e-a053-e2e76a115cc7", "is_elective": false, "elective_subject_name": "Mathamatics", "elective_group_id": null}}, {"model": "base.lesson", "pk": "45626850-57fa-4344-ad2f-885ff4485c9f", "fields": {"timetable": "ffa6ddca-8a45-4ff7-96c0-f1524a3d8634", "school": "bcacb03c-3116-4219-bccb-416d1d71aec0", "course": "73c678eb-03fc-41d6-bd3b-472b1fc2d1a0", "allotted_teacher": "9453c830-b944-43e5-b641-c197d6f3081d", "classroom_assignment": "f2ba4af1-f215-4816-9144-46d195e32f0d", "timeslot": "cd946e70-1fb1-4ac9-b460-7ebf4a4bc760", "is_elective": false, "elective_subject_name": "Information Technology", "elective_group_id": null}}, {"model": "base.lesson", "pk": "45c00fa1-bf25-4713-972f-37279d601117", "fields": {"timetable": "94e62c4d-04b1-4191-8526-a21c30a8bc74", "school": "bcacb03c-3116-4219-bccb-416d1d71aec0", "course": "e88cd0d4-4da6-48fd-b08f-a9f9b1aa9933", "allotted_teacher": "4b01b001-4dc3-4aa8-bf3a-4e9dc8e1f1e9", "classroom_assignment": "1ad55561-054c-4710-9a97-72b38bb8795d", "timeslot": "4b5d74ec-51e9-4049-8523-9546559f0350", "is_elective": false, "elective_subject_name": "Information Technology", "elective_group_id": null}}, {"model": "base.lesson", "pk": "468dba88-12cf-4685-bf26-7353539aa9b5", "fields": {"timetable": "94e62c4d-04b1-4191-8526-a21c30a8bc74", "school": "bcacb03c-3116-4219-bccb-416d1d71aec0", "course": "2b73e002-b905-4ec8-9e08-28316e1c99e7", "allotted_teacher": "b502783c-d02f-4bfb-b837-5f326cbaa0fb", "classroom_assignment": "1103843c-ed1e-45ec-94ab-3dfe5796cf75", "timeslot": "7c0ba615-7f2a-46db-9c70-67a22df874df", "is_elective": false, "elective_subject_name": "Science", "elective_group_id": null}}, {"model": "base.lesson", "pk": "4707120a-78a5-44d7-af88-6e0f0a26d2a5", "fields": {"timetable": "d64a5f5f-563a-4330-b058-562085b2e663", "school": "bcacb03c-3116-4219-bccb-416d1d71aec0", "course": "1b20e651-7c56-4cb9-ad87-c752e8807b55", "allotted_teacher": "3aac35a8-990c-46c8-b258-ca4b8cdec613", "classroom_assignment": "877aa577-ad23-4560-83d2-587658e6ea81", "timeslot": "36898347-bc39-430b-b49d-fd1cf478365f", "is_elective": true, "elective_subject_name": "Foreign Languages", "elective_group_id": null}}, {"model": "base.lesson", "pk": "47d0f4af-15c5-4d36-9345-b39e55c1ac98", "fields": {"timetable": "ffa6ddca-8a45-4ff7-96c0-f1524a3d8634", "school": "bcacb03c-3116-4219-bccb-416d1d71aec0", "course": "79989055-058d-4d23-a1ca-7c4a1263b934", "allotted_teacher": "03c4424a-2f14-41a6-a69c-8fe636efbf4c", "classroom_assignment": "598063a2-2c28-476c-993d-fe08c92c4815", "timeslot": "10a40c5d-20a5-40e5-b7f8-977e3a0bfbf3", "is_elective": false, "elective_subject_name": "Mathamatics", "elective_group_id": null}}, {"model": "base.lesson", "pk": "48e04b66-3010-42a8-8976-d88eba2894a7", "fields": {"timetable": "94e62c4d-04b1-4191-8526-a21c30a8bc74", "school": "bcacb03c-3116-4219-bccb-416d1d71aec0", "course": "8f1bcd43-45a4-4ccb-bfa9-31e9bb15fb90", "allotted_teacher": "033afd22-8117-4096-871e-945d12ca6d97", "classroom_assignment": "e15c655a-86d6-4e6b-81cb-3a1c33fcc535", "timeslot": "edd89010-6476-4884-9d46-a777c6262f75", "is_elective": false, "elective_subject_name": "Social Studies", "elective_group_id": null}}, {"model": "base.lesson", "pk": "4a21b173-46a9-4569-95d6-ea591320ae19", "fields": {"timetable": "94e62c4d-04b1-4191-8526-a21c30a8bc74", "school": "bcacb03c-3116-4219-bccb-416d1d71aec0", "course": "2b73e002-b905-4ec8-9e08-28316e1c99e7", "allotted_teacher": "b502783c-d02f-4bfb-b837-5f326cbaa0fb", "classroom_assignment": "e15c655a-86d6-4e6b-81cb-3a1c33fcc535", "timeslot": "6819c7ce-0edd-48cf-9c3b-495df6957d49", "is_elective": false, "elective_subject_name": "Science", "elective_group_id": null}}, {"model": "base.lesson", "pk": "4aa1307e-fe65-4d8a-8158-d50495946654", "fields": {"timetable": "d64a5f5f-563a-4330-b058-562085b2e663", "school": "bcacb03c-3116-4219-bccb-416d1d71aec0", "course": "10367142-00b5-4df3-8a90-b1affaa30395", "allotted_teacher": "fb8b76cf-ec99-4bfd-a2cf-fe385518dc16", "classroom_assignment": "b312bbfd-e660-4f48-afee-8d2b0f592542", "timeslot": "14cb7299-0f2b-49d2-85aa-4ffb373789c0", "is_elective": false, "elective_subject_name": "Science", "elective_group_id": null}}, {"model": "base.lesson", "pk": "4b772f43-3ddf-4d15-8b0e-acebf0150383", "fields": {"timetable": "94e62c4d-04b1-4191-8526-a21c30a8bc74", "school": "bcacb03c-3116-4219-bccb-416d1d71aec0", "course": "d8864c8d-016e-4671-ab65-56cffd11bf71", "allotted_teacher": "ba3fbfce-f65d-46bb-aa42-9143c3efab0a", "classroom_assignment": "0dff30a8-00e6-45bd-bf0a-e4a83602c6fb", "timeslot": "6819c7ce-0edd-48cf-9c3b-495df6957d49", "is_elective": false, "elective_subject_name": "Mathamatics", "elective_group_id": null}}, {"model": "base.lesson", "pk": "4bedd29c-4686-4311-a203-c6cf45e66776", "fields": {"timetable": "94e62c4d-04b1-4191-8526-a21c30a8bc74", "school": "bcacb03c-3116-4219-bccb-416d1d71aec0", "course": "193e485a-b8c1-4058-a53a-2ebf7262c3c0", "allotted_teacher": "4acb0500-df2f-4789-9a5a-48b7e984729d", "classroom_assignment": "1103843c-ed1e-45ec-94ab-3dfe5796cf75", "timeslot": "c9ffa89b-e06d-4f35-a88c-7beb8188204c", "is_elective": false, "elective_subject_name": "Arabic", "elective_group_id": null}}, {"model": "base.lesson", "pk": "4c37c600-7b6e-42cc-90fe-e648324eb3a0", "fields": {"timetable": "94e62c4d-04b1-4191-8526-a21c30a8bc74", "school": "bcacb03c-3116-4219-bccb-416d1d71aec0", "course": "2b73e002-b905-4ec8-9e08-28316e1c99e7", "allotted_teacher": "b502783c-d02f-4bfb-b837-5f326cbaa0fb", "classroom_assignment": "e15c655a-86d6-4e6b-81cb-3a1c33fcc535", "timeslot": "c9ffa89b-e06d-4f35-a88c-7beb8188204c", "is_elective": false, "elective_subject_name": "Science", "elective_group_id": null}}, {"model": "base.lesson", "pk": "4c4bbf6f-3782-4ebf-8381-a3da94120b8b", "fields": {"timetable": "94e62c4d-04b1-4191-8526-a21c30a8bc74", "school": "bcacb03c-3116-4219-bccb-416d1d71aec0", "course": "d8864c8d-016e-4671-ab65-56cffd11bf71", "allotted_teacher": "ab23df76-40cc-4a34-89e1-809d37bf4821", "classroom_assignment": "5701c8bf-c7c0-4445-8bc8-a8da53746976", "timeslot": "d04e11e7-bffe-4f84-ad5a-e4016b928ac1", "is_elective": false, "elective_subject_name": "Mathamatics", "elective_group_id": null}}, {"model": "base.lesson", "pk": "4d2044ce-bb19-43d8-9513-6d110cc20f62", "fields": {"timetable": "ffa6ddca-8a45-4ff7-96c0-f1524a3d8634", "school": "bcacb03c-3116-4219-bccb-416d1d71aec0", "course": "7f742d5a-8d17-4081-85ea-bf067110b01e", "allotted_teacher": "e6f6f872-5b58-4507-99a4-4857c51b51d2", "classroom_assignment": "2291600d-d0b1-49a0-ab0a-e8460b9df9bb", "timeslot": "65618609-3f12-45e9-ab9e-f2a8e43bca65", "is_elective": false, "elective_subject_name": "Arabic", "elective_group_id": null}}, {"model": "base.lesson", "pk": "4d2a3b30-2da0-4867-95ed-691c1a64a6f1", "fields": {"timetable": "ffa6ddca-8a45-4ff7-96c0-f1524a3d8634", "school": "bcacb03c-3116-4219-bccb-416d1d71aec0", "course": "38e594ab-a4c5-4bcd-a224-c58c9f7c7339", "allotted_teacher": "77c2f149-74d1-4ec4-ae5f-847d6f4b9313", "classroom_assignment": "2291600d-d0b1-49a0-ab0a-e8460b9df9bb", "timeslot": "8e392098-0f7c-44f4-bc3f-31b2dd118b32", "is_elective": false, "elective_subject_name": "Social Studies", "elective_group_id": null}}, {"model": "base.lesson", "pk": "4ee563b7-d9f7-476b-a01a-511185795035", "fields": {"timetable": "ffa6ddca-8a45-4ff7-96c0-f1524a3d8634", "school": "bcacb03c-3116-4219-bccb-416d1d71aec0", "course": "38e594ab-a4c5-4bcd-a224-c58c9f7c7339", "allotted_teacher": "66ea6a63-aaf1-489d-8dd8-484cfc4a6b66", "classroom_assignment": "0971f63b-9b9d-49a4-a4b2-36e408b4f2c4", "timeslot": "391f7511-79dc-4e70-9b6d-58aeb1acf061", "is_elective": false, "elective_subject_name": "Social Studies", "elective_group_id": null}}, {"model": "base.lesson", "pk": "5021ee9d-14e6-422f-a13b-7a88fc5ddcc3", "fields": {"timetable": "d64a5f5f-563a-4330-b058-562085b2e663", "school": "bcacb03c-3116-4219-bccb-416d1d71aec0", "course": "141404f1-3459-4c61-a55c-596f9fe7419d", "allotted_teacher": "c2707629-30d4-458c-a400-c8dd21658092", "classroom_assignment": "f638d387-3f39-4b7a-acdf-519f60349e60", "timeslot": "4f05146a-db5e-493e-a053-e2e76a115cc7", "is_elective": false, "elective_subject_name": "Information Technology", "elective_group_id": null}}, {"model": "base.lesson", "pk": "51822b6f-49aa-4c4e-b9a6-3a3d0ffbadbf", "fields": {"timetable": "ffa6ddca-8a45-4ff7-96c0-f1524a3d8634", "school": "bcacb03c-3116-4219-bccb-416d1d71aec0", "course": "c2a215e9-0e65-4b27-a73e-9ea954cdfff8", "allotted_teacher": "66d52581-9c82-4382-9134-9d86ce730268", "classroom_assignment": "11dddf23-cf39-48bb-9c3e-35f15d0fd4f5", "timeslot": "1f27be30-aafc-4e2d-8f06-79d6ba5cee57", "is_elective": false, "elective_subject_name": "Science", "elective_group_id": null}}, {"model": "base.lesson", "pk": "524a277a-2364-4b87-a005-9685b728da19", "fields": {"timetable": "94e62c4d-04b1-4191-8526-a21c30a8bc74", "school": "bcacb03c-3116-4219-bccb-416d1d71aec0", "course": "8f1bcd43-45a4-4ccb-bfa9-31e9bb15fb90", "allotted_teacher": "24a5e43a-bba1-48d7-b001-6fff952c45b3", "classroom_assignment": "bf064af5-0932-414c-bd91-cec2099c1e65", "timeslot": "a04146de-6d2c-42d6-a1dc-1eb4a7f4c407", "is_elective": false, "elective_subject_name": "Social Studies", "elective_group_id": null}}, {"model": "base.lesson", "pk": "52627774-5be7-49c3-9378-c48603ded0b1", "fields": {"timetable": "d64a5f5f-563a-4330-b058-562085b2e663", "school": "bcacb03c-3116-4219-bccb-416d1d71aec0", "course": "10367142-00b5-4df3-8a90-b1affaa30395", "allotted_teacher": "fb8b76cf-ec99-4bfd-a2cf-fe385518dc16", "classroom_assignment": "b312bbfd-e660-4f48-afee-8d2b0f592542", "timeslot": "696c3c22-3c7e-4771-85da-205843d3b59c", "is_elective": false, "elective_subject_name": "Science", "elective_group_id": null}}, {"model": "base.lesson", "pk": "53176cb5-a032-4a84-87a9-f619a216e4c3", "fields": {"timetable": "ffa6ddca-8a45-4ff7-96c0-f1524a3d8634", "school": "bcacb03c-3116-4219-bccb-416d1d71aec0", "course": "cda909c4-8c13-449a-9d77-a36ce73d21bc", "allotted_teacher": "c7c255df-5d5f-4804-9631-0c5ea568cd7e", "classroom_assignment": "2291600d-d0b1-49a0-ab0a-e8460b9df9bb", "timeslot": "483a9c96-5df4-4654-8eac-77b3883ca797", "is_elective": false, "elective_subject_name": "Physical Education", "elective_group_id": null}}, {"model": "base.lesson", "pk": "54885243-3408-4ca4-9eb9-202d0d187753", "fields": {"timetable": "ffa6ddca-8a45-4ff7-96c0-f1524a3d8634", "school": "bcacb03c-3116-4219-bccb-416d1d71aec0", "course": "38e594ab-a4c5-4bcd-a224-c58c9f7c7339", "allotted_teacher": "77c2f149-74d1-4ec4-ae5f-847d6f4b9313", "classroom_assignment": "0161318e-203d-476a-9cf2-d64aba621f25", "timeslot": "391f7511-79dc-4e70-9b6d-58aeb1acf061", "is_elective": false, "elective_subject_name": "Social Studies", "elective_group_id": null}}, {"model": "base.lesson", "pk": "54ca9a22-88b0-4af8-a6ca-248ed0a5a776", "fields": {"timetable": "94e62c4d-04b1-4191-8526-a21c30a8bc74", "school": "bcacb03c-3116-4219-bccb-416d1d71aec0", "course": "d8864c8d-016e-4671-ab65-56cffd11bf71", "allotted_teacher": "ba3fbfce-f65d-46bb-aa42-9143c3efab0a", "classroom_assignment": "0dff30a8-00e6-45bd-bf0a-e4a83602c6fb", "timeslot": "cb477346-7a53-4062-9fd6-ad9779d6400b", "is_elective": false, "elective_subject_name": "Mathamatics", "elective_group_id": null}}, {"model": "base.lesson", "pk": "54d0ed83-5557-4eba-a097-30a224a1ebe7", "fields": {"timetable": "d64a5f5f-563a-4330-b058-562085b2e663", "school": "bcacb03c-3116-4219-bccb-416d1d71aec0", "course": "141404f1-3459-4c61-a55c-596f9fe7419d", "allotted_teacher": "c2707629-30d4-458c-a400-c8dd21658092", "classroom_assignment": "f638d387-3f39-4b7a-acdf-519f60349e60", "timeslot": "437ccab4-9084-4edd-83e7-c52ec5db756a", "is_elective": false, "elective_subject_name": "Information Technology", "elective_group_id": null}}, {"model": "base.lesson", "pk": "54d6fbfe-a8a7-4e8e-815c-bb18d65c4c96", "fields": {"timetable": "94e62c4d-04b1-4191-8526-a21c30a8bc74", "school": "bcacb03c-3116-4219-bccb-416d1d71aec0", "course": "d8864c8d-016e-4671-ab65-56cffd11bf71", "allotted_teacher": "ab23df76-40cc-4a34-89e1-809d37bf4821", "classroom_assignment": "bf064af5-0932-414c-bd91-cec2099c1e65", "timeslot": "7c0ba615-7f2a-46db-9c70-67a22df874df", "is_elective": false, "elective_subject_name": "Mathamatics", "elective_group_id": null}}, {"model": "base.lesson", "pk": "5571be1a-5e56-4b0b-89f1-7df3962f9eee", "fields": {"timetable": "d64a5f5f-563a-4330-b058-562085b2e663", "school": "bcacb03c-3116-4219-bccb-416d1d71aec0", "course": "5b80d858-3f33-4057-bde6-ada4f8d90974", "allotted_teacher": "e5f56c21-bbb3-41c8-87fe-ce202585d6cd", "classroom_assignment": "9b7bbbef-9518-4605-b335-c869ca80d28e", "timeslot": "8369bda4-a776-4b13-8676-94f197537b68", "is_elective": false, "elective_subject_name": "Mathamatics", "elective_group_id": null}}, {"model": "base.lesson", "pk": "559e01ef-3adb-4c94-96fa-4d92eca17cc5", "fields": {"timetable": "ffa6ddca-8a45-4ff7-96c0-f1524a3d8634", "school": "bcacb03c-3116-4219-bccb-416d1d71aec0", "course": "cda909c4-8c13-449a-9d77-a36ce73d21bc", "allotted_teacher": "c7c255df-5d5f-4804-9631-0c5ea568cd7e", "classroom_assignment": "0161318e-203d-476a-9cf2-d64aba621f25", "timeslot": "ab45d476-f840-47ba-8852-2e1faca77e4f", "is_elective": false, "elective_subject_name": "Physical Education", "elective_group_id": null}}, {"model": "base.lesson", "pk": "588f7e0d-ff95-45dc-bfe7-776085f8333a", "fields": {"timetable": "d64a5f5f-563a-4330-b058-562085b2e663", "school": "bcacb03c-3116-4219-bccb-416d1d71aec0", "course": "cb90a8b6-d6e5-4d2c-a927-92b9673bf39f", "allotted_teacher": "db8e3fbb-eab8-4a11-91ae-72d4f74eac0c", "classroom_assignment": "39d8ee26-2e4d-4352-b11c-9aac2e0af60b", "timeslot": "302bb2bc-b451-40b7-90e8-f511d7a33370", "is_elective": false, "elective_subject_name": "Arabic", "elective_group_id": null}}, {"model": "base.lesson", "pk": "58b49b89-c7b9-4c3b-8d75-cbfe9cfbe5ff", "fields": {"timetable": "d64a5f5f-563a-4330-b058-562085b2e663", "school": "bcacb03c-3116-4219-bccb-416d1d71aec0", "course": "141404f1-3459-4c61-a55c-596f9fe7419d", "allotted_teacher": "c2707629-30d4-458c-a400-c8dd21658092", "classroom_assignment": "f638d387-3f39-4b7a-acdf-519f60349e60", "timeslot": "87b698e2-3dc2-443b-9330-727a1a919f40", "is_elective": false, "elective_subject_name": "Information Technology", "elective_group_id": null}}, {"model": "base.lesson", "pk": "59665e02-6861-4cbc-9e74-d339f85a4737", "fields": {"timetable": "d64a5f5f-563a-4330-b058-562085b2e663", "school": "bcacb03c-3116-4219-bccb-416d1d71aec0", "course": "1b20e651-7c56-4cb9-ad87-c752e8807b55", "allotted_teacher": "3aac35a8-990c-46c8-b258-ca4b8cdec613", "classroom_assignment": "c10db47d-f7e1-4bd6-b871-0c49b707dade", "timeslot": "ddcf369f-2451-4900-87b3-eed7434c16bf", "is_elective": true, "elective_subject_name": "Foreign Languages", "elective_group_id": null}}, {"model": "base.lesson", "pk": "5a26fac5-ff84-4000-84fb-633f9ba2c98d", "fields": {"timetable": "ffa6ddca-8a45-4ff7-96c0-f1524a3d8634", "school": "bcacb03c-3116-4219-bccb-416d1d71aec0", "course": "cda909c4-8c13-449a-9d77-a36ce73d21bc", "allotted_teacher": "c7c255df-5d5f-4804-9631-0c5ea568cd7e", "classroom_assignment": "0161318e-203d-476a-9cf2-d64aba621f25", "timeslot": "5b4446e7-bbb9-4aec-aafe-ead2eed73647", "is_elective": false, "elective_subject_name": "Physical Education", "elective_group_id": null}}, {"model": "base.lesson", "pk": "5bb9ef8f-216d-4b51-8f8e-ce24452890d0", "fields": {"timetable": "d64a5f5f-563a-4330-b058-562085b2e663", "school": "bcacb03c-3116-4219-bccb-416d1d71aec0", "course": "10367142-00b5-4df3-8a90-b1affaa30395", "allotted_teacher": "fb8b76cf-ec99-4bfd-a2cf-fe385518dc16", "classroom_assignment": "b312bbfd-e660-4f48-afee-8d2b0f592542", "timeslot": "c226a09f-fe96-4bfe-947e-ae7727c5d4af", "is_elective": false, "elective_subject_name": "Science", "elective_group_id": null}}, {"model": "base.lesson", "pk": "5be16c82-5a9a-4856-8f9a-f0bd57e8c146", "fields": {"timetable": "ffa6ddca-8a45-4ff7-96c0-f1524a3d8634", "school": "bcacb03c-3116-4219-bccb-416d1d71aec0", "course": "c2a215e9-0e65-4b27-a73e-9ea954cdfff8", "allotted_teacher": "66d52581-9c82-4382-9134-9d86ce730268", "classroom_assignment": "e6ca3cb8-24b4-4b09-944d-f5819405f7d1", "timeslot": "98566f66-09e4-486f-bacd-f808d036b787", "is_elective": false, "elective_subject_name": "Science", "elective_group_id": null}}, {"model": "base.lesson", "pk": "5c2f1301-f300-4bad-af0d-443ba815740a", "fields": {"timetable": "ffa6ddca-8a45-4ff7-96c0-f1524a3d8634", "school": "bcacb03c-3116-4219-bccb-416d1d71aec0", "course": "12ab32e3-5f87-45c2-8643-f4bc8d673304", "allotted_teacher": "6604a9fd-36fa-466e-b2da-24faa4737c39", "classroom_assignment": "11dddf23-cf39-48bb-9c3e-35f15d0fd4f5", "timeslot": "c445e21d-ebd9-45c7-8fb4-a9630c789437", "is_elective": true, "elective_subject_name": "Foreign Languages", "elective_group_id": null}}, {"model": "base.lesson", "pk": "5e6a5803-9db0-44df-806c-5389dd209461", "fields": {"timetable": "94e62c4d-04b1-4191-8526-a21c30a8bc74", "school": "bcacb03c-3116-4219-bccb-416d1d71aec0", "course": "2b73e002-b905-4ec8-9e08-28316e1c99e7", "allotted_teacher": "b502783c-d02f-4bfb-b837-5f326cbaa0fb", "classroom_assignment": "0dff30a8-00e6-45bd-bf0a-e4a83602c6fb", "timeslot": "4f87734b-3279-4ffa-b0f7-09be03e2d5b2", "is_elective": false, "elective_subject_name": "Science", "elective_group_id": null}}, {"model": "base.lesson", "pk": "5e9bac5c-c47e-40b2-94a2-87b75217dbbf", "fields": {"timetable": "94e62c4d-04b1-4191-8526-a21c30a8bc74", "school": "bcacb03c-3116-4219-bccb-416d1d71aec0", "course": "d8864c8d-016e-4671-ab65-56cffd11bf71", "allotted_teacher": "ab23df76-40cc-4a34-89e1-809d37bf4821", "classroom_assignment": "fbd6b9d9-b4b9-4a29-9485-c8299ae30d90", "timeslot": "f1143f76-6681-4ffc-9e9f-cf8066978dd4", "is_elective": false, "elective_subject_name": "Mathamatics", "elective_group_id": null}}, {"model": "base.lesson", "pk": "5f7845e3-2d5d-4bae-b777-21e91647d343", "fields": {"timetable": "d64a5f5f-563a-4330-b058-562085b2e663", "school": "bcacb03c-3116-4219-bccb-416d1d71aec0", "course": "cb90a8b6-d6e5-4d2c-a927-92b9673bf39f", "allotted_teacher": "db8e3fbb-eab8-4a11-91ae-72d4f74eac0c", "classroom_assignment": "877aa577-ad23-4560-83d2-587658e6ea81", "timeslot": "c31a1a57-e62d-4f9a-beb9-cba183b3f536", "is_elective": false, "elective_subject_name": "Arabic", "elective_group_id": null}}, {"model": "base.lesson", "pk": "60d5c422-3a18-45b9-94b1-d840025bd7f2", "fields": {"timetable": "ffa6ddca-8a45-4ff7-96c0-f1524a3d8634", "school": "bcacb03c-3116-4219-bccb-416d1d71aec0", "course": "79989055-058d-4d23-a1ca-7c4a1263b934", "allotted_teacher": "03c4424a-2f14-41a6-a69c-8fe636efbf4c", "classroom_assignment": "598063a2-2c28-476c-993d-fe08c92c4815", "timeslot": "f02e2334-8bc0-495b-86cf-bd27989f3fd8", "is_elective": false, "elective_subject_name": "Mathamatics", "elective_group_id": null}}, {"model": "base.lesson", "pk": "61648b3c-9a88-46f2-9edd-959a6fa8ff46", "fields": {"timetable": "ffa6ddca-8a45-4ff7-96c0-f1524a3d8634", "school": "bcacb03c-3116-4219-bccb-416d1d71aec0", "course": "c2a215e9-0e65-4b27-a73e-9ea954cdfff8", "allotted_teacher": "66d52581-9c82-4382-9134-9d86ce730268", "classroom_assignment": "e6ca3cb8-24b4-4b09-944d-f5819405f7d1", "timeslot": "40ce9860-0008-4262-8dd6-718a2bd7a29f", "is_elective": false, "elective_subject_name": "Science", "elective_group_id": null}}, {"model": "base.lesson", "pk": "6200811e-ba28-4e83-8294-8308558991f6", "fields": {"timetable": "d64a5f5f-563a-4330-b058-562085b2e663", "school": "bcacb03c-3116-4219-bccb-416d1d71aec0", "course": "d04761db-cfa5-4b98-b4d2-2c6162d9ce61", "allotted_teacher": "1aba6308-8532-4d89-9db7-d20b73d24a18", "classroom_assignment": "39d8ee26-2e4d-4352-b11c-9aac2e0af60b", "timeslot": "cd8cf5b3-4bac-41f6-9571-eca3a6817c1e", "is_elective": false, "elective_subject_name": "Social Studies", "elective_group_id": null}}, {"model": "base.lesson", "pk": "62233259-ec82-48cf-b300-3ba3f447da86", "fields": {"timetable": "d64a5f5f-563a-4330-b058-562085b2e663", "school": "bcacb03c-3116-4219-bccb-416d1d71aec0", "course": "d04761db-cfa5-4b98-b4d2-2c6162d9ce61", "allotted_teacher": "1dfe660e-822d-4429-9e72-b6867ce5caa4", "classroom_assignment": "877aa577-ad23-4560-83d2-587658e6ea81", "timeslot": "88730896-eaf9-4da2-9700-bc06837a33fe", "is_elective": false, "elective_subject_name": "Social Studies", "elective_group_id": null}}, {"model": "base.lesson", "pk": "628ef4aa-87c7-4b0b-8460-8ae2521dd905", "fields": {"timetable": "94e62c4d-04b1-4191-8526-a21c30a8bc74", "school": "bcacb03c-3116-4219-bccb-416d1d71aec0", "course": "8f1bcd43-45a4-4ccb-bfa9-31e9bb15fb90", "allotted_teacher": "033afd22-8117-4096-871e-945d12ca6d97", "classroom_assignment": "1103843c-ed1e-45ec-94ab-3dfe5796cf75", "timeslot": "8a273950-2cf6-4f1f-bfa8-3537ce85b243", "is_elective": false, "elective_subject_name": "Social Studies", "elective_group_id": null}}, {"model": "base.lesson", "pk": "62d47feb-7512-49da-beec-8c0ae32b471c", "fields": {"timetable": "d64a5f5f-563a-4330-b058-562085b2e663", "school": "bcacb03c-3116-4219-bccb-416d1d71aec0", "course": "10367142-00b5-4df3-8a90-b1affaa30395", "allotted_teacher": "801e04f3-2ed4-4845-b7f8-ad8ab61e5adf", "classroom_assignment": "223a7b46-7c46-4566-8a47-3cf43bc24f54", "timeslot": "8369bda4-a776-4b13-8676-94f197537b68", "is_elective": false, "elective_subject_name": "Science", "elective_group_id": null}}, {"model": "base.lesson", "pk": "669ad0aa-ef2c-471b-b255-a547eac03704", "fields": {"timetable": "94e62c4d-04b1-4191-8526-a21c30a8bc74", "school": "bcacb03c-3116-4219-bccb-416d1d71aec0", "course": "193e485a-b8c1-4058-a53a-2ebf7262c3c0", "allotted_teacher": "4acb0500-df2f-4789-9a5a-48b7e984729d", "classroom_assignment": "5701c8bf-c7c0-4445-8bc8-a8da53746976", "timeslot": "edd89010-6476-4884-9d46-a777c6262f75", "is_elective": false, "elective_subject_name": "Arabic", "elective_group_id": null}}, {"model": "base.lesson", "pk": "66eab820-8bc2-4e23-bb26-4a9f232f0070", "fields": {"timetable": "94e62c4d-04b1-4191-8526-a21c30a8bc74", "school": "bcacb03c-3116-4219-bccb-416d1d71aec0", "course": "e88cd0d4-4da6-48fd-b08f-a9f9b1aa9933", "allotted_teacher": "4b01b001-4dc3-4aa8-bf3a-4e9dc8e1f1e9", "classroom_assignment": "1ad55561-054c-4710-9a97-72b38bb8795d", "timeslot": "1a39d9c6-aef6-47fd-b602-0890bb565c6f", "is_elective": false, "elective_subject_name": "Information Technology", "elective_group_id": null}}, {"model": "base.lesson", "pk": "6758bdc1-4e87-40ee-a31d-7d18f9cb50eb", "fields": {"timetable": "ffa6ddca-8a45-4ff7-96c0-f1524a3d8634", "school": "bcacb03c-3116-4219-bccb-416d1d71aec0", "course": "c2a215e9-0e65-4b27-a73e-9ea954cdfff8", "allotted_teacher": "fc362b2f-d6c9-44f4-b8af-2813b2b4da5a", "classroom_assignment": "598063a2-2c28-476c-993d-fe08c92c4815", "timeslot": "98566f66-09e4-486f-bacd-f808d036b787", "is_elective": false, "elective_subject_name": "Science", "elective_group_id": null}}, {"model": "base.lesson", "pk": "678ab90e-7163-4e1c-8aae-d6700fe0689a", "fields": {"timetable": "94e62c4d-04b1-4191-8526-a21c30a8bc74", "school": "bcacb03c-3116-4219-bccb-416d1d71aec0", "course": "7ccafef2-904c-4e6e-8c49-503cc011a9ed", "allotted_teacher": "cb0b6967-1dbf-4c87-ac64-a1555d537461", "classroom_assignment": "fbd6b9d9-b4b9-4a29-9485-c8299ae30d90", "timeslot": "d635f746-ceb5-4487-b7fd-4420023fd67b", "is_elective": false, "elective_subject_name": "Physical Education", "elective_group_id": null}}, {"model": "base.lesson", "pk": "68811490-96a8-4806-92c0-b976773ac139", "fields": {"timetable": "ffa6ddca-8a45-4ff7-96c0-f1524a3d8634", "school": "bcacb03c-3116-4219-bccb-416d1d71aec0", "course": "c2a215e9-0e65-4b27-a73e-9ea954cdfff8", "allotted_teacher": "66d52581-9c82-4382-9134-9d86ce730268", "classroom_assignment": "0971f63b-9b9d-49a4-a4b2-36e408b4f2c4", "timeslot": "65618609-3f12-45e9-ab9e-f2a8e43bca65", "is_elective": false, "elective_subject_name": "Science", "elective_group_id": null}}, {"model": "base.lesson", "pk": "68a982f3-ff28-4b99-82c5-6b5aac5d904f", "fields": {"timetable": "94e62c4d-04b1-4191-8526-a21c30a8bc74", "school": "bcacb03c-3116-4219-bccb-416d1d71aec0", "course": "7ccafef2-904c-4e6e-8c49-503cc011a9ed", "allotted_teacher": "cb0b6967-1dbf-4c87-ac64-a1555d537461", "classroom_assignment": "5701c8bf-c7c0-4445-8bc8-a8da53746976", "timeslot": "f1143f76-6681-4ffc-9e9f-cf8066978dd4", "is_elective": false, "elective_subject_name": "Physical Education", "elective_group_id": null}}, {"model": "base.lesson", "pk": "68e5495e-4505-4f59-a825-6e5527909f2f", "fields": {"timetable": "d64a5f5f-563a-4330-b058-562085b2e663", "school": "bcacb03c-3116-4219-bccb-416d1d71aec0", "course": "5b80d858-3f33-4057-bde6-ada4f8d90974", "allotted_teacher": "e5f56c21-bbb3-41c8-87fe-ce202585d6cd", "classroom_assignment": "9b7bbbef-9518-4605-b335-c869ca80d28e", "timeslot": "84353eea-e6d6-4c92-ba02-ae645cd5bec3", "is_elective": false, "elective_subject_name": "Mathamatics", "elective_group_id": null}}, {"model": "base.lesson", "pk": "692db7f0-a05b-4cfe-a83e-6e217bc49995", "fields": {"timetable": "ffa6ddca-8a45-4ff7-96c0-f1524a3d8634", "school": "bcacb03c-3116-4219-bccb-416d1d71aec0", "course": "c2a215e9-0e65-4b27-a73e-9ea954cdfff8", "allotted_teacher": "fc362b2f-d6c9-44f4-b8af-2813b2b4da5a", "classroom_assignment": "2291600d-d0b1-49a0-ab0a-e8460b9df9bb", "timeslot": "cd946e70-1fb1-4ac9-b460-7ebf4a4bc760", "is_elective": false, "elective_subject_name": "Science", "elective_group_id": null}}, {"model": "base.lesson", "pk": "6988271c-625d-4efa-bcd7-d55dfeaf20ed", "fields": {"timetable": "94e62c4d-04b1-4191-8526-a21c30a8bc74", "school": "bcacb03c-3116-4219-bccb-416d1d71aec0", "course": "48875e8f-5e6e-4456-b094-274236e0d8dc", "allotted_teacher": "a21bc5ff-dc08-4884-b9d9-b8d3d21e4b0f", "classroom_assignment": "5701c8bf-c7c0-4445-8bc8-a8da53746976", "timeslot": "79bdad31-7303-4409-b164-4a84a3261dc9", "is_elective": true, "elective_subject_name": "Foreign Languages", "elective_group_id": null}}, {"model": "base.lesson", "pk": "69c48b8f-15ac-4c9d-b802-8cf9f97c0ccc", "fields": {"timetable": "94e62c4d-04b1-4191-8526-a21c30a8bc74", "school": "bcacb03c-3116-4219-bccb-416d1d71aec0", "course": "8f1bcd43-45a4-4ccb-bfa9-31e9bb15fb90", "allotted_teacher": "24a5e43a-bba1-48d7-b001-6fff952c45b3", "classroom_assignment": "fbd6b9d9-b4b9-4a29-9485-c8299ae30d90", "timeslot": "4f87734b-3279-4ffa-b0f7-09be03e2d5b2", "is_elective": false, "elective_subject_name": "Social Studies", "elective_group_id": null}}, {"model": "base.lesson", "pk": "6b56f1e7-09c7-4292-894f-2468793f9546", "fields": {"timetable": "d64a5f5f-563a-4330-b058-562085b2e663", "school": "bcacb03c-3116-4219-bccb-416d1d71aec0", "course": "5b80d858-3f33-4057-bde6-ada4f8d90974", "allotted_teacher": "8ff11ca0-b290-4340-8f93-a5fef6774614", "classroom_assignment": "bb939fab-7888-4259-81e2-32d31741842c", "timeslot": "14cb7299-0f2b-49d2-85aa-4ffb373789c0", "is_elective": false, "elective_subject_name": "Mathamatics", "elective_group_id": null}}, {"model": "base.lesson", "pk": "6b8f99e7-0789-4700-86e2-067021971cf8", "fields": {"timetable": "94e62c4d-04b1-4191-8526-a21c30a8bc74", "school": "bcacb03c-3116-4219-bccb-416d1d71aec0", "course": "2b73e002-b905-4ec8-9e08-28316e1c99e7", "allotted_teacher": "54fdfbd0-3f32-48b1-a9c5-abb74a8af799", "classroom_assignment": "fbd6b9d9-b4b9-4a29-9485-c8299ae30d90", "timeslot": "6819c7ce-0edd-48cf-9c3b-495df6957d49", "is_elective": false, "elective_subject_name": "Science", "elective_group_id": null}}, {"model": "base.lesson", "pk": "6b98719e-691d-45fc-88fb-cb8bd96c481a", "fields": {"timetable": "94e62c4d-04b1-4191-8526-a21c30a8bc74", "school": "bcacb03c-3116-4219-bccb-416d1d71aec0", "course": "7ccafef2-904c-4e6e-8c49-503cc011a9ed", "allotted_teacher": "cb0b6967-1dbf-4c87-ac64-a1555d537461", "classroom_assignment": "e15c655a-86d6-4e6b-81cb-3a1c33fcc535", "timeslot": "7c0ba615-7f2a-46db-9c70-67a22df874df", "is_elective": false, "elective_subject_name": "Physical Education", "elective_group_id": null}}, {"model": "base.lesson", "pk": "6bd18364-50f3-4478-9de4-3f777ef30766", "fields": {"timetable": "d64a5f5f-563a-4330-b058-562085b2e663", "school": "bcacb03c-3116-4219-bccb-416d1d71aec0", "course": "8ef24942-a465-4dac-8281-c240c2746277", "allotted_teacher": "ece08802-9856-450a-b205-179536e215c8", "classroom_assignment": "b312bbfd-e660-4f48-afee-8d2b0f592542", "timeslot": "d9fb8e53-ed3a-4053-bc6e-32dcf223b202", "is_elective": false, "elective_subject_name": "Physical Education", "elective_group_id": null}}, {"model": "base.lesson", "pk": "6bfbb0a7-b119-48ea-8f4d-187a465190d5", "fields": {"timetable": "d64a5f5f-563a-4330-b058-562085b2e663", "school": "bcacb03c-3116-4219-bccb-416d1d71aec0", "course": "8ef24942-a465-4dac-8281-c240c2746277", "allotted_teacher": "ece08802-9856-450a-b205-179536e215c8", "classroom_assignment": "223a7b46-7c46-4566-8a47-3cf43bc24f54", "timeslot": "6ce618a8-6596-49af-91a9-fa60606a8ae0", "is_elective": false, "elective_subject_name": "Physical Education", "elective_group_id": null}}, {"model": "base.lesson", "pk": "6c7687fe-b963-4d3c-81ee-1b88f541cb07", "fields": {"timetable": "d64a5f5f-563a-4330-b058-562085b2e663", "school": "bcacb03c-3116-4219-bccb-416d1d71aec0", "course": "5b80d858-3f33-4057-bde6-ada4f8d90974", "allotted_teacher": "8ff11ca0-b290-4340-8f93-a5fef6774614", "classroom_assignment": "b312bbfd-e660-4f48-afee-8d2b0f592542", "timeslot": "cd8cf5b3-4bac-41f6-9571-eca3a6817c1e", "is_elective": false, "elective_subject_name": "Mathamatics", "elective_group_id": null}}, {"model": "base.lesson", "pk": "6c88bcdd-2ae1-4cc5-9e4a-771457dba923", "fields": {"timetable": "94e62c4d-04b1-4191-8526-a21c30a8bc74", "school": "bcacb03c-3116-4219-bccb-416d1d71aec0", "course": "8f1bcd43-45a4-4ccb-bfa9-31e9bb15fb90", "allotted_teacher": "24a5e43a-bba1-48d7-b001-6fff952c45b3", "classroom_assignment": "fbd6b9d9-b4b9-4a29-9485-c8299ae30d90", "timeslot": "733f2ba1-d2db-4da6-9dd0-704137cc2dfe", "is_elective": false, "elective_subject_name": "Social Studies", "elective_group_id": null}}, {"model": "base.lesson", "pk": "6d809c36-3093-4f1b-bd5d-46712cf54e9b", "fields": {"timetable": "94e62c4d-04b1-4191-8526-a21c30a8bc74", "school": "bcacb03c-3116-4219-bccb-416d1d71aec0", "course": "8f1bcd43-45a4-4ccb-bfa9-31e9bb15fb90", "allotted_teacher": "033afd22-8117-4096-871e-945d12ca6d97", "classroom_assignment": "1103843c-ed1e-45ec-94ab-3dfe5796cf75", "timeslot": "cb477346-7a53-4062-9fd6-ad9779d6400b", "is_elective": false, "elective_subject_name": "Social Studies", "elective_group_id": null}}, {"model": "base.lesson", "pk": "6d8a65a7-68f1-4422-aa5d-f2e39181f63e", "fields": {"timetable": "ffa6ddca-8a45-4ff7-96c0-f1524a3d8634", "school": "bcacb03c-3116-4219-bccb-416d1d71aec0", "course": "79989055-058d-4d23-a1ca-7c4a1263b934", "allotted_teacher": "03c4424a-2f14-41a6-a69c-8fe636efbf4c", "classroom_assignment": "2291600d-d0b1-49a0-ab0a-e8460b9df9bb", "timeslot": "e17bf3f3-d170-4c4b-9597-84c168adb491", "is_elective": false, "elective_subject_name": "Mathamatics", "elective_group_id": null}}, {"model": "base.lesson", "pk": "6ee39261-482b-4172-8532-1eff69dc11e4", "fields": {"timetable": "d64a5f5f-563a-4330-b058-562085b2e663", "school": "bcacb03c-3116-4219-bccb-416d1d71aec0", "course": "5b80d858-3f33-4057-bde6-ada4f8d90974", "allotted_teacher": "8ff11ca0-b290-4340-8f93-a5fef6774614", "classroom_assignment": "bb939fab-7888-4259-81e2-32d31741842c", "timeslot": "302bb2bc-b451-40b7-90e8-f511d7a33370", "is_elective": false, "elective_subject_name": "Mathamatics", "elective_group_id": null}}, {"model": "base.lesson", "pk": "6f4dcdee-22f6-419d-b4b3-f66615cfd3dd", "fields": {"timetable": "94e62c4d-04b1-4191-8526-a21c30a8bc74", "school": "bcacb03c-3116-4219-bccb-416d1d71aec0", "course": "193e485a-b8c1-4058-a53a-2ebf7262c3c0", "allotted_teacher": "4acb0500-df2f-4789-9a5a-48b7e984729d", "classroom_assignment": "5701c8bf-c7c0-4445-8bc8-a8da53746976", "timeslot": "a04146de-6d2c-42d6-a1dc-1eb4a7f4c407", "is_elective": false, "elective_subject_name": "Arabic", "elective_group_id": null}}, {"model": "base.lesson", "pk": "6f6b3898-c12c-4668-8522-ebcad524d011", "fields": {"timetable": "d64a5f5f-563a-4330-b058-562085b2e663", "school": "bcacb03c-3116-4219-bccb-416d1d71aec0", "course": "d04761db-cfa5-4b98-b4d2-2c6162d9ce61", "allotted_teacher": "1aba6308-8532-4d89-9db7-d20b73d24a18", "classroom_assignment": "39d8ee26-2e4d-4352-b11c-9aac2e0af60b", "timeslot": "a46714aa-9dcf-4b0b-bb70-38f5e3d734cb", "is_elective": false, "elective_subject_name": "Social Studies", "elective_group_id": null}}, {"model": "base.lesson", "pk": "70bd774a-02d4-44b8-8a18-16c96f5dfeb8", "fields": {"timetable": "94e62c4d-04b1-4191-8526-a21c30a8bc74", "school": "bcacb03c-3116-4219-bccb-416d1d71aec0", "course": "193e485a-b8c1-4058-a53a-2ebf7262c3c0", "allotted_teacher": "4acb0500-df2f-4789-9a5a-48b7e984729d", "classroom_assignment": "bf064af5-0932-414c-bd91-cec2099c1e65", "timeslot": "ddf90c10-ae2f-4025-b323-d8cb32c041c0", "is_elective": false, "elective_subject_name": "Arabic", "elective_group_id": null}}, {"model": "base.lesson", "pk": "7187553b-c176-44dc-9320-38a2b555a53b", "fields": {"timetable": "94e62c4d-04b1-4191-8526-a21c30a8bc74", "school": "bcacb03c-3116-4219-bccb-416d1d71aec0", "course": "8f1bcd43-45a4-4ccb-bfa9-31e9bb15fb90", "allotted_teacher": "033afd22-8117-4096-871e-945d12ca6d97", "classroom_assignment": "e15c655a-86d6-4e6b-81cb-3a1c33fcc535", "timeslot": "56017fed-9b98-4c69-afc4-16200e6bed67", "is_elective": false, "elective_subject_name": "Social Studies", "elective_group_id": null}}, {"model": "base.lesson", "pk": "71ee4497-7ad2-4e3e-ac75-ee53898813c8", "fields": {"timetable": "ffa6ddca-8a45-4ff7-96c0-f1524a3d8634", "school": "bcacb03c-3116-4219-bccb-416d1d71aec0", "course": "79989055-058d-4d23-a1ca-7c4a1263b934", "allotted_teacher": "f316a99a-bef3-4c6b-b86d-63c2960a8d95", "classroom_assignment": "11dddf23-cf39-48bb-9c3e-35f15d0fd4f5", "timeslot": "cd946e70-1fb1-4ac9-b460-7ebf4a4bc760", "is_elective": false, "elective_subject_name": "Mathamatics", "elective_group_id": null}}, {"model": "base.lesson", "pk": "72677fa2-425e-477b-8f94-4326018595b7", "fields": {"timetable": "ffa6ddca-8a45-4ff7-96c0-f1524a3d8634", "school": "bcacb03c-3116-4219-bccb-416d1d71aec0", "course": "38e594ab-a4c5-4bcd-a224-c58c9f7c7339", "allotted_teacher": "77c2f149-74d1-4ec4-ae5f-847d6f4b9313", "classroom_assignment": "2291600d-d0b1-49a0-ab0a-e8460b9df9bb", "timeslot": "de44e0e0-f44b-4fcd-b7f2-ff198f428943", "is_elective": false, "elective_subject_name": "Social Studies", "elective_group_id": null}}, {"model": "base.lesson", "pk": "72844b75-ed7f-420a-9e03-1db61c713f50", "fields": {"timetable": "d64a5f5f-563a-4330-b058-562085b2e663", "school": "bcacb03c-3116-4219-bccb-416d1d71aec0", "course": "5b80d858-3f33-4057-bde6-ada4f8d90974", "allotted_teacher": "e5f56c21-bbb3-41c8-87fe-ce202585d6cd", "classroom_assignment": "9b7bbbef-9518-4605-b335-c869ca80d28e", "timeslot": "6ce618a8-6596-49af-91a9-fa60606a8ae0", "is_elective": false, "elective_subject_name": "Mathamatics", "elective_group_id": null}}, {"model": "base.lesson", "pk": "72b5dc3b-91b5-4325-b304-5d2aa16c8823", "fields": {"timetable": "ffa6ddca-8a45-4ff7-96c0-f1524a3d8634", "school": "bcacb03c-3116-4219-bccb-416d1d71aec0", "course": "38e594ab-a4c5-4bcd-a224-c58c9f7c7339", "allotted_teacher": "66ea6a63-aaf1-489d-8dd8-484cfc4a6b66", "classroom_assignment": "e6ca3cb8-24b4-4b09-944d-f5819405f7d1", "timeslot": "de44e0e0-f44b-4fcd-b7f2-ff198f428943", "is_elective": false, "elective_subject_name": "Social Studies", "elective_group_id": null}}, {"model": "base.lesson", "pk": "739bc4a3-f0b2-4225-b747-ea96847d1a0f", "fields": {"timetable": "94e62c4d-04b1-4191-8526-a21c30a8bc74", "school": "bcacb03c-3116-4219-bccb-416d1d71aec0", "course": "193e485a-b8c1-4058-a53a-2ebf7262c3c0", "allotted_teacher": "4acb0500-df2f-4789-9a5a-48b7e984729d", "classroom_assignment": "1103843c-ed1e-45ec-94ab-3dfe5796cf75", "timeslot": "d04e11e7-bffe-4f84-ad5a-e4016b928ac1", "is_elective": false, "elective_subject_name": "Arabic", "elective_group_id": null}}, {"model": "base.lesson", "pk": "73aa1794-909a-4022-8976-11b4ee1c0a9e", "fields": {"timetable": "ffa6ddca-8a45-4ff7-96c0-f1524a3d8634", "school": "bcacb03c-3116-4219-bccb-416d1d71aec0", "course": "79989055-058d-4d23-a1ca-7c4a1263b934", "allotted_teacher": "03c4424a-2f14-41a6-a69c-8fe636efbf4c", "classroom_assignment": "2291600d-d0b1-49a0-ab0a-e8460b9df9bb", "timeslot": "c445e21d-ebd9-45c7-8fb4-a9630c789437", "is_elective": false, "elective_subject_name": "Mathamatics", "elective_group_id": null}}, {"model": "base.lesson", "pk": "74472eeb-6bce-4833-a19a-070a109b6216", "fields": {"timetable": "ffa6ddca-8a45-4ff7-96c0-f1524a3d8634", "school": "bcacb03c-3116-4219-bccb-416d1d71aec0", "course": "79989055-058d-4d23-a1ca-7c4a1263b934", "allotted_teacher": "03c4424a-2f14-41a6-a69c-8fe636efbf4c", "classroom_assignment": "0161318e-203d-476a-9cf2-d64aba621f25", "timeslot": "cd946e70-1fb1-4ac9-b460-7ebf4a4bc760", "is_elective": false, "elective_subject_name": "Mathamatics", "elective_group_id": null}}, {"model": "base.lesson", "pk": "75208a1b-69eb-411a-bcbe-84801a8032bf", "fields": {"timetable": "94e62c4d-04b1-4191-8526-a21c30a8bc74", "school": "bcacb03c-3116-4219-bccb-416d1d71aec0", "course": "8f6547a3-437a-4a3b-ace9-0eb0061decd3", "allotted_teacher": "bbed5eb4-2735-442c-92df-58bc6e4b36b5", "classroom_assignment": "a499f1b3-085a-4c70-b3b7-724c61d09dce", "timeslot": "cb477346-7a53-4062-9fd6-ad9779d6400b", "is_elective": true, "elective_subject_name": "Foreign Languages", "elective_group_id": null}}, {"model": "base.lesson", "pk": "75bbdfec-4a85-4d98-b8a7-c6e4bb3bd22f", "fields": {"timetable": "94e62c4d-04b1-4191-8526-a21c30a8bc74", "school": "bcacb03c-3116-4219-bccb-416d1d71aec0", "course": "7ccafef2-904c-4e6e-8c49-503cc011a9ed", "allotted_teacher": "cb0b6967-1dbf-4c87-ac64-a1555d537461", "classroom_assignment": "bf064af5-0932-414c-bd91-cec2099c1e65", "timeslot": "2d09e7d8-ddfb-44c7-8fa2-7a6408fc5a57", "is_elective": false, "elective_subject_name": "Physical Education", "elective_group_id": null}}, {"model": "base.lesson", "pk": "76210969-9bce-47ee-bfb6-c079c060fb5b", "fields": {"timetable": "ffa6ddca-8a45-4ff7-96c0-f1524a3d8634", "school": "bcacb03c-3116-4219-bccb-416d1d71aec0", "course": "c2a215e9-0e65-4b27-a73e-9ea954cdfff8", "allotted_teacher": "fc362b2f-d6c9-44f4-b8af-2813b2b4da5a", "classroom_assignment": "0161318e-203d-476a-9cf2-d64aba621f25", "timeslot": "1f27be30-aafc-4e2d-8f06-79d6ba5cee57", "is_elective": false, "elective_subject_name": "Science", "elective_group_id": null}}, {"model": "base.lesson", "pk": "7630c818-b68a-445c-b7c9-a4110884fbf6", "fields": {"timetable": "d64a5f5f-563a-4330-b058-562085b2e663", "school": "bcacb03c-3116-4219-bccb-416d1d71aec0", "course": "d04761db-cfa5-4b98-b4d2-2c6162d9ce61", "allotted_teacher": "1dfe660e-822d-4429-9e72-b6867ce5caa4", "classroom_assignment": "223a7b46-7c46-4566-8a47-3cf43bc24f54", "timeslot": "4f05146a-db5e-493e-a053-e2e76a115cc7", "is_elective": false, "elective_subject_name": "Social Studies", "elective_group_id": null}}, {"model": "base.lesson", "pk": "76faa1af-f123-47be-862c-59be4fe66053", "fields": {"timetable": "ffa6ddca-8a45-4ff7-96c0-f1524a3d8634", "school": "bcacb03c-3116-4219-bccb-416d1d71aec0", "course": "73c678eb-03fc-41d6-bd3b-472b1fc2d1a0", "allotted_teacher": "9453c830-b944-43e5-b641-c197d6f3081d", "classroom_assignment": "f2ba4af1-f215-4816-9144-46d195e32f0d", "timeslot": "10a40c5d-20a5-40e5-b7f8-977e3a0bfbf3", "is_elective": false, "elective_subject_name": "Information Technology", "elective_group_id": null}}, {"model": "base.lesson", "pk": "78673599-8911-4258-9265-2491de68f007", "fields": {"timetable": "d64a5f5f-563a-4330-b058-562085b2e663", "school": "bcacb03c-3116-4219-bccb-416d1d71aec0", "course": "d04761db-cfa5-4b98-b4d2-2c6162d9ce61", "allotted_teacher": "1dfe660e-822d-4429-9e72-b6867ce5caa4", "classroom_assignment": "9b7bbbef-9518-4605-b335-c869ca80d28e", "timeslot": "9315e134-e4a7-4028-b51b-876427af1da5", "is_elective": false, "elective_subject_name": "Social Studies", "elective_group_id": null}}, {"model": "base.lesson", "pk": "79a8fbad-46bd-4ea3-bdf7-de3fadd1f17e", "fields": {"timetable": "d64a5f5f-563a-4330-b058-562085b2e663", "school": "bcacb03c-3116-4219-bccb-416d1d71aec0", "course": "5b80d858-3f33-4057-bde6-ada4f8d90974", "allotted_teacher": "e5f56c21-bbb3-41c8-87fe-ce202585d6cd", "classroom_assignment": "877aa577-ad23-4560-83d2-587658e6ea81", "timeslot": "302bb2bc-b451-40b7-90e8-f511d7a33370", "is_elective": false, "elective_subject_name": "Mathamatics", "elective_group_id": null}}, {"model": "base.lesson", "pk": "7a159114-94d9-420e-99af-4e98183c8d4a", "fields": {"timetable": "ffa6ddca-8a45-4ff7-96c0-f1524a3d8634", "school": "bcacb03c-3116-4219-bccb-416d1d71aec0", "course": "79989055-058d-4d23-a1ca-7c4a1263b934", "allotted_teacher": "f316a99a-bef3-4c6b-b86d-63c2960a8d95", "classroom_assignment": "0971f63b-9b9d-49a4-a4b2-36e408b4f2c4", "timeslot": "f02e2334-8bc0-495b-86cf-bd27989f3fd8", "is_elective": false, "elective_subject_name": "Mathamatics", "elective_group_id": null}}, {"model": "base.lesson", "pk": "7b693ce0-5747-4314-a412-bc0c96bc7969", "fields": {"timetable": "d64a5f5f-563a-4330-b058-562085b2e663", "school": "bcacb03c-3116-4219-bccb-416d1d71aec0", "course": "d4641dcb-a785-43e2-bf76-25843d59e307", "allotted_teacher": "2ae11f7f-1398-4f47-922a-bbac6dfa4de7", "classroom_assignment": "39d8ee26-2e4d-4352-b11c-9aac2e0af60b", "timeslot": "437ccab4-9084-4edd-83e7-c52ec5db756a", "is_elective": true, "elective_subject_name": "Foreign Languages", "elective_group_id": null}}, {"model": "base.lesson", "pk": "7c1a862f-a555-49d9-b5ab-abc896bd85ae", "fields": {"timetable": "d64a5f5f-563a-4330-b058-562085b2e663", "school": "bcacb03c-3116-4219-bccb-416d1d71aec0", "course": "1b20e651-7c56-4cb9-ad87-c752e8807b55", "allotted_teacher": "3aac35a8-990c-46c8-b258-ca4b8cdec613", "classroom_assignment": "c10db47d-f7e1-4bd6-b871-0c49b707dade", "timeslot": "9315e134-e4a7-4028-b51b-876427af1da5", "is_elective": true, "elective_subject_name": "Foreign Languages", "elective_group_id": null}}, {"model": "base.lesson", "pk": "7d5841b2-f819-4d85-8151-fe2791ae04c0", "fields": {"timetable": "d64a5f5f-563a-4330-b058-562085b2e663", "school": "bcacb03c-3116-4219-bccb-416d1d71aec0", "course": "d04761db-cfa5-4b98-b4d2-2c6162d9ce61", "allotted_teacher": "1dfe660e-822d-4429-9e72-b6867ce5caa4", "classroom_assignment": "9b7bbbef-9518-4605-b335-c869ca80d28e", "timeslot": "302bb2bc-b451-40b7-90e8-f511d7a33370", "is_elective": false, "elective_subject_name": "Social Studies", "elective_group_id": null}}, {"model": "base.lesson", "pk": "7e09b923-b6f0-4f9b-96ba-5b343f91dfac", "fields": {"timetable": "ffa6ddca-8a45-4ff7-96c0-f1524a3d8634", "school": "bcacb03c-3116-4219-bccb-416d1d71aec0", "course": "79989055-058d-4d23-a1ca-7c4a1263b934", "allotted_teacher": "03c4424a-2f14-41a6-a69c-8fe636efbf4c", "classroom_assignment": "0161318e-203d-476a-9cf2-d64aba621f25", "timeslot": "8e392098-0f7c-44f4-bc3f-31b2dd118b32", "is_elective": false, "elective_subject_name": "Mathamatics", "elective_group_id": null}}, {"model": "base.lesson", "pk": "7f0eb443-af9c-4d9c-b409-fc8063ddf0fd", "fields": {"timetable": "ffa6ddca-8a45-4ff7-96c0-f1524a3d8634", "school": "bcacb03c-3116-4219-bccb-416d1d71aec0", "course": "7f742d5a-8d17-4081-85ea-bf067110b01e", "allotted_teacher": "e6f6f872-5b58-4507-99a4-4857c51b51d2", "classroom_assignment": "e6ca3cb8-24b4-4b09-944d-f5819405f7d1", "timeslot": "cd946e70-1fb1-4ac9-b460-7ebf4a4bc760", "is_elective": false, "elective_subject_name": "Arabic", "elective_group_id": null}}, {"model": "base.lesson", "pk": "7f81dbbb-0ba6-41ff-b26d-76fba340e42c", "fields": {"timetable": "94e62c4d-04b1-4191-8526-a21c30a8bc74", "school": "bcacb03c-3116-4219-bccb-416d1d71aec0", "course": "8f1bcd43-45a4-4ccb-bfa9-31e9bb15fb90", "allotted_teacher": "24a5e43a-bba1-48d7-b001-6fff952c45b3", "classroom_assignment": "5701c8bf-c7c0-4445-8bc8-a8da53746976", "timeslot": "8a273950-2cf6-4f1f-bfa8-3537ce85b243", "is_elective": false, "elective_subject_name": "Social Studies", "elective_group_id": null}}, {"model": "base.lesson", "pk": "8007d342-f1f2-43b5-8701-26a425c5bd7b", "fields": {"timetable": "ffa6ddca-8a45-4ff7-96c0-f1524a3d8634", "school": "bcacb03c-3116-4219-bccb-416d1d71aec0", "course": "79989055-058d-4d23-a1ca-7c4a1263b934", "allotted_teacher": "f316a99a-bef3-4c6b-b86d-63c2960a8d95", "classroom_assignment": "e6ca3cb8-24b4-4b09-944d-f5819405f7d1", "timeslot": "e17bf3f3-d170-4c4b-9597-84c168adb491", "is_elective": false, "elective_subject_name": "Mathamatics", "elective_group_id": null}}, {"model": "base.lesson", "pk": "802a8384-68fd-42a9-bac6-af0f7fbe430f", "fields": {"timetable": "ffa6ddca-8a45-4ff7-96c0-f1524a3d8634", "school": "bcacb03c-3116-4219-bccb-416d1d71aec0", "course": "c2a215e9-0e65-4b27-a73e-9ea954cdfff8", "allotted_teacher": "66d52581-9c82-4382-9134-9d86ce730268", "classroom_assignment": "11dddf23-cf39-48bb-9c3e-35f15d0fd4f5", "timeslot": "10a40c5d-20a5-40e5-b7f8-977e3a0bfbf3", "is_elective": false, "elective_subject_name": "Science", "elective_group_id": null}}, {"model": "base.lesson", "pk": "807dcd6e-6345-4b66-bee0-dbe150567c93", "fields": {"timetable": "ffa6ddca-8a45-4ff7-96c0-f1524a3d8634", "school": "bcacb03c-3116-4219-bccb-416d1d71aec0", "course": "38e594ab-a4c5-4bcd-a224-c58c9f7c7339", "allotted_teacher": "66ea6a63-aaf1-489d-8dd8-484cfc4a6b66", "classroom_assignment": "11dddf23-cf39-48bb-9c3e-35f15d0fd4f5", "timeslot": "e17bf3f3-d170-4c4b-9597-84c168adb491", "is_elective": false, "elective_subject_name": "Social Studies", "elective_group_id": null}}, {"model": "base.lesson", "pk": "808d56a5-45b5-41d1-a422-1dade341d5d5", "fields": {"timetable": "ffa6ddca-8a45-4ff7-96c0-f1524a3d8634", "school": "bcacb03c-3116-4219-bccb-416d1d71aec0", "course": "38e594ab-a4c5-4bcd-a224-c58c9f7c7339", "allotted_teacher": "66ea6a63-aaf1-489d-8dd8-484cfc4a6b66", "classroom_assignment": "11dddf23-cf39-48bb-9c3e-35f15d0fd4f5", "timeslot": "8e392098-0f7c-44f4-bc3f-31b2dd118b32", "is_elective": false, "elective_subject_name": "Social Studies", "elective_group_id": null}}, {"model": "base.lesson", "pk": "81c905d9-e3f4-4420-a711-003e31f115a1", "fields": {"timetable": "d64a5f5f-563a-4330-b058-562085b2e663", "school": "bcacb03c-3116-4219-bccb-416d1d71aec0", "course": "141404f1-3459-4c61-a55c-596f9fe7419d", "allotted_teacher": "c2707629-30d4-458c-a400-c8dd21658092", "classroom_assignment": "f638d387-3f39-4b7a-acdf-519f60349e60", "timeslot": "8369bda4-a776-4b13-8676-94f197537b68", "is_elective": false, "elective_subject_name": "Information Technology", "elective_group_id": null}}, {"model": "base.lesson", "pk": "81ff49c7-2088-4e3b-9dbc-048c3863cf89", "fields": {"timetable": "94e62c4d-04b1-4191-8526-a21c30a8bc74", "school": "bcacb03c-3116-4219-bccb-416d1d71aec0", "course": "48875e8f-5e6e-4456-b094-274236e0d8dc", "allotted_teacher": "a21bc5ff-dc08-4884-b9d9-b8d3d21e4b0f", "classroom_assignment": "5701c8bf-c7c0-4445-8bc8-a8da53746976", "timeslot": "295bd810-e87d-4aa8-8e1c-7c590bb9df5a", "is_elective": true, "elective_subject_name": "Foreign Languages", "elective_group_id": null}}, {"model": "base.lesson", "pk": "825693bf-fcdc-48fb-826d-a295399a8411", "fields": {"timetable": "94e62c4d-04b1-4191-8526-a21c30a8bc74", "school": "bcacb03c-3116-4219-bccb-416d1d71aec0", "course": "2b73e002-b905-4ec8-9e08-28316e1c99e7", "allotted_teacher": "b502783c-d02f-4bfb-b837-5f326cbaa0fb", "classroom_assignment": "0dff30a8-00e6-45bd-bf0a-e4a83602c6fb", "timeslot": "8a273950-2cf6-4f1f-bfa8-3537ce85b243", "is_elective": false, "elective_subject_name": "Science", "elective_group_id": null}}, {"model": "base.lesson", "pk": "82a7257d-de4f-438f-aa9a-cacc16094724", "fields": {"timetable": "ffa6ddca-8a45-4ff7-96c0-f1524a3d8634", "school": "bcacb03c-3116-4219-bccb-416d1d71aec0", "course": "c2a215e9-0e65-4b27-a73e-9ea954cdfff8", "allotted_teacher": "66d52581-9c82-4382-9134-9d86ce730268", "classroom_assignment": "e6ca3cb8-24b4-4b09-944d-f5819405f7d1", "timeslot": "fa1ddea9-0fcc-4796-a9ec-5ecdbf8399a8", "is_elective": false, "elective_subject_name": "Science", "elective_group_id": null}}, {"model": "base.lesson", "pk": "83244d17-7f8d-4408-8e2a-62d528d78481", "fields": {"timetable": "94e62c4d-04b1-4191-8526-a21c30a8bc74", "school": "bcacb03c-3116-4219-bccb-416d1d71aec0", "course": "7ccafef2-904c-4e6e-8c49-503cc011a9ed", "allotted_teacher": "cb0b6967-1dbf-4c87-ac64-a1555d537461", "classroom_assignment": "1103843c-ed1e-45ec-94ab-3dfe5796cf75", "timeslot": "edd89010-6476-4884-9d46-a777c6262f75", "is_elective": false, "elective_subject_name": "Physical Education", "elective_group_id": null}}, {"model": "base.lesson", "pk": "832937fe-b0b0-45c4-9d00-d648d59a6ee3", "fields": {"timetable": "d64a5f5f-563a-4330-b058-562085b2e663", "school": "bcacb03c-3116-4219-bccb-416d1d71aec0", "course": "d4641dcb-a785-43e2-bf76-25843d59e307", "allotted_teacher": "2ae11f7f-1398-4f47-922a-bbac6dfa4de7", "classroom_assignment": "9b7bbbef-9518-4605-b335-c869ca80d28e", "timeslot": "d3dc5016-8f0b-499b-be10-d3249e03f174", "is_elective": true, "elective_subject_name": "Foreign Languages", "elective_group_id": null}}, {"model": "base.lesson", "pk": "83801a64-2911-4742-a009-5a62af39aa76", "fields": {"timetable": "d64a5f5f-563a-4330-b058-562085b2e663", "school": "bcacb03c-3116-4219-bccb-416d1d71aec0", "course": "cb90a8b6-d6e5-4d2c-a927-92b9673bf39f", "allotted_teacher": "db8e3fbb-eab8-4a11-91ae-72d4f74eac0c", "classroom_assignment": "223a7b46-7c46-4566-8a47-3cf43bc24f54", "timeslot": "c226a09f-fe96-4bfe-947e-ae7727c5d4af", "is_elective": false, "elective_subject_name": "Arabic", "elective_group_id": null}}, {"model": "base.lesson", "pk": "84dba12d-effa-4215-ac5b-f81169500dd5", "fields": {"timetable": "d64a5f5f-563a-4330-b058-562085b2e663", "school": "bcacb03c-3116-4219-bccb-416d1d71aec0", "course": "10367142-00b5-4df3-8a90-b1affaa30395", "allotted_teacher": "801e04f3-2ed4-4845-b7f8-ad8ab61e5adf", "classroom_assignment": "877aa577-ad23-4560-83d2-587658e6ea81", "timeslot": "84353eea-e6d6-4c92-ba02-ae645cd5bec3", "is_elective": false, "elective_subject_name": "Science", "elective_group_id": null}}, {"model": "base.lesson", "pk": "855d87d3-392e-46c5-8357-ee759cc659ad", "fields": {"timetable": "ffa6ddca-8a45-4ff7-96c0-f1524a3d8634", "school": "bcacb03c-3116-4219-bccb-416d1d71aec0", "course": "79989055-058d-4d23-a1ca-7c4a1263b934", "allotted_teacher": "f316a99a-bef3-4c6b-b86d-63c2960a8d95", "classroom_assignment": "e6ca3cb8-24b4-4b09-944d-f5819405f7d1", "timeslot": "babe1bba-c7b4-48a5-9885-2c65ca5937f4", "is_elective": false, "elective_subject_name": "Mathamatics", "elective_group_id": null}}, {"model": "base.lesson", "pk": "869dcbab-e716-4fd1-9e03-115ae0500050", "fields": {"timetable": "94e62c4d-04b1-4191-8526-a21c30a8bc74", "school": "bcacb03c-3116-4219-bccb-416d1d71aec0", "course": "193e485a-b8c1-4058-a53a-2ebf7262c3c0", "allotted_teacher": "4acb0500-df2f-4789-9a5a-48b7e984729d", "classroom_assignment": "0dff30a8-00e6-45bd-bf0a-e4a83602c6fb", "timeslot": "7c0ba615-7f2a-46db-9c70-67a22df874df", "is_elective": false, "elective_subject_name": "Arabic", "elective_group_id": null}}, {"model": "base.lesson", "pk": "89d75aaa-8244-4ab9-8e21-47eca365c42a", "fields": {"timetable": "94e62c4d-04b1-4191-8526-a21c30a8bc74", "school": "bcacb03c-3116-4219-bccb-416d1d71aec0", "course": "d8864c8d-016e-4671-ab65-56cffd11bf71", "allotted_teacher": "ba3fbfce-f65d-46bb-aa42-9143c3efab0a", "classroom_assignment": "1103843c-ed1e-45ec-94ab-3dfe5796cf75", "timeslot": "ddf90c10-ae2f-4025-b323-d8cb32c041c0", "is_elective": false, "elective_subject_name": "Mathamatics", "elective_group_id": null}}, {"model": "base.lesson", "pk": "8b0b424a-f12f-437a-83cf-a006b015a513", "fields": {"timetable": "d64a5f5f-563a-4330-b058-562085b2e663", "school": "bcacb03c-3116-4219-bccb-416d1d71aec0", "course": "10367142-00b5-4df3-8a90-b1affaa30395", "allotted_teacher": "801e04f3-2ed4-4845-b7f8-ad8ab61e5adf", "classroom_assignment": "223a7b46-7c46-4566-8a47-3cf43bc24f54", "timeslot": "c31a1a57-e62d-4f9a-beb9-cba183b3f536", "is_elective": false, "elective_subject_name": "Science", "elective_group_id": null}}, {"model": "base.lesson", "pk": "8c6b9d86-1f93-4fcf-8e07-a80ab9b0799b", "fields": {"timetable": "94e62c4d-04b1-4191-8526-a21c30a8bc74", "school": "bcacb03c-3116-4219-bccb-416d1d71aec0", "course": "d8864c8d-016e-4671-ab65-56cffd11bf71", "allotted_teacher": "ab23df76-40cc-4a34-89e1-809d37bf4821", "classroom_assignment": "5701c8bf-c7c0-4445-8bc8-a8da53746976", "timeslot": "6819c7ce-0edd-48cf-9c3b-495df6957d49", "is_elective": false, "elective_subject_name": "Mathamatics", "elective_group_id": null}}, {"model": "base.lesson", "pk": "8dddac27-ec62-4bc8-bc68-53abad222d11", "fields": {"timetable": "ffa6ddca-8a45-4ff7-96c0-f1524a3d8634", "school": "bcacb03c-3116-4219-bccb-416d1d71aec0", "course": "cda909c4-8c13-449a-9d77-a36ce73d21bc", "allotted_teacher": "c7c255df-5d5f-4804-9631-0c5ea568cd7e", "classroom_assignment": "0971f63b-9b9d-49a4-a4b2-36e408b4f2c4", "timeslot": "de44e0e0-f44b-4fcd-b7f2-ff198f428943", "is_elective": false, "elective_subject_name": "Physical Education", "elective_group_id": null}}, {"model": "base.lesson", "pk": "8e360ebe-2843-47ef-9ba5-3f04b023e186", "fields": {"timetable": "94e62c4d-04b1-4191-8526-a21c30a8bc74", "school": "bcacb03c-3116-4219-bccb-416d1d71aec0", "course": "d8864c8d-016e-4671-ab65-56cffd11bf71", "allotted_teacher": "ab23df76-40cc-4a34-89e1-809d37bf4821", "classroom_assignment": "bf064af5-0932-414c-bd91-cec2099c1e65", "timeslot": "4b5d74ec-51e9-4049-8523-9546559f0350", "is_elective": false, "elective_subject_name": "Mathamatics", "elective_group_id": null}}, {"model": "base.lesson", "pk": "8f8d3ffd-d68f-4fad-a53e-e55ed02a2bd7", "fields": {"timetable": "94e62c4d-04b1-4191-8526-a21c30a8bc74", "school": "bcacb03c-3116-4219-bccb-416d1d71aec0", "course": "8f1bcd43-45a4-4ccb-bfa9-31e9bb15fb90", "allotted_teacher": "033afd22-8117-4096-871e-945d12ca6d97", "classroom_assignment": "1103843c-ed1e-45ec-94ab-3dfe5796cf75", "timeslot": "c0e9b5e6-b86a-4141-bc40-b4af540de655", "is_elective": false, "elective_subject_name": "Social Studies", "elective_group_id": null}}, {"model": "base.lesson", "pk": "8fed087d-54b0-4f93-99f2-164277db4460", "fields": {"timetable": "d64a5f5f-563a-4330-b058-562085b2e663", "school": "bcacb03c-3116-4219-bccb-416d1d71aec0", "course": "1b20e651-7c56-4cb9-ad87-c752e8807b55", "allotted_teacher": "3aac35a8-990c-46c8-b258-ca4b8cdec613", "classroom_assignment": "bb939fab-7888-4259-81e2-32d31741842c", "timeslot": "437ccab4-9084-4edd-83e7-c52ec5db756a", "is_elective": true, "elective_subject_name": "Foreign Languages", "elective_group_id": null}}, {"model": "base.lesson", "pk": "8ff0065c-e40b-4fd8-898d-38e268d15f11", "fields": {"timetable": "ffa6ddca-8a45-4ff7-96c0-f1524a3d8634", "school": "bcacb03c-3116-4219-bccb-416d1d71aec0", "course": "7f742d5a-8d17-4081-85ea-bf067110b01e", "allotted_teacher": "e6f6f872-5b58-4507-99a4-4857c51b51d2", "classroom_assignment": "2291600d-d0b1-49a0-ab0a-e8460b9df9bb", "timeslot": "1ac65f02-23dd-43b6-9b1f-c19b3112ea5e", "is_elective": false, "elective_subject_name": "Arabic", "elective_group_id": null}}, {"model": "base.lesson", "pk": "91379add-a4b0-42a4-8056-66ce76c643c5", "fields": {"timetable": "d64a5f5f-563a-4330-b058-562085b2e663", "school": "bcacb03c-3116-4219-bccb-416d1d71aec0", "course": "5b80d858-3f33-4057-bde6-ada4f8d90974", "allotted_teacher": "e5f56c21-bbb3-41c8-87fe-ce202585d6cd", "classroom_assignment": "223a7b46-7c46-4566-8a47-3cf43bc24f54", "timeslot": "cd8cf5b3-4bac-41f6-9571-eca3a6817c1e", "is_elective": false, "elective_subject_name": "Mathamatics", "elective_group_id": null}}, {"model": "base.lesson", "pk": "91d1bf5e-181d-4d23-a2a2-985ae46e8029", "fields": {"timetable": "d64a5f5f-563a-4330-b058-562085b2e663", "school": "bcacb03c-3116-4219-bccb-416d1d71aec0", "course": "10367142-00b5-4df3-8a90-b1affaa30395", "allotted_teacher": "801e04f3-2ed4-4845-b7f8-ad8ab61e5adf", "classroom_assignment": "9b7bbbef-9518-4605-b335-c869ca80d28e", "timeslot": "c226a09f-fe96-4bfe-947e-ae7727c5d4af", "is_elective": false, "elective_subject_name": "Science", "elective_group_id": null}}, {"model": "base.lesson", "pk": "91d40795-2899-4051-9d7c-8ef63431bdc5", "fields": {"timetable": "94e62c4d-04b1-4191-8526-a21c30a8bc74", "school": "bcacb03c-3116-4219-bccb-416d1d71aec0", "course": "7ccafef2-904c-4e6e-8c49-503cc011a9ed", "allotted_teacher": "cb0b6967-1dbf-4c87-ac64-a1555d537461", "classroom_assignment": "0dff30a8-00e6-45bd-bf0a-e4a83602c6fb", "timeslot": "a04146de-6d2c-42d6-a1dc-1eb4a7f4c407", "is_elective": false, "elective_subject_name": "Physical Education", "elective_group_id": null}}, {"model": "base.lesson", "pk": "923372dd-542a-40ee-9584-90ee326215ec", "fields": {"timetable": "d64a5f5f-563a-4330-b058-562085b2e663", "school": "bcacb03c-3116-4219-bccb-416d1d71aec0", "course": "d04761db-cfa5-4b98-b4d2-2c6162d9ce61", "allotted_teacher": "1aba6308-8532-4d89-9db7-d20b73d24a18", "classroom_assignment": "b312bbfd-e660-4f48-afee-8d2b0f592542", "timeslot": "36898347-bc39-430b-b49d-fd1cf478365f", "is_elective": false, "elective_subject_name": "Social Studies", "elective_group_id": null}}, {"model": "base.lesson", "pk": "92a7e293-5fcf-41a9-bcb3-1fa990555466", "fields": {"timetable": "d64a5f5f-563a-4330-b058-562085b2e663", "school": "bcacb03c-3116-4219-bccb-416d1d71aec0", "course": "d04761db-cfa5-4b98-b4d2-2c6162d9ce61", "allotted_teacher": "1dfe660e-822d-4429-9e72-b6867ce5caa4", "classroom_assignment": "223a7b46-7c46-4566-8a47-3cf43bc24f54", "timeslot": "36898347-bc39-430b-b49d-fd1cf478365f", "is_elective": false, "elective_subject_name": "Social Studies", "elective_group_id": null}}, {"model": "base.lesson", "pk": "933dddb1-3214-4034-85ef-379b5f8155c2", "fields": {"timetable": "ffa6ddca-8a45-4ff7-96c0-f1524a3d8634", "school": "bcacb03c-3116-4219-bccb-416d1d71aec0", "course": "12ab32e3-5f87-45c2-8643-f4bc8d673304", "allotted_teacher": "6604a9fd-36fa-466e-b2da-24faa4737c39", "classroom_assignment": "0161318e-203d-476a-9cf2-d64aba621f25", "timeslot": "f02e2334-8bc0-495b-86cf-bd27989f3fd8", "is_elective": true, "elective_subject_name": "Foreign Languages", "elective_group_id": null}}, {"model": "base.lesson", "pk": "93c80f3e-053b-46a7-b2f0-0a5a225ef1da", "fields": {"timetable": "d64a5f5f-563a-4330-b058-562085b2e663", "school": "bcacb03c-3116-4219-bccb-416d1d71aec0", "course": "d4641dcb-a785-43e2-bf76-25843d59e307", "allotted_teacher": "2ae11f7f-1398-4f47-922a-bbac6dfa4de7", "classroom_assignment": "39d8ee26-2e4d-4352-b11c-9aac2e0af60b", "timeslot": "4f05146a-db5e-493e-a053-e2e76a115cc7", "is_elective": true, "elective_subject_name": "Foreign Languages", "elective_group_id": null}}, {"model": "base.lesson", "pk": "949238f7-3faa-42a5-b8ae-8aead5ce66c6", "fields": {"timetable": "d64a5f5f-563a-4330-b058-562085b2e663", "school": "bcacb03c-3116-4219-bccb-416d1d71aec0", "course": "d04761db-cfa5-4b98-b4d2-2c6162d9ce61", "allotted_teacher": "1dfe660e-822d-4429-9e72-b6867ce5caa4", "classroom_assignment": "9b7bbbef-9518-4605-b335-c869ca80d28e", "timeslot": "c31a1a57-e62d-4f9a-beb9-cba183b3f536", "is_elective": false, "elective_subject_name": "Social Studies", "elective_group_id": null}}, {"model": "base.lesson", "pk": "94e53c6e-e879-43b5-888f-908802e3a929", "fields": {"timetable": "ffa6ddca-8a45-4ff7-96c0-f1524a3d8634", "school": "bcacb03c-3116-4219-bccb-416d1d71aec0", "course": "79989055-058d-4d23-a1ca-7c4a1263b934", "allotted_teacher": "f316a99a-bef3-4c6b-b86d-63c2960a8d95", "classroom_assignment": "0971f63b-9b9d-49a4-a4b2-36e408b4f2c4", "timeslot": "1f27be30-aafc-4e2d-8f06-79d6ba5cee57", "is_elective": false, "elective_subject_name": "Mathamatics", "elective_group_id": null}}, {"model": "base.lesson", "pk": "9532c061-415f-49b6-acb7-27777b68a017", "fields": {"timetable": "94e62c4d-04b1-4191-8526-a21c30a8bc74", "school": "bcacb03c-3116-4219-bccb-416d1d71aec0", "course": "2b73e002-b905-4ec8-9e08-28316e1c99e7", "allotted_teacher": "54fdfbd0-3f32-48b1-a9c5-abb74a8af799", "classroom_assignment": "bf064af5-0932-414c-bd91-cec2099c1e65", "timeslot": "c0e9b5e6-b86a-4141-bc40-b4af540de655", "is_elective": false, "elective_subject_name": "Science", "elective_group_id": null}}, {"model": "base.lesson", "pk": "9560fb5c-e57a-40de-b5a1-6c06fe86aa5e", "fields": {"timetable": "94e62c4d-04b1-4191-8526-a21c30a8bc74", "school": "bcacb03c-3116-4219-bccb-416d1d71aec0", "course": "8f1bcd43-45a4-4ccb-bfa9-31e9bb15fb90", "allotted_teacher": "24a5e43a-bba1-48d7-b001-6fff952c45b3", "classroom_assignment": "bf064af5-0932-414c-bd91-cec2099c1e65", "timeslot": "6819c7ce-0edd-48cf-9c3b-495df6957d49", "is_elective": false, "elective_subject_name": "Social Studies", "elective_group_id": null}}, {"model": "base.lesson", "pk": "95dca4de-466a-42f9-8a64-c8e69bb150e3", "fields": {"timetable": "d64a5f5f-563a-4330-b058-562085b2e663", "school": "bcacb03c-3116-4219-bccb-416d1d71aec0", "course": "141404f1-3459-4c61-a55c-596f9fe7419d", "allotted_teacher": "c2707629-30d4-458c-a400-c8dd21658092", "classroom_assignment": "f638d387-3f39-4b7a-acdf-519f60349e60", "timeslot": "cd8cf5b3-4bac-41f6-9571-eca3a6817c1e", "is_elective": false, "elective_subject_name": "Information Technology", "elective_group_id": null}}, {"model": "base.lesson", "pk": "9625bc72-ab91-4d8e-8eab-39980f9a606d", "fields": {"timetable": "d64a5f5f-563a-4330-b058-562085b2e663", "school": "bcacb03c-3116-4219-bccb-416d1d71aec0", "course": "10367142-00b5-4df3-8a90-b1affaa30395", "allotted_teacher": "fb8b76cf-ec99-4bfd-a2cf-fe385518dc16", "classroom_assignment": "39d8ee26-2e4d-4352-b11c-9aac2e0af60b", "timeslot": "84353eea-e6d6-4c92-ba02-ae645cd5bec3", "is_elective": false, "elective_subject_name": "Science", "elective_group_id": null}}, {"model": "base.lesson", "pk": "980b06b5-b3e7-44ba-88a0-bd90ca715107", "fields": {"timetable": "94e62c4d-04b1-4191-8526-a21c30a8bc74", "school": "bcacb03c-3116-4219-bccb-416d1d71aec0", "course": "2b73e002-b905-4ec8-9e08-28316e1c99e7", "allotted_teacher": "54fdfbd0-3f32-48b1-a9c5-abb74a8af799", "classroom_assignment": "bf064af5-0932-414c-bd91-cec2099c1e65", "timeslot": "c9ffa89b-e06d-4f35-a88c-7beb8188204c", "is_elective": false, "elective_subject_name": "Science", "elective_group_id": null}}, {"model": "base.lesson", "pk": "98e4f81a-563a-4f0d-b9b3-57cc0ee36cbe", "fields": {"timetable": "94e62c4d-04b1-4191-8526-a21c30a8bc74", "school": "bcacb03c-3116-4219-bccb-416d1d71aec0", "course": "d8864c8d-016e-4671-ab65-56cffd11bf71", "allotted_teacher": "ab23df76-40cc-4a34-89e1-809d37bf4821", "classroom_assignment": "bf064af5-0932-414c-bd91-cec2099c1e65", "timeslot": "733f2ba1-d2db-4da6-9dd0-704137cc2dfe", "is_elective": false, "elective_subject_name": "Mathamatics", "elective_group_id": null}}, {"model": "base.lesson", "pk": "99b338c4-c755-4a8f-9c2e-0f9e62bc1902", "fields": {"timetable": "d64a5f5f-563a-4330-b058-562085b2e663", "school": "bcacb03c-3116-4219-bccb-416d1d71aec0", "course": "5b80d858-3f33-4057-bde6-ada4f8d90974", "allotted_teacher": "8ff11ca0-b290-4340-8f93-a5fef6774614", "classroom_assignment": "39d8ee26-2e4d-4352-b11c-9aac2e0af60b", "timeslot": "696c3c22-3c7e-4771-85da-205843d3b59c", "is_elective": false, "elective_subject_name": "Mathamatics", "elective_group_id": null}}, {"model": "base.lesson", "pk": "99c37ff0-5c15-4f69-b447-604f1b11197e", "fields": {"timetable": "d64a5f5f-563a-4330-b058-562085b2e663", "school": "bcacb03c-3116-4219-bccb-416d1d71aec0", "course": "8ef24942-a465-4dac-8281-c240c2746277", "allotted_teacher": "ece08802-9856-450a-b205-179536e215c8", "classroom_assignment": "b312bbfd-e660-4f48-afee-8d2b0f592542", "timeslot": "a46714aa-9dcf-4b0b-bb70-38f5e3d734cb", "is_elective": false, "elective_subject_name": "Physical Education", "elective_group_id": null}}, {"model": "base.lesson", "pk": "9a4096d7-90be-4233-b395-4bd05afc0ecf", "fields": {"timetable": "ffa6ddca-8a45-4ff7-96c0-f1524a3d8634", "school": "bcacb03c-3116-4219-bccb-416d1d71aec0", "course": "7f742d5a-8d17-4081-85ea-bf067110b01e", "allotted_teacher": "e6f6f872-5b58-4507-99a4-4857c51b51d2", "classroom_assignment": "11dddf23-cf39-48bb-9c3e-35f15d0fd4f5", "timeslot": "d482160a-b77e-45a0-8491-ed3da55e7b3c", "is_elective": false, "elective_subject_name": "Arabic", "elective_group_id": null}}, {"model": "base.lesson", "pk": "9a594a61-a163-4c89-ac4c-73ce565381e4", "fields": {"timetable": "94e62c4d-04b1-4191-8526-a21c30a8bc74", "school": "bcacb03c-3116-4219-bccb-416d1d71aec0", "course": "2b73e002-b905-4ec8-9e08-28316e1c99e7", "allotted_teacher": "54fdfbd0-3f32-48b1-a9c5-abb74a8af799", "classroom_assignment": "5701c8bf-c7c0-4445-8bc8-a8da53746976", "timeslot": "56017fed-9b98-4c69-afc4-16200e6bed67", "is_elective": false, "elective_subject_name": "Science", "elective_group_id": null}}, {"model": "base.lesson", "pk": "9b7e3e44-25b2-486a-9634-cf340985dea4", "fields": {"timetable": "d64a5f5f-563a-4330-b058-562085b2e663", "school": "bcacb03c-3116-4219-bccb-416d1d71aec0", "course": "8ef24942-a465-4dac-8281-c240c2746277", "allotted_teacher": "ece08802-9856-450a-b205-179536e215c8", "classroom_assignment": "39d8ee26-2e4d-4352-b11c-9aac2e0af60b", "timeslot": "9315e134-e4a7-4028-b51b-876427af1da5", "is_elective": false, "elective_subject_name": "Physical Education", "elective_group_id": null}}, {"model": "base.lesson", "pk": "9ba0f742-df24-40e8-9cfb-1ab0a98d200a", "fields": {"timetable": "ffa6ddca-8a45-4ff7-96c0-f1524a3d8634", "school": "bcacb03c-3116-4219-bccb-416d1d71aec0", "course": "79989055-058d-4d23-a1ca-7c4a1263b934", "allotted_teacher": "f316a99a-bef3-4c6b-b86d-63c2960a8d95", "classroom_assignment": "11dddf23-cf39-48bb-9c3e-35f15d0fd4f5", "timeslot": "5b4446e7-bbb9-4aec-aafe-ead2eed73647", "is_elective": false, "elective_subject_name": "Mathamatics", "elective_group_id": null}}, {"model": "base.lesson", "pk": "9bd1b2e7-413e-4349-b1d5-5bb61543fbca", "fields": {"timetable": "94e62c4d-04b1-4191-8526-a21c30a8bc74", "school": "bcacb03c-3116-4219-bccb-416d1d71aec0", "course": "e88cd0d4-4da6-48fd-b08f-a9f9b1aa9933", "allotted_teacher": "4b01b001-4dc3-4aa8-bf3a-4e9dc8e1f1e9", "classroom_assignment": "1ad55561-054c-4710-9a97-72b38bb8795d", "timeslot": "6819c7ce-0edd-48cf-9c3b-495df6957d49", "is_elective": false, "elective_subject_name": "Information Technology", "elective_group_id": null}}, {"model": "base.lesson", "pk": "9ce17707-90bc-4758-82d8-902367958091", "fields": {"timetable": "94e62c4d-04b1-4191-8526-a21c30a8bc74", "school": "bcacb03c-3116-4219-bccb-416d1d71aec0", "course": "8f1bcd43-45a4-4ccb-bfa9-31e9bb15fb90", "allotted_teacher": "033afd22-8117-4096-871e-945d12ca6d97", "classroom_assignment": "e15c655a-86d6-4e6b-81cb-3a1c33fcc535", "timeslot": "a04146de-6d2c-42d6-a1dc-1eb4a7f4c407", "is_elective": false, "elective_subject_name": "Social Studies", "elective_group_id": null}}, {"model": "base.lesson", "pk": "9ce41ab0-41f2-4398-9c30-36d06d25e677", "fields": {"timetable": "94e62c4d-04b1-4191-8526-a21c30a8bc74", "school": "bcacb03c-3116-4219-bccb-416d1d71aec0", "course": "48875e8f-5e6e-4456-b094-274236e0d8dc", "allotted_teacher": "a21bc5ff-dc08-4884-b9d9-b8d3d21e4b0f", "classroom_assignment": "bf064af5-0932-414c-bd91-cec2099c1e65", "timeslot": "4f87734b-3279-4ffa-b0f7-09be03e2d5b2", "is_elective": true, "elective_subject_name": "Foreign Languages", "elective_group_id": null}}, {"model": "base.lesson", "pk": "9d3af5d8-5f0f-4f78-ac6f-6e2caf4c8093", "fields": {"timetable": "94e62c4d-04b1-4191-8526-a21c30a8bc74", "school": "bcacb03c-3116-4219-bccb-416d1d71aec0", "course": "d8864c8d-016e-4671-ab65-56cffd11bf71", "allotted_teacher": "ba3fbfce-f65d-46bb-aa42-9143c3efab0a", "classroom_assignment": "e15c655a-86d6-4e6b-81cb-3a1c33fcc535", "timeslot": "4b5d74ec-51e9-4049-8523-9546559f0350", "is_elective": false, "elective_subject_name": "Mathamatics", "elective_group_id": null}}, {"model": "base.lesson", "pk": "9e06c6ee-dc50-4a4d-9f9d-fba98240da5e", "fields": {"timetable": "ffa6ddca-8a45-4ff7-96c0-f1524a3d8634", "school": "bcacb03c-3116-4219-bccb-416d1d71aec0", "course": "38e594ab-a4c5-4bcd-a224-c58c9f7c7339", "allotted_teacher": "66ea6a63-aaf1-489d-8dd8-484cfc4a6b66", "classroom_assignment": "0971f63b-9b9d-49a4-a4b2-36e408b4f2c4", "timeslot": "40ce9860-0008-4262-8dd6-718a2bd7a29f", "is_elective": false, "elective_subject_name": "Social Studies", "elective_group_id": null}}, {"model": "base.lesson", "pk": "9f18904e-679e-44f9-b026-dfb6d081a550", "fields": {"timetable": "ffa6ddca-8a45-4ff7-96c0-f1524a3d8634", "school": "bcacb03c-3116-4219-bccb-416d1d71aec0", "course": "73c678eb-03fc-41d6-bd3b-472b1fc2d1a0", "allotted_teacher": "9453c830-b944-43e5-b641-c197d6f3081d", "classroom_assignment": "f2ba4af1-f215-4816-9144-46d195e32f0d", "timeslot": "ab45d476-f840-47ba-8852-2e1faca77e4f", "is_elective": false, "elective_subject_name": "Information Technology", "elective_group_id": null}}, {"model": "base.lesson", "pk": "a108d615-91b3-4bf0-b61e-6b308eab9c07", "fields": {"timetable": "ffa6ddca-8a45-4ff7-96c0-f1524a3d8634", "school": "bcacb03c-3116-4219-bccb-416d1d71aec0", "course": "79989055-058d-4d23-a1ca-7c4a1263b934", "allotted_teacher": "f316a99a-bef3-4c6b-b86d-63c2960a8d95", "classroom_assignment": "e6ca3cb8-24b4-4b09-944d-f5819405f7d1", "timeslot": "65618609-3f12-45e9-ab9e-f2a8e43bca65", "is_elective": false, "elective_subject_name": "Mathamatics", "elective_group_id": null}}, {"model": "base.lesson", "pk": "a1276c67-099c-46f5-971e-334f94c2b8f0", "fields": {"timetable": "ffa6ddca-8a45-4ff7-96c0-f1524a3d8634", "school": "bcacb03c-3116-4219-bccb-416d1d71aec0", "course": "12ab32e3-5f87-45c2-8643-f4bc8d673304", "allotted_teacher": "6604a9fd-36fa-466e-b2da-24faa4737c39", "classroom_assignment": "e6ca3cb8-24b4-4b09-944d-f5819405f7d1", "timeslot": "d482160a-b77e-45a0-8491-ed3da55e7b3c", "is_elective": true, "elective_subject_name": "Foreign Languages", "elective_group_id": null}}, {"model": "base.lesson", "pk": "a21c3ab6-3893-4b6c-a060-15cf74a495b9", "fields": {"timetable": "ffa6ddca-8a45-4ff7-96c0-f1524a3d8634", "school": "bcacb03c-3116-4219-bccb-416d1d71aec0", "course": "c2a215e9-0e65-4b27-a73e-9ea954cdfff8", "allotted_teacher": "66d52581-9c82-4382-9134-9d86ce730268", "classroom_assignment": "e6ca3cb8-24b4-4b09-944d-f5819405f7d1", "timeslot": "391f7511-79dc-4e70-9b6d-58aeb1acf061", "is_elective": false, "elective_subject_name": "Science", "elective_group_id": null}}, {"model": "base.lesson", "pk": "a366047a-2bf7-45a3-a998-dd50bf88e292", "fields": {"timetable": "d64a5f5f-563a-4330-b058-562085b2e663", "school": "bcacb03c-3116-4219-bccb-416d1d71aec0", "course": "cb90a8b6-d6e5-4d2c-a927-92b9673bf39f", "allotted_teacher": "db8e3fbb-eab8-4a11-91ae-72d4f74eac0c", "classroom_assignment": "bb939fab-7888-4259-81e2-32d31741842c", "timeslot": "d3dc5016-8f0b-499b-be10-d3249e03f174", "is_elective": false, "elective_subject_name": "Arabic", "elective_group_id": null}}, {"model": "base.lesson", "pk": "a46f5bfc-4f46-4e03-bad1-3dd7049ed603", "fields": {"timetable": "d64a5f5f-563a-4330-b058-562085b2e663", "school": "bcacb03c-3116-4219-bccb-416d1d71aec0", "course": "d04761db-cfa5-4b98-b4d2-2c6162d9ce61", "allotted_teacher": "1aba6308-8532-4d89-9db7-d20b73d24a18", "classroom_assignment": "bb939fab-7888-4259-81e2-32d31741842c", "timeslot": "87b698e2-3dc2-443b-9330-727a1a919f40", "is_elective": false, "elective_subject_name": "Social Studies", "elective_group_id": null}}, {"model": "base.lesson", "pk": "a4c64121-1eea-4958-b173-a881dccf5e1d", "fields": {"timetable": "d64a5f5f-563a-4330-b058-562085b2e663", "school": "bcacb03c-3116-4219-bccb-416d1d71aec0", "course": "5b80d858-3f33-4057-bde6-ada4f8d90974", "allotted_teacher": "e5f56c21-bbb3-41c8-87fe-ce202585d6cd", "classroom_assignment": "877aa577-ad23-4560-83d2-587658e6ea81", "timeslot": "75a56361-bade-42ab-91e2-c7d575e52bf8", "is_elective": false, "elective_subject_name": "Mathamatics", "elective_group_id": null}}, {"model": "base.lesson", "pk": "a7bbbc33-7554-4bc0-9716-278cf7dedd88", "fields": {"timetable": "ffa6ddca-8a45-4ff7-96c0-f1524a3d8634", "school": "bcacb03c-3116-4219-bccb-416d1d71aec0", "course": "38e594ab-a4c5-4bcd-a224-c58c9f7c7339", "allotted_teacher": "66ea6a63-aaf1-489d-8dd8-484cfc4a6b66", "classroom_assignment": "e6ca3cb8-24b4-4b09-944d-f5819405f7d1", "timeslot": "483a9c96-5df4-4654-8eac-77b3883ca797", "is_elective": false, "elective_subject_name": "Social Studies", "elective_group_id": null}}, {"model": "base.lesson", "pk": "a95b29ed-36bb-4ced-8ce4-8b5388d2aa3c", "fields": {"timetable": "d64a5f5f-563a-4330-b058-562085b2e663", "school": "bcacb03c-3116-4219-bccb-416d1d71aec0", "course": "10367142-00b5-4df3-8a90-b1affaa30395", "allotted_teacher": "801e04f3-2ed4-4845-b7f8-ad8ab61e5adf", "classroom_assignment": "223a7b46-7c46-4566-8a47-3cf43bc24f54", "timeslot": "302bb2bc-b451-40b7-90e8-f511d7a33370", "is_elective": false, "elective_subject_name": "Science", "elective_group_id": null}}, {"model": "base.lesson", "pk": "a9941bf8-3a71-42ae-945a-3dc263092ad7", "fields": {"timetable": "ffa6ddca-8a45-4ff7-96c0-f1524a3d8634", "school": "bcacb03c-3116-4219-bccb-416d1d71aec0", "course": "c2a215e9-0e65-4b27-a73e-9ea954cdfff8", "allotted_teacher": "fc362b2f-d6c9-44f4-b8af-2813b2b4da5a", "classroom_assignment": "598063a2-2c28-476c-993d-fe08c92c4815", "timeslot": "1ac65f02-23dd-43b6-9b1f-c19b3112ea5e", "is_elective": false, "elective_subject_name": "Science", "elective_group_id": null}}, {"model": "base.lesson", "pk": "aa9550ec-1e90-4fc9-a60b-ca94dfbd3d0d", "fields": {"timetable": "94e62c4d-04b1-4191-8526-a21c30a8bc74", "school": "bcacb03c-3116-4219-bccb-416d1d71aec0", "course": "2b73e002-b905-4ec8-9e08-28316e1c99e7", "allotted_teacher": "54fdfbd0-3f32-48b1-a9c5-abb74a8af799", "classroom_assignment": "5701c8bf-c7c0-4445-8bc8-a8da53746976", "timeslot": "cb477346-7a53-4062-9fd6-ad9779d6400b", "is_elective": false, "elective_subject_name": "Science", "elective_group_id": null}}, {"model": "base.lesson", "pk": "aad0ed81-75a6-4727-a36c-4c79e139869e", "fields": {"timetable": "94e62c4d-04b1-4191-8526-a21c30a8bc74", "school": "bcacb03c-3116-4219-bccb-416d1d71aec0", "course": "2b73e002-b905-4ec8-9e08-28316e1c99e7", "allotted_teacher": "b502783c-d02f-4bfb-b837-5f326cbaa0fb", "classroom_assignment": "e15c655a-86d6-4e6b-81cb-3a1c33fcc535", "timeslot": "ddf90c10-ae2f-4025-b323-d8cb32c041c0", "is_elective": false, "elective_subject_name": "Science", "elective_group_id": null}}, {"model": "base.lesson", "pk": "ab042056-bf8e-4614-b043-13eb0c6fe947", "fields": {"timetable": "94e62c4d-04b1-4191-8526-a21c30a8bc74", "school": "bcacb03c-3116-4219-bccb-416d1d71aec0", "course": "193e485a-b8c1-4058-a53a-2ebf7262c3c0", "allotted_teacher": "4acb0500-df2f-4789-9a5a-48b7e984729d", "classroom_assignment": "e15c655a-86d6-4e6b-81cb-3a1c33fcc535", "timeslot": "295bd810-e87d-4aa8-8e1c-7c590bb9df5a", "is_elective": false, "elective_subject_name": "Arabic", "elective_group_id": null}}, {"model": "base.lesson", "pk": "ab2c63b0-7cbe-4d44-93e0-517601a2a3c5", "fields": {"timetable": "94e62c4d-04b1-4191-8526-a21c30a8bc74", "school": "bcacb03c-3116-4219-bccb-416d1d71aec0", "course": "2b73e002-b905-4ec8-9e08-28316e1c99e7", "allotted_teacher": "54fdfbd0-3f32-48b1-a9c5-abb74a8af799", "classroom_assignment": "fbd6b9d9-b4b9-4a29-9485-c8299ae30d90", "timeslot": "7c0ba615-7f2a-46db-9c70-67a22df874df", "is_elective": false, "elective_subject_name": "Science", "elective_group_id": null}}, {"model": "base.lesson", "pk": "ab734b04-15d5-479a-ad14-199ed73970ff", "fields": {"timetable": "ffa6ddca-8a45-4ff7-96c0-f1524a3d8634", "school": "bcacb03c-3116-4219-bccb-416d1d71aec0", "course": "7f742d5a-8d17-4081-85ea-bf067110b01e", "allotted_teacher": "e6f6f872-5b58-4507-99a4-4857c51b51d2", "classroom_assignment": "0161318e-203d-476a-9cf2-d64aba621f25", "timeslot": "98566f66-09e4-486f-bacd-f808d036b787", "is_elective": false, "elective_subject_name": "Arabic", "elective_group_id": null}}, {"model": "base.lesson", "pk": "ab7db2a4-5116-4471-b312-f79780e09566", "fields": {"timetable": "94e62c4d-04b1-4191-8526-a21c30a8bc74", "school": "bcacb03c-3116-4219-bccb-416d1d71aec0", "course": "e88cd0d4-4da6-48fd-b08f-a9f9b1aa9933", "allotted_teacher": "4b01b001-4dc3-4aa8-bf3a-4e9dc8e1f1e9", "classroom_assignment": "1ad55561-054c-4710-9a97-72b38bb8795d", "timeslot": "56017fed-9b98-4c69-afc4-16200e6bed67", "is_elective": false, "elective_subject_name": "Information Technology", "elective_group_id": null}}, {"model": "base.lesson", "pk": "abccf315-4bf3-400d-adfa-4e0ca65f4f5b", "fields": {"timetable": "94e62c4d-04b1-4191-8526-a21c30a8bc74", "school": "bcacb03c-3116-4219-bccb-416d1d71aec0", "course": "48875e8f-5e6e-4456-b094-274236e0d8dc", "allotted_teacher": "a21bc5ff-dc08-4884-b9d9-b8d3d21e4b0f", "classroom_assignment": "e15c655a-86d6-4e6b-81cb-3a1c33fcc535", "timeslot": "d635f746-ceb5-4487-b7fd-4420023fd67b", "is_elective": true, "elective_subject_name": "Foreign Languages", "elective_group_id": null}}, {"model": "base.lesson", "pk": "acb01cbc-ca13-480f-ac4f-937910f2468e", "fields": {"timetable": "ffa6ddca-8a45-4ff7-96c0-f1524a3d8634", "school": "bcacb03c-3116-4219-bccb-416d1d71aec0", "course": "c2a215e9-0e65-4b27-a73e-9ea954cdfff8", "allotted_teacher": "66d52581-9c82-4382-9134-9d86ce730268", "classroom_assignment": "0971f63b-9b9d-49a4-a4b2-36e408b4f2c4", "timeslot": "5b4446e7-bbb9-4aec-aafe-ead2eed73647", "is_elective": false, "elective_subject_name": "Science", "elective_group_id": null}}, {"model": "base.lesson", "pk": "ad37c692-578b-468a-b3bd-efb9f43f42fd", "fields": {"timetable": "ffa6ddca-8a45-4ff7-96c0-f1524a3d8634", "school": "bcacb03c-3116-4219-bccb-416d1d71aec0", "course": "38e594ab-a4c5-4bcd-a224-c58c9f7c7339", "allotted_teacher": "77c2f149-74d1-4ec4-ae5f-847d6f4b9313", "classroom_assignment": "0161318e-203d-476a-9cf2-d64aba621f25", "timeslot": "10a40c5d-20a5-40e5-b7f8-977e3a0bfbf3", "is_elective": false, "elective_subject_name": "Social Studies", "elective_group_id": null}}, {"model": "base.lesson", "pk": "adb8cc01-2d4f-49cd-9366-a37e17e5e2b1", "fields": {"timetable": "d64a5f5f-563a-4330-b058-562085b2e663", "school": "bcacb03c-3116-4219-bccb-416d1d71aec0", "course": "d04761db-cfa5-4b98-b4d2-2c6162d9ce61", "allotted_teacher": "1aba6308-8532-4d89-9db7-d20b73d24a18", "classroom_assignment": "b312bbfd-e660-4f48-afee-8d2b0f592542", "timeslot": "c31a1a57-e62d-4f9a-beb9-cba183b3f536", "is_elective": false, "elective_subject_name": "Social Studies", "elective_group_id": null}}, {"model": "base.lesson", "pk": "ade84700-0a57-470d-8cef-55237f9af4d3", "fields": {"timetable": "94e62c4d-04b1-4191-8526-a21c30a8bc74", "school": "bcacb03c-3116-4219-bccb-416d1d71aec0", "course": "8f1bcd43-45a4-4ccb-bfa9-31e9bb15fb90", "allotted_teacher": "24a5e43a-bba1-48d7-b001-6fff952c45b3", "classroom_assignment": "bf064af5-0932-414c-bd91-cec2099c1e65", "timeslot": "d04e11e7-bffe-4f84-ad5a-e4016b928ac1", "is_elective": false, "elective_subject_name": "Social Studies", "elective_group_id": null}}, {"model": "base.lesson", "pk": "ae582961-2470-4952-a06e-e08365b49969", "fields": {"timetable": "94e62c4d-04b1-4191-8526-a21c30a8bc74", "school": "bcacb03c-3116-4219-bccb-416d1d71aec0", "course": "d8864c8d-016e-4671-ab65-56cffd11bf71", "allotted_teacher": "ab23df76-40cc-4a34-89e1-809d37bf4821", "classroom_assignment": "5701c8bf-c7c0-4445-8bc8-a8da53746976", "timeslot": "c0e9b5e6-b86a-4141-bc40-b4af540de655", "is_elective": false, "elective_subject_name": "Mathamatics", "elective_group_id": null}}, {"model": "base.lesson", "pk": "ae7d6d71-345c-4249-a16c-797c78147e7a", "fields": {"timetable": "d64a5f5f-563a-4330-b058-562085b2e663", "school": "bcacb03c-3116-4219-bccb-416d1d71aec0", "course": "8ef24942-a465-4dac-8281-c240c2746277", "allotted_teacher": "ece08802-9856-450a-b205-179536e215c8", "classroom_assignment": "bb939fab-7888-4259-81e2-32d31741842c", "timeslot": "c31a1a57-e62d-4f9a-beb9-cba183b3f536", "is_elective": false, "elective_subject_name": "Physical Education", "elective_group_id": null}}, {"model": "base.lesson", "pk": "aeaac32f-c89b-4e6c-af6c-410c89c97f40", "fields": {"timetable": "ffa6ddca-8a45-4ff7-96c0-f1524a3d8634", "school": "bcacb03c-3116-4219-bccb-416d1d71aec0", "course": "c2a215e9-0e65-4b27-a73e-9ea954cdfff8", "allotted_teacher": "fc362b2f-d6c9-44f4-b8af-2813b2b4da5a", "classroom_assignment": "598063a2-2c28-476c-993d-fe08c92c4815", "timeslot": "e17bf3f3-d170-4c4b-9597-84c168adb491", "is_elective": false, "elective_subject_name": "Science", "elective_group_id": null}}, {"model": "base.lesson", "pk": "aece6fff-2341-431b-a6fd-1febebae9baf", "fields": {"timetable": "94e62c4d-04b1-4191-8526-a21c30a8bc74", "school": "bcacb03c-3116-4219-bccb-416d1d71aec0", "course": "2b73e002-b905-4ec8-9e08-28316e1c99e7", "allotted_teacher": "54fdfbd0-3f32-48b1-a9c5-abb74a8af799", "classroom_assignment": "fbd6b9d9-b4b9-4a29-9485-c8299ae30d90", "timeslot": "d04e11e7-bffe-4f84-ad5a-e4016b928ac1", "is_elective": false, "elective_subject_name": "Science", "elective_group_id": null}}, {"model": "base.lesson", "pk": "af398584-cb18-4bab-8fe6-38e2f1ca000d", "fields": {"timetable": "d64a5f5f-563a-4330-b058-562085b2e663", "school": "bcacb03c-3116-4219-bccb-416d1d71aec0", "course": "10367142-00b5-4df3-8a90-b1affaa30395", "allotted_teacher": "801e04f3-2ed4-4845-b7f8-ad8ab61e5adf", "classroom_assignment": "9b7bbbef-9518-4605-b335-c869ca80d28e", "timeslot": "696c3c22-3c7e-4771-85da-205843d3b59c", "is_elective": false, "elective_subject_name": "Science", "elective_group_id": null}}, {"model": "base.lesson", "pk": "af9ef8fd-860c-4ca5-bbf5-60592b492cb2", "fields": {"timetable": "94e62c4d-04b1-4191-8526-a21c30a8bc74", "school": "bcacb03c-3116-4219-bccb-416d1d71aec0", "course": "e88cd0d4-4da6-48fd-b08f-a9f9b1aa9933", "allotted_teacher": "4b01b001-4dc3-4aa8-bf3a-4e9dc8e1f1e9", "classroom_assignment": "1ad55561-054c-4710-9a97-72b38bb8795d", "timeslot": "4f87734b-3279-4ffa-b0f7-09be03e2d5b2", "is_elective": false, "elective_subject_name": "Information Technology", "elective_group_id": null}}, {"model": "base.lesson", "pk": "afe2654f-3ff4-4fec-bbbf-6e5b75d6150b", "fields": {"timetable": "d64a5f5f-563a-4330-b058-562085b2e663", "school": "bcacb03c-3116-4219-bccb-416d1d71aec0", "course": "d04761db-cfa5-4b98-b4d2-2c6162d9ce61", "allotted_teacher": "1aba6308-8532-4d89-9db7-d20b73d24a18", "classroom_assignment": "39d8ee26-2e4d-4352-b11c-9aac2e0af60b", "timeslot": "d3dc5016-8f0b-499b-be10-d3249e03f174", "is_elective": false, "elective_subject_name": "Social Studies", "elective_group_id": null}}, {"model": "base.lesson", "pk": "b19ca479-a28c-40b5-80de-91eb71f0851e", "fields": {"timetable": "94e62c4d-04b1-4191-8526-a21c30a8bc74", "school": "bcacb03c-3116-4219-bccb-416d1d71aec0", "course": "d8864c8d-016e-4671-ab65-56cffd11bf71", "allotted_teacher": "ba3fbfce-f65d-46bb-aa42-9143c3efab0a", "classroom_assignment": "1103843c-ed1e-45ec-94ab-3dfe5796cf75", "timeslot": "1a39d9c6-aef6-47fd-b602-0890bb565c6f", "is_elective": false, "elective_subject_name": "Mathamatics", "elective_group_id": null}}, {"model": "base.lesson", "pk": "b1ef978e-74d5-4d1d-a147-a114923ce3b4", "fields": {"timetable": "94e62c4d-04b1-4191-8526-a21c30a8bc74", "school": "bcacb03c-3116-4219-bccb-416d1d71aec0", "course": "2b73e002-b905-4ec8-9e08-28316e1c99e7", "allotted_teacher": "54fdfbd0-3f32-48b1-a9c5-abb74a8af799", "classroom_assignment": "fbd6b9d9-b4b9-4a29-9485-c8299ae30d90", "timeslot": "1a39d9c6-aef6-47fd-b602-0890bb565c6f", "is_elective": false, "elective_subject_name": "Science", "elective_group_id": null}}, {"model": "base.lesson", "pk": "b1fa8586-8413-418c-926e-a8457d00fed8", "fields": {"timetable": "ffa6ddca-8a45-4ff7-96c0-f1524a3d8634", "school": "bcacb03c-3116-4219-bccb-416d1d71aec0", "course": "2e282bda-e91b-403c-9a21-a5e41301881d", "allotted_teacher": "5562caa2-4487-4db7-b71a-6bb8c5a9d790", "classroom_assignment": "8b47fc8a-f30a-49c6-b6b2-b23d9378cb8b", "timeslot": "40ce9860-0008-4262-8dd6-718a2bd7a29f", "is_elective": true, "elective_subject_name": "Foreign Languages", "elective_group_id": null}}, {"model": "base.lesson", "pk": "b2dc94ca-c314-48e8-bb94-d04891341ce5", "fields": {"timetable": "94e62c4d-04b1-4191-8526-a21c30a8bc74", "school": "bcacb03c-3116-4219-bccb-416d1d71aec0", "course": "8f1bcd43-45a4-4ccb-bfa9-31e9bb15fb90", "allotted_teacher": "033afd22-8117-4096-871e-945d12ca6d97", "classroom_assignment": "1103843c-ed1e-45ec-94ab-3dfe5796cf75", "timeslot": "4b5d74ec-51e9-4049-8523-9546559f0350", "is_elective": false, "elective_subject_name": "Social Studies", "elective_group_id": null}}, {"model": "base.lesson", "pk": "b3113257-bd55-4999-b02e-38170ee69cca", "fields": {"timetable": "ffa6ddca-8a45-4ff7-96c0-f1524a3d8634", "school": "bcacb03c-3116-4219-bccb-416d1d71aec0", "course": "c2a215e9-0e65-4b27-a73e-9ea954cdfff8", "allotted_teacher": "fc362b2f-d6c9-44f4-b8af-2813b2b4da5a", "classroom_assignment": "0161318e-203d-476a-9cf2-d64aba621f25", "timeslot": "d482160a-b77e-45a0-8491-ed3da55e7b3c", "is_elective": false, "elective_subject_name": "Science", "elective_group_id": null}}, {"model": "base.lesson", "pk": "b44d0002-8f9e-4d7a-9391-1a954f463236", "fields": {"timetable": "94e62c4d-04b1-4191-8526-a21c30a8bc74", "school": "bcacb03c-3116-4219-bccb-416d1d71aec0", "course": "e88cd0d4-4da6-48fd-b08f-a9f9b1aa9933", "allotted_teacher": "4b01b001-4dc3-4aa8-bf3a-4e9dc8e1f1e9", "classroom_assignment": "1ad55561-054c-4710-9a97-72b38bb8795d", "timeslot": "295bd810-e87d-4aa8-8e1c-7c590bb9df5a", "is_elective": false, "elective_subject_name": "Information Technology", "elective_group_id": null}}, {"model": "base.lesson", "pk": "b44f6394-59ef-495a-9912-fa86afc0f0bc", "fields": {"timetable": "94e62c4d-04b1-4191-8526-a21c30a8bc74", "school": "bcacb03c-3116-4219-bccb-416d1d71aec0", "course": "d8864c8d-016e-4671-ab65-56cffd11bf71", "allotted_teacher": "ab23df76-40cc-4a34-89e1-809d37bf4821", "classroom_assignment": "bf064af5-0932-414c-bd91-cec2099c1e65", "timeslot": "8a273950-2cf6-4f1f-bfa8-3537ce85b243", "is_elective": false, "elective_subject_name": "Mathamatics", "elective_group_id": null}}, {"model": "base.lesson", "pk": "b4814a8e-6a96-45f8-9bf9-cec171baeda6", "fields": {"timetable": "94e62c4d-04b1-4191-8526-a21c30a8bc74", "school": "bcacb03c-3116-4219-bccb-416d1d71aec0", "course": "193e485a-b8c1-4058-a53a-2ebf7262c3c0", "allotted_teacher": "4acb0500-df2f-4789-9a5a-48b7e984729d", "classroom_assignment": "fbd6b9d9-b4b9-4a29-9485-c8299ae30d90", "timeslot": "8a273950-2cf6-4f1f-bfa8-3537ce85b243", "is_elective": false, "elective_subject_name": "Arabic", "elective_group_id": null}}, {"model": "base.lesson", "pk": "b6496353-8855-440e-aeaa-4b1b25dcc57c", "fields": {"timetable": "ffa6ddca-8a45-4ff7-96c0-f1524a3d8634", "school": "bcacb03c-3116-4219-bccb-416d1d71aec0", "course": "38e594ab-a4c5-4bcd-a224-c58c9f7c7339", "allotted_teacher": "66ea6a63-aaf1-489d-8dd8-484cfc4a6b66", "classroom_assignment": "11dddf23-cf39-48bb-9c3e-35f15d0fd4f5", "timeslot": "ab45d476-f840-47ba-8852-2e1faca77e4f", "is_elective": false, "elective_subject_name": "Social Studies", "elective_group_id": null}}, {"model": "base.lesson", "pk": "b66e891b-8d03-4450-9aea-b30a69807b3e", "fields": {"timetable": "94e62c4d-04b1-4191-8526-a21c30a8bc74", "school": "bcacb03c-3116-4219-bccb-416d1d71aec0", "course": "8f1bcd43-45a4-4ccb-bfa9-31e9bb15fb90", "allotted_teacher": "24a5e43a-bba1-48d7-b001-6fff952c45b3", "classroom_assignment": "5701c8bf-c7c0-4445-8bc8-a8da53746976", "timeslot": "c9ffa89b-e06d-4f35-a88c-7beb8188204c", "is_elective": false, "elective_subject_name": "Social Studies", "elective_group_id": null}}, {"model": "base.lesson", "pk": "b6f21ff7-3591-49df-bbf1-bb54010ec8f5", "fields": {"timetable": "d64a5f5f-563a-4330-b058-562085b2e663", "school": "bcacb03c-3116-4219-bccb-416d1d71aec0", "course": "d4641dcb-a785-43e2-bf76-25843d59e307", "allotted_teacher": "2ae11f7f-1398-4f47-922a-bbac6dfa4de7", "classroom_assignment": "9b7bbbef-9518-4605-b335-c869ca80d28e", "timeslot": "36898347-bc39-430b-b49d-fd1cf478365f", "is_elective": true, "elective_subject_name": "Foreign Languages", "elective_group_id": null}}, {"model": "base.lesson", "pk": "b6f8bbf3-966e-425d-9b32-268a43d2557e", "fields": {"timetable": "94e62c4d-04b1-4191-8526-a21c30a8bc74", "school": "bcacb03c-3116-4219-bccb-416d1d71aec0", "course": "8f1bcd43-45a4-4ccb-bfa9-31e9bb15fb90", "allotted_teacher": "24a5e43a-bba1-48d7-b001-6fff952c45b3", "classroom_assignment": "5701c8bf-c7c0-4445-8bc8-a8da53746976", "timeslot": "2d09e7d8-ddfb-44c7-8fa2-7a6408fc5a57", "is_elective": false, "elective_subject_name": "Social Studies", "elective_group_id": null}}, {"model": "base.lesson", "pk": "b72b7146-2018-4a4b-a8b8-ac6e4143680e", "fields": {"timetable": "ffa6ddca-8a45-4ff7-96c0-f1524a3d8634", "school": "bcacb03c-3116-4219-bccb-416d1d71aec0", "course": "7f742d5a-8d17-4081-85ea-bf067110b01e", "allotted_teacher": "e6f6f872-5b58-4507-99a4-4857c51b51d2", "classroom_assignment": "0971f63b-9b9d-49a4-a4b2-36e408b4f2c4", "timeslot": "10a40c5d-20a5-40e5-b7f8-977e3a0bfbf3", "is_elective": false, "elective_subject_name": "Arabic", "elective_group_id": null}}, {"model": "base.lesson", "pk": "b765cce5-4dac-4685-b9b6-f02ef2cf78d6", "fields": {"timetable": "ffa6ddca-8a45-4ff7-96c0-f1524a3d8634", "school": "bcacb03c-3116-4219-bccb-416d1d71aec0", "course": "2e282bda-e91b-403c-9a21-a5e41301881d", "allotted_teacher": "5562caa2-4487-4db7-b71a-6bb8c5a9d790", "classroom_assignment": "ae91ceb1-6f8e-40de-af22-f79f5cbcbb46", "timeslot": "65618609-3f12-45e9-ab9e-f2a8e43bca65", "is_elective": true, "elective_subject_name": "Foreign Languages", "elective_group_id": null}}, {"model": "base.lesson", "pk": "b80f56d8-d4b1-4352-9e2c-8fb201f3e09a", "fields": {"timetable": "d64a5f5f-563a-4330-b058-562085b2e663", "school": "bcacb03c-3116-4219-bccb-416d1d71aec0", "course": "10367142-00b5-4df3-8a90-b1affaa30395", "allotted_teacher": "801e04f3-2ed4-4845-b7f8-ad8ab61e5adf", "classroom_assignment": "877aa577-ad23-4560-83d2-587658e6ea81", "timeslot": "ddcf369f-2451-4900-87b3-eed7434c16bf", "is_elective": false, "elective_subject_name": "Science", "elective_group_id": null}}, {"model": "base.lesson", "pk": "b87419ea-2990-4a1b-8c3c-54fc1efd996f", "fields": {"timetable": "ffa6ddca-8a45-4ff7-96c0-f1524a3d8634", "school": "bcacb03c-3116-4219-bccb-416d1d71aec0", "course": "2e282bda-e91b-403c-9a21-a5e41301881d", "allotted_teacher": "5562caa2-4487-4db7-b71a-6bb8c5a9d790", "classroom_assignment": "0971f63b-9b9d-49a4-a4b2-36e408b4f2c4", "timeslot": "1ac65f02-23dd-43b6-9b1f-c19b3112ea5e", "is_elective": true, "elective_subject_name": "Foreign Languages", "elective_group_id": null}}, {"model": "base.lesson", "pk": "badff4b9-b000-4d7d-aa0d-2663b4d5e645", "fields": {"timetable": "94e62c4d-04b1-4191-8526-a21c30a8bc74", "school": "bcacb03c-3116-4219-bccb-416d1d71aec0", "course": "d8864c8d-016e-4671-ab65-56cffd11bf71", "allotted_teacher": "ba3fbfce-f65d-46bb-aa42-9143c3efab0a", "classroom_assignment": "0dff30a8-00e6-45bd-bf0a-e4a83602c6fb", "timeslot": "f1143f76-6681-4ffc-9e9f-cf8066978dd4", "is_elective": false, "elective_subject_name": "Mathamatics", "elective_group_id": null}}, {"model": "base.lesson", "pk": "bbbc74a2-d54a-442e-81cb-a5d5efd09a14", "fields": {"timetable": "94e62c4d-04b1-4191-8526-a21c30a8bc74", "school": "bcacb03c-3116-4219-bccb-416d1d71aec0", "course": "d8864c8d-016e-4671-ab65-56cffd11bf71", "allotted_teacher": "ab23df76-40cc-4a34-89e1-809d37bf4821", "classroom_assignment": "fbd6b9d9-b4b9-4a29-9485-c8299ae30d90", "timeslot": "ddf90c10-ae2f-4025-b323-d8cb32c041c0", "is_elective": false, "elective_subject_name": "Mathamatics", "elective_group_id": null}}, {"model": "base.lesson", "pk": "bd16df71-8fa1-4c85-a2a2-64ce6f2c8110", "fields": {"timetable": "ffa6ddca-8a45-4ff7-96c0-f1524a3d8634", "school": "bcacb03c-3116-4219-bccb-416d1d71aec0", "course": "c2a215e9-0e65-4b27-a73e-9ea954cdfff8", "allotted_teacher": "66d52581-9c82-4382-9134-9d86ce730268", "classroom_assignment": "11dddf23-cf39-48bb-9c3e-35f15d0fd4f5", "timeslot": "1ac65f02-23dd-43b6-9b1f-c19b3112ea5e", "is_elective": false, "elective_subject_name": "Science", "elective_group_id": null}}, {"model": "base.lesson", "pk": "bd213501-b9bc-4121-8b92-bbea60b8685c", "fields": {"timetable": "d64a5f5f-563a-4330-b058-562085b2e663", "school": "bcacb03c-3116-4219-bccb-416d1d71aec0", "course": "d04761db-cfa5-4b98-b4d2-2c6162d9ce61", "allotted_teacher": "1aba6308-8532-4d89-9db7-d20b73d24a18", "classroom_assignment": "bb939fab-7888-4259-81e2-32d31741842c", "timeslot": "c226a09f-fe96-4bfe-947e-ae7727c5d4af", "is_elective": false, "elective_subject_name": "Social Studies", "elective_group_id": null}}, {"model": "base.lesson", "pk": "bdd55bb4-da44-4584-b6dc-a356a63149ca", "fields": {"timetable": "94e62c4d-04b1-4191-8526-a21c30a8bc74", "school": "bcacb03c-3116-4219-bccb-416d1d71aec0", "course": "48875e8f-5e6e-4456-b094-274236e0d8dc", "allotted_teacher": "a21bc5ff-dc08-4884-b9d9-b8d3d21e4b0f", "classroom_assignment": "e15c655a-86d6-4e6b-81cb-3a1c33fcc535", "timeslot": "f1143f76-6681-4ffc-9e9f-cf8066978dd4", "is_elective": true, "elective_subject_name": "Foreign Languages", "elective_group_id": null}}, {"model": "base.lesson", "pk": "be09f6b6-75b6-4a72-a07e-a3ed43483346", "fields": {"timetable": "ffa6ddca-8a45-4ff7-96c0-f1524a3d8634", "school": "bcacb03c-3116-4219-bccb-416d1d71aec0", "course": "2e282bda-e91b-403c-9a21-a5e41301881d", "allotted_teacher": "5562caa2-4487-4db7-b71a-6bb8c5a9d790", "classroom_assignment": "0971f63b-9b9d-49a4-a4b2-36e408b4f2c4", "timeslot": "d482160a-b77e-45a0-8491-ed3da55e7b3c", "is_elective": true, "elective_subject_name": "Foreign Languages", "elective_group_id": null}}, {"model": "base.lesson", "pk": "be487690-f0ad-4ab3-83d3-cea1470d4593", "fields": {"timetable": "ffa6ddca-8a45-4ff7-96c0-f1524a3d8634", "school": "bcacb03c-3116-4219-bccb-416d1d71aec0", "course": "7f742d5a-8d17-4081-85ea-bf067110b01e", "allotted_teacher": "e6f6f872-5b58-4507-99a4-4857c51b51d2", "classroom_assignment": "598063a2-2c28-476c-993d-fe08c92c4815", "timeslot": "8e392098-0f7c-44f4-bc3f-31b2dd118b32", "is_elective": false, "elective_subject_name": "Arabic", "elective_group_id": null}}, {"model": "base.lesson", "pk": "bed7b176-c4fd-4ae6-842e-6d452d57f664", "fields": {"timetable": "ffa6ddca-8a45-4ff7-96c0-f1524a3d8634", "school": "bcacb03c-3116-4219-bccb-416d1d71aec0", "course": "12ab32e3-5f87-45c2-8643-f4bc8d673304", "allotted_teacher": "6604a9fd-36fa-466e-b2da-24faa4737c39", "classroom_assignment": "11dddf23-cf39-48bb-9c3e-35f15d0fd4f5", "timeslot": "40ce9860-0008-4262-8dd6-718a2bd7a29f", "is_elective": true, "elective_subject_name": "Foreign Languages", "elective_group_id": null}}, {"model": "base.lesson", "pk": "bf7a20c7-9dd4-4097-b606-b433ceb44fd8", "fields": {"timetable": "94e62c4d-04b1-4191-8526-a21c30a8bc74", "school": "bcacb03c-3116-4219-bccb-416d1d71aec0", "course": "8f1bcd43-45a4-4ccb-bfa9-31e9bb15fb90", "allotted_teacher": "033afd22-8117-4096-871e-945d12ca6d97", "classroom_assignment": "0dff30a8-00e6-45bd-bf0a-e4a83602c6fb", "timeslot": "d635f746-ceb5-4487-b7fd-4420023fd67b", "is_elective": false, "elective_subject_name": "Social Studies", "elective_group_id": null}}, {"model": "base.lesson", "pk": "c044cc43-3205-49ec-9422-1ba7b7fc0309", "fields": {"timetable": "94e62c4d-04b1-4191-8526-a21c30a8bc74", "school": "bcacb03c-3116-4219-bccb-416d1d71aec0", "course": "2b73e002-b905-4ec8-9e08-28316e1c99e7", "allotted_teacher": "54fdfbd0-3f32-48b1-a9c5-abb74a8af799", "classroom_assignment": "5701c8bf-c7c0-4445-8bc8-a8da53746976", "timeslot": "4b5d74ec-51e9-4049-8523-9546559f0350", "is_elective": false, "elective_subject_name": "Science", "elective_group_id": null}}, {"model": "base.lesson", "pk": "c07da268-15d2-47d7-b697-d61bc985dd44", "fields": {"timetable": "d64a5f5f-563a-4330-b058-562085b2e663", "school": "bcacb03c-3116-4219-bccb-416d1d71aec0", "course": "8ef24942-a465-4dac-8281-c240c2746277", "allotted_teacher": "ece08802-9856-450a-b205-179536e215c8", "classroom_assignment": "223a7b46-7c46-4566-8a47-3cf43bc24f54", "timeslot": "84353eea-e6d6-4c92-ba02-ae645cd5bec3", "is_elective": false, "elective_subject_name": "Physical Education", "elective_group_id": null}}, {"model": "base.lesson", "pk": "c1520451-1287-46ed-a65f-1d9f0182f4e6", "fields": {"timetable": "94e62c4d-04b1-4191-8526-a21c30a8bc74", "school": "bcacb03c-3116-4219-bccb-416d1d71aec0", "course": "2b73e002-b905-4ec8-9e08-28316e1c99e7", "allotted_teacher": "54fdfbd0-3f32-48b1-a9c5-abb74a8af799", "classroom_assignment": "bf064af5-0932-414c-bd91-cec2099c1e65", "timeslot": "79bdad31-7303-4409-b164-4a84a3261dc9", "is_elective": false, "elective_subject_name": "Science", "elective_group_id": null}}, {"model": "base.lesson", "pk": "c2c4c770-af2b-46b0-8be9-12cda460a677", "fields": {"timetable": "d64a5f5f-563a-4330-b058-562085b2e663", "school": "bcacb03c-3116-4219-bccb-416d1d71aec0", "course": "141404f1-3459-4c61-a55c-596f9fe7419d", "allotted_teacher": "c2707629-30d4-458c-a400-c8dd21658092", "classroom_assignment": "f638d387-3f39-4b7a-acdf-519f60349e60", "timeslot": "75a56361-bade-42ab-91e2-c7d575e52bf8", "is_elective": false, "elective_subject_name": "Information Technology", "elective_group_id": null}}, {"model": "base.lesson", "pk": "c3811313-eeaf-4956-bd66-144bd18e1c80", "fields": {"timetable": "94e62c4d-04b1-4191-8526-a21c30a8bc74", "school": "bcacb03c-3116-4219-bccb-416d1d71aec0", "course": "8f6547a3-437a-4a3b-ace9-0eb0061decd3", "allotted_teacher": "bbed5eb4-2735-442c-92df-58bc6e4b36b5", "classroom_assignment": "8372d896-2ac1-4e40-a939-b30acebdce7e", "timeslot": "d635f746-ceb5-4487-b7fd-4420023fd67b", "is_elective": true, "elective_subject_name": "Foreign Languages", "elective_group_id": null}}, {"model": "base.lesson", "pk": "c3b02603-7166-470e-8165-6e9b9c90d7e8", "fields": {"timetable": "ffa6ddca-8a45-4ff7-96c0-f1524a3d8634", "school": "bcacb03c-3116-4219-bccb-416d1d71aec0", "course": "38e594ab-a4c5-4bcd-a224-c58c9f7c7339", "allotted_teacher": "77c2f149-74d1-4ec4-ae5f-847d6f4b9313", "classroom_assignment": "0161318e-203d-476a-9cf2-d64aba621f25", "timeslot": "c445e21d-ebd9-45c7-8fb4-a9630c789437", "is_elective": false, "elective_subject_name": "Social Studies", "elective_group_id": null}}, {"model": "base.lesson", "pk": "c41e7ea1-49d2-42f3-8348-c316c04ad280", "fields": {"timetable": "d64a5f5f-563a-4330-b058-562085b2e663", "school": "bcacb03c-3116-4219-bccb-416d1d71aec0", "course": "cb90a8b6-d6e5-4d2c-a927-92b9673bf39f", "allotted_teacher": "db8e3fbb-eab8-4a11-91ae-72d4f74eac0c", "classroom_assignment": "b312bbfd-e660-4f48-afee-8d2b0f592542", "timeslot": "8369bda4-a776-4b13-8676-94f197537b68", "is_elective": false, "elective_subject_name": "Arabic", "elective_group_id": null}}, {"model": "base.lesson", "pk": "c46dafc9-2512-4b98-9044-1fc9ff64487c", "fields": {"timetable": "d64a5f5f-563a-4330-b058-562085b2e663", "school": "bcacb03c-3116-4219-bccb-416d1d71aec0", "course": "1b20e651-7c56-4cb9-ad87-c752e8807b55", "allotted_teacher": "3aac35a8-990c-46c8-b258-ca4b8cdec613", "classroom_assignment": "aec00669-1a5d-4df8-a3c2-1f6dad8f5eef", "timeslot": "14cb7299-0f2b-49d2-85aa-4ffb373789c0", "is_elective": true, "elective_subject_name": "Foreign Languages", "elective_group_id": null}}, {"model": "base.lesson", "pk": "c5fc3a43-a58c-4229-b551-5cf10a6a839b", "fields": {"timetable": "94e62c4d-04b1-4191-8526-a21c30a8bc74", "school": "bcacb03c-3116-4219-bccb-416d1d71aec0", "course": "d8864c8d-016e-4671-ab65-56cffd11bf71", "allotted_teacher": "ab23df76-40cc-4a34-89e1-809d37bf4821", "classroom_assignment": "fbd6b9d9-b4b9-4a29-9485-c8299ae30d90", "timeslot": "c9ffa89b-e06d-4f35-a88c-7beb8188204c", "is_elective": false, "elective_subject_name": "Mathamatics", "elective_group_id": null}}, {"model": "base.lesson", "pk": "c69aace1-6818-4b55-96d5-47c2ecc6c5c8", "fields": {"timetable": "94e62c4d-04b1-4191-8526-a21c30a8bc74", "school": "bcacb03c-3116-4219-bccb-416d1d71aec0", "course": "7ccafef2-904c-4e6e-8c49-503cc011a9ed", "allotted_teacher": "cb0b6967-1dbf-4c87-ac64-a1555d537461", "classroom_assignment": "bf064af5-0932-414c-bd91-cec2099c1e65", "timeslot": "1a39d9c6-aef6-47fd-b602-0890bb565c6f", "is_elective": false, "elective_subject_name": "Physical Education", "elective_group_id": null}}, {"model": "base.lesson", "pk": "c6bc363f-c897-468c-a16e-0fe595fc8b9d", "fields": {"timetable": "94e62c4d-04b1-4191-8526-a21c30a8bc74", "school": "bcacb03c-3116-4219-bccb-416d1d71aec0", "course": "8f6547a3-437a-4a3b-ace9-0eb0061decd3", "allotted_teacher": "bbed5eb4-2735-442c-92df-58bc6e4b36b5", "classroom_assignment": "1103843c-ed1e-45ec-94ab-3dfe5796cf75", "timeslot": "733f2ba1-d2db-4da6-9dd0-704137cc2dfe", "is_elective": true, "elective_subject_name": "Foreign Languages", "elective_group_id": null}}, {"model": "base.lesson", "pk": "c813174d-b539-40ba-bcd4-3626e14fc5df", "fields": {"timetable": "d64a5f5f-563a-4330-b058-562085b2e663", "school": "bcacb03c-3116-4219-bccb-416d1d71aec0", "course": "10367142-00b5-4df3-8a90-b1affaa30395", "allotted_teacher": "fb8b76cf-ec99-4bfd-a2cf-fe385518dc16", "classroom_assignment": "39d8ee26-2e4d-4352-b11c-9aac2e0af60b", "timeslot": "75a56361-bade-42ab-91e2-c7d575e52bf8", "is_elective": false, "elective_subject_name": "Science", "elective_group_id": null}}, {"model": "base.lesson", "pk": "c8782218-734d-4cea-8b1b-2dc8a0302ebf", "fields": {"timetable": "ffa6ddca-8a45-4ff7-96c0-f1524a3d8634", "school": "bcacb03c-3116-4219-bccb-416d1d71aec0", "course": "c2a215e9-0e65-4b27-a73e-9ea954cdfff8", "allotted_teacher": "fc362b2f-d6c9-44f4-b8af-2813b2b4da5a", "classroom_assignment": "0161318e-203d-476a-9cf2-d64aba621f25", "timeslot": "483a9c96-5df4-4654-8eac-77b3883ca797", "is_elective": false, "elective_subject_name": "Science", "elective_group_id": null}}, {"model": "base.lesson", "pk": "c89ed257-7695-4573-9eec-ba3c6a27e313", "fields": {"timetable": "d64a5f5f-563a-4330-b058-562085b2e663", "school": "bcacb03c-3116-4219-bccb-416d1d71aec0", "course": "d04761db-cfa5-4b98-b4d2-2c6162d9ce61", "allotted_teacher": "1dfe660e-822d-4429-9e72-b6867ce5caa4", "classroom_assignment": "223a7b46-7c46-4566-8a47-3cf43bc24f54", "timeslot": "a46714aa-9dcf-4b0b-bb70-38f5e3d734cb", "is_elective": false, "elective_subject_name": "Social Studies", "elective_group_id": null}}, {"model": "base.lesson", "pk": "c8ab74a1-98b7-4153-a8f5-de9bba2201ad", "fields": {"timetable": "ffa6ddca-8a45-4ff7-96c0-f1524a3d8634", "school": "bcacb03c-3116-4219-bccb-416d1d71aec0", "course": "7f742d5a-8d17-4081-85ea-bf067110b01e", "allotted_teacher": "e6f6f872-5b58-4507-99a4-4857c51b51d2", "classroom_assignment": "598063a2-2c28-476c-993d-fe08c92c4815", "timeslot": "483a9c96-5df4-4654-8eac-77b3883ca797", "is_elective": false, "elective_subject_name": "Arabic", "elective_group_id": null}}, {"model": "base.lesson", "pk": "cac8a52c-b4f6-4aa6-8a49-4f9190d8956e", "fields": {"timetable": "d64a5f5f-563a-4330-b058-562085b2e663", "school": "bcacb03c-3116-4219-bccb-416d1d71aec0", "course": "cb90a8b6-d6e5-4d2c-a927-92b9673bf39f", "allotted_teacher": "db8e3fbb-eab8-4a11-91ae-72d4f74eac0c", "classroom_assignment": "9b7bbbef-9518-4605-b335-c869ca80d28e", "timeslot": "a46714aa-9dcf-4b0b-bb70-38f5e3d734cb", "is_elective": false, "elective_subject_name": "Arabic", "elective_group_id": null}}, {"model": "base.lesson", "pk": "caec70fc-b1b0-4223-8c6f-50e76ee05501", "fields": {"timetable": "94e62c4d-04b1-4191-8526-a21c30a8bc74", "school": "bcacb03c-3116-4219-bccb-416d1d71aec0", "course": "2b73e002-b905-4ec8-9e08-28316e1c99e7", "allotted_teacher": "b502783c-d02f-4bfb-b837-5f326cbaa0fb", "classroom_assignment": "1103843c-ed1e-45ec-94ab-3dfe5796cf75", "timeslot": "f1143f76-6681-4ffc-9e9f-cf8066978dd4", "is_elective": false, "elective_subject_name": "Science", "elective_group_id": null}}, {"model": "base.lesson", "pk": "cb6301fe-919c-41e5-98c0-8bf4f595b3f7", "fields": {"timetable": "94e62c4d-04b1-4191-8526-a21c30a8bc74", "school": "bcacb03c-3116-4219-bccb-416d1d71aec0", "course": "8f6547a3-437a-4a3b-ace9-0eb0061decd3", "allotted_teacher": "bbed5eb4-2735-442c-92df-58bc6e4b36b5", "classroom_assignment": "fbd6b9d9-b4b9-4a29-9485-c8299ae30d90", "timeslot": "79bdad31-7303-4409-b164-4a84a3261dc9", "is_elective": true, "elective_subject_name": "Foreign Languages", "elective_group_id": null}}, {"model": "base.lesson", "pk": "cbd9f68d-5b29-4731-9c40-ea5bdec970dd", "fields": {"timetable": "ffa6ddca-8a45-4ff7-96c0-f1524a3d8634", "school": "bcacb03c-3116-4219-bccb-416d1d71aec0", "course": "7f742d5a-8d17-4081-85ea-bf067110b01e", "allotted_teacher": "e6f6f872-5b58-4507-99a4-4857c51b51d2", "classroom_assignment": "0161318e-203d-476a-9cf2-d64aba621f25", "timeslot": "40ce9860-0008-4262-8dd6-718a2bd7a29f", "is_elective": false, "elective_subject_name": "Arabic", "elective_group_id": null}}, {"model": "base.lesson", "pk": "cc9d90e9-f2a5-4294-89c7-6d68b27c7d0f", "fields": {"timetable": "ffa6ddca-8a45-4ff7-96c0-f1524a3d8634", "school": "bcacb03c-3116-4219-bccb-416d1d71aec0", "course": "c2a215e9-0e65-4b27-a73e-9ea954cdfff8", "allotted_teacher": "66d52581-9c82-4382-9134-9d86ce730268", "classroom_assignment": "0971f63b-9b9d-49a4-a4b2-36e408b4f2c4", "timeslot": "8e392098-0f7c-44f4-bc3f-31b2dd118b32", "is_elective": false, "elective_subject_name": "Science", "elective_group_id": null}}, {"model": "base.lesson", "pk": "cce69b3b-f8e3-4e35-94e3-1fd9961610a7", "fields": {"timetable": "94e62c4d-04b1-4191-8526-a21c30a8bc74", "school": "bcacb03c-3116-4219-bccb-416d1d71aec0", "course": "2b73e002-b905-4ec8-9e08-28316e1c99e7", "allotted_teacher": "b502783c-d02f-4bfb-b837-5f326cbaa0fb", "classroom_assignment": "0dff30a8-00e6-45bd-bf0a-e4a83602c6fb", "timeslot": "c0e9b5e6-b86a-4141-bc40-b4af540de655", "is_elective": false, "elective_subject_name": "Science", "elective_group_id": null}}, {"model": "base.lesson", "pk": "cd7e2518-53e2-4763-a770-f7aafce328f7", "fields": {"timetable": "ffa6ddca-8a45-4ff7-96c0-f1524a3d8634", "school": "bcacb03c-3116-4219-bccb-416d1d71aec0", "course": "7f742d5a-8d17-4081-85ea-bf067110b01e", "allotted_teacher": "e6f6f872-5b58-4507-99a4-4857c51b51d2", "classroom_assignment": "0971f63b-9b9d-49a4-a4b2-36e408b4f2c4", "timeslot": "d01c8282-6d78-46a0-8bce-62e61e19753a", "is_elective": false, "elective_subject_name": "Arabic", "elective_group_id": null}}, {"model": "base.lesson", "pk": "cdead7b0-8c9d-4518-8784-f96fb34c9db0", "fields": {"timetable": "d64a5f5f-563a-4330-b058-562085b2e663", "school": "bcacb03c-3116-4219-bccb-416d1d71aec0", "course": "5b80d858-3f33-4057-bde6-ada4f8d90974", "allotted_teacher": "e5f56c21-bbb3-41c8-87fe-ce202585d6cd", "classroom_assignment": "223a7b46-7c46-4566-8a47-3cf43bc24f54", "timeslot": "ddcf369f-2451-4900-87b3-eed7434c16bf", "is_elective": false, "elective_subject_name": "Mathamatics", "elective_group_id": null}}, {"model": "base.lesson", "pk": "cdfdd15f-46db-406f-a976-b92f6a18af63", "fields": {"timetable": "d64a5f5f-563a-4330-b058-562085b2e663", "school": "bcacb03c-3116-4219-bccb-416d1d71aec0", "course": "8ef24942-a465-4dac-8281-c240c2746277", "allotted_teacher": "ece08802-9856-450a-b205-179536e215c8", "classroom_assignment": "877aa577-ad23-4560-83d2-587658e6ea81", "timeslot": "87b698e2-3dc2-443b-9330-727a1a919f40", "is_elective": false, "elective_subject_name": "Physical Education", "elective_group_id": null}}, {"model": "base.lesson", "pk": "cef3a928-33f8-427c-8beb-0f838edde7e0", "fields": {"timetable": "94e62c4d-04b1-4191-8526-a21c30a8bc74", "school": "bcacb03c-3116-4219-bccb-416d1d71aec0", "course": "48875e8f-5e6e-4456-b094-274236e0d8dc", "allotted_teacher": "a21bc5ff-dc08-4884-b9d9-b8d3d21e4b0f", "classroom_assignment": "0dff30a8-00e6-45bd-bf0a-e4a83602c6fb", "timeslot": "733f2ba1-d2db-4da6-9dd0-704137cc2dfe", "is_elective": true, "elective_subject_name": "Foreign Languages", "elective_group_id": null}}, {"model": "base.lesson", "pk": "cf4a4292-9e72-4f01-8e09-543d73903b11", "fields": {"timetable": "d64a5f5f-563a-4330-b058-562085b2e663", "school": "bcacb03c-3116-4219-bccb-416d1d71aec0", "course": "1b20e651-7c56-4cb9-ad87-c752e8807b55", "allotted_teacher": "3aac35a8-990c-46c8-b258-ca4b8cdec613", "classroom_assignment": "aec00669-1a5d-4df8-a3c2-1f6dad8f5eef", "timeslot": "696c3c22-3c7e-4771-85da-205843d3b59c", "is_elective": true, "elective_subject_name": "Foreign Languages", "elective_group_id": null}}, {"model": "base.lesson", "pk": "cf4e3a89-69b6-4072-98b5-0e2588353b4a", "fields": {"timetable": "d64a5f5f-563a-4330-b058-562085b2e663", "school": "bcacb03c-3116-4219-bccb-416d1d71aec0", "course": "cb90a8b6-d6e5-4d2c-a927-92b9673bf39f", "allotted_teacher": "db8e3fbb-eab8-4a11-91ae-72d4f74eac0c", "classroom_assignment": "b312bbfd-e660-4f48-afee-8d2b0f592542", "timeslot": "88730896-eaf9-4da2-9700-bc06837a33fe", "is_elective": false, "elective_subject_name": "Arabic", "elective_group_id": null}}, {"model": "base.lesson", "pk": "cfe0cfe0-f635-439b-af7e-827b5a20065b", "fields": {"timetable": "d64a5f5f-563a-4330-b058-562085b2e663", "school": "bcacb03c-3116-4219-bccb-416d1d71aec0", "course": "10367142-00b5-4df3-8a90-b1affaa30395", "allotted_teacher": "fb8b76cf-ec99-4bfd-a2cf-fe385518dc16", "classroom_assignment": "39d8ee26-2e4d-4352-b11c-9aac2e0af60b", "timeslot": "ddcf369f-2451-4900-87b3-eed7434c16bf", "is_elective": false, "elective_subject_name": "Science", "elective_group_id": null}}, {"model": "base.lesson", "pk": "d05c7929-dea0-403e-b3d1-20d4b199fe8d", "fields": {"timetable": "d64a5f5f-563a-4330-b058-562085b2e663", "school": "bcacb03c-3116-4219-bccb-416d1d71aec0", "course": "141404f1-3459-4c61-a55c-596f9fe7419d", "allotted_teacher": "c2707629-30d4-458c-a400-c8dd21658092", "classroom_assignment": "f638d387-3f39-4b7a-acdf-519f60349e60", "timeslot": "9315e134-e4a7-4028-b51b-876427af1da5", "is_elective": false, "elective_subject_name": "Information Technology", "elective_group_id": null}}, {"model": "base.lesson", "pk": "d1e96761-52d8-42f0-bc33-8ae03acbb2b5", "fields": {"timetable": "ffa6ddca-8a45-4ff7-96c0-f1524a3d8634", "school": "bcacb03c-3116-4219-bccb-416d1d71aec0", "course": "38e594ab-a4c5-4bcd-a224-c58c9f7c7339", "allotted_teacher": "66ea6a63-aaf1-489d-8dd8-484cfc4a6b66", "classroom_assignment": "0971f63b-9b9d-49a4-a4b2-36e408b4f2c4", "timeslot": "c445e21d-ebd9-45c7-8fb4-a9630c789437", "is_elective": false, "elective_subject_name": "Social Studies", "elective_group_id": null}}, {"model": "base.lesson", "pk": "d249bad6-73e7-41b1-bed0-7c8f1ffddcf8", "fields": {"timetable": "d64a5f5f-563a-4330-b058-562085b2e663", "school": "bcacb03c-3116-4219-bccb-416d1d71aec0", "course": "10367142-00b5-4df3-8a90-b1affaa30395", "allotted_teacher": "fb8b76cf-ec99-4bfd-a2cf-fe385518dc16", "classroom_assignment": "b312bbfd-e660-4f48-afee-8d2b0f592542", "timeslot": "d3dc5016-8f0b-499b-be10-d3249e03f174", "is_elective": false, "elective_subject_name": "Science", "elective_group_id": null}}, {"model": "base.lesson", "pk": "d31a5585-7089-4363-ac54-ca6264884f42", "fields": {"timetable": "d64a5f5f-563a-4330-b058-562085b2e663", "school": "bcacb03c-3116-4219-bccb-416d1d71aec0", "course": "8ef24942-a465-4dac-8281-c240c2746277", "allotted_teacher": "ece08802-9856-450a-b205-179536e215c8", "classroom_assignment": "9b7bbbef-9518-4605-b335-c869ca80d28e", "timeslot": "75a56361-bade-42ab-91e2-c7d575e52bf8", "is_elective": false, "elective_subject_name": "Physical Education", "elective_group_id": null}}, {"model": "base.lesson", "pk": "d32453c4-c1ae-419c-9f71-9bcb79c5030f", "fields": {"timetable": "d64a5f5f-563a-4330-b058-562085b2e663", "school": "bcacb03c-3116-4219-bccb-416d1d71aec0", "course": "d04761db-cfa5-4b98-b4d2-2c6162d9ce61", "allotted_teacher": "1aba6308-8532-4d89-9db7-d20b73d24a18", "classroom_assignment": "b312bbfd-e660-4f48-afee-8d2b0f592542", "timeslot": "302bb2bc-b451-40b7-90e8-f511d7a33370", "is_elective": false, "elective_subject_name": "Social Studies", "elective_group_id": null}}, {"model": "base.lesson", "pk": "d3401673-16f2-4708-8dd2-5f7152a2f96c", "fields": {"timetable": "d64a5f5f-563a-4330-b058-562085b2e663", "school": "bcacb03c-3116-4219-bccb-416d1d71aec0", "course": "10367142-00b5-4df3-8a90-b1affaa30395", "allotted_teacher": "fb8b76cf-ec99-4bfd-a2cf-fe385518dc16", "classroom_assignment": "39d8ee26-2e4d-4352-b11c-9aac2e0af60b", "timeslot": "6ce618a8-6596-49af-91a9-fa60606a8ae0", "is_elective": false, "elective_subject_name": "Science", "elective_group_id": null}}, {"model": "base.lesson", "pk": "d3b87ca3-8761-4a20-87df-36e1f408cd9c", "fields": {"timetable": "d64a5f5f-563a-4330-b058-562085b2e663", "school": "bcacb03c-3116-4219-bccb-416d1d71aec0", "course": "8ef24942-a465-4dac-8281-c240c2746277", "allotted_teacher": "ece08802-9856-450a-b205-179536e215c8", "classroom_assignment": "bb939fab-7888-4259-81e2-32d31741842c", "timeslot": "88730896-eaf9-4da2-9700-bc06837a33fe", "is_elective": false, "elective_subject_name": "Physical Education", "elective_group_id": null}}, {"model": "base.lesson", "pk": "d3c0ba2f-1e87-4d9d-8cc2-13458af06145", "fields": {"timetable": "ffa6ddca-8a45-4ff7-96c0-f1524a3d8634", "school": "bcacb03c-3116-4219-bccb-416d1d71aec0", "course": "7f742d5a-8d17-4081-85ea-bf067110b01e", "allotted_teacher": "e6f6f872-5b58-4507-99a4-4857c51b51d2", "classroom_assignment": "e6ca3cb8-24b4-4b09-944d-f5819405f7d1", "timeslot": "c445e21d-ebd9-45c7-8fb4-a9630c789437", "is_elective": false, "elective_subject_name": "Arabic", "elective_group_id": null}}, {"model": "base.lesson", "pk": "d4e3a6cf-2510-42d0-82b5-a4c8f9fa9236", "fields": {"timetable": "d64a5f5f-563a-4330-b058-562085b2e663", "school": "bcacb03c-3116-4219-bccb-416d1d71aec0", "course": "1b20e651-7c56-4cb9-ad87-c752e8807b55", "allotted_teacher": "3aac35a8-990c-46c8-b258-ca4b8cdec613", "classroom_assignment": "877aa577-ad23-4560-83d2-587658e6ea81", "timeslot": "d3dc5016-8f0b-499b-be10-d3249e03f174", "is_elective": true, "elective_subject_name": "Foreign Languages", "elective_group_id": null}}, {"model": "base.lesson", "pk": "d53ec1e2-9bc9-4ce8-b26e-40976b7580ed", "fields": {"timetable": "ffa6ddca-8a45-4ff7-96c0-f1524a3d8634", "school": "bcacb03c-3116-4219-bccb-416d1d71aec0", "course": "38e594ab-a4c5-4bcd-a224-c58c9f7c7339", "allotted_teacher": "77c2f149-74d1-4ec4-ae5f-847d6f4b9313", "classroom_assignment": "2291600d-d0b1-49a0-ab0a-e8460b9df9bb", "timeslot": "d482160a-b77e-45a0-8491-ed3da55e7b3c", "is_elective": false, "elective_subject_name": "Social Studies", "elective_group_id": null}}, {"model": "base.lesson", "pk": "d625e52d-e617-4031-a5ae-e7c77b4afbdd", "fields": {"timetable": "d64a5f5f-563a-4330-b058-562085b2e663", "school": "bcacb03c-3116-4219-bccb-416d1d71aec0", "course": "5b80d858-3f33-4057-bde6-ada4f8d90974", "allotted_teacher": "e5f56c21-bbb3-41c8-87fe-ce202585d6cd", "classroom_assignment": "9b7bbbef-9518-4605-b335-c869ca80d28e", "timeslot": "d9fb8e53-ed3a-4053-bc6e-32dcf223b202", "is_elective": false, "elective_subject_name": "Mathamatics", "elective_group_id": null}}, {"model": "base.lesson", "pk": "d633cff0-e1a8-466d-9d23-c9d70ce8ed6a", "fields": {"timetable": "d64a5f5f-563a-4330-b058-562085b2e663", "school": "bcacb03c-3116-4219-bccb-416d1d71aec0", "course": "10367142-00b5-4df3-8a90-b1affaa30395", "allotted_teacher": "fb8b76cf-ec99-4bfd-a2cf-fe385518dc16", "classroom_assignment": "bb939fab-7888-4259-81e2-32d31741842c", "timeslot": "8369bda4-a776-4b13-8676-94f197537b68", "is_elective": false, "elective_subject_name": "Science", "elective_group_id": null}}, {"model": "base.lesson", "pk": "d673ada1-52bb-4414-be77-0f80199073f7", "fields": {"timetable": "94e62c4d-04b1-4191-8526-a21c30a8bc74", "school": "bcacb03c-3116-4219-bccb-416d1d71aec0", "course": "7ccafef2-904c-4e6e-8c49-503cc011a9ed", "allotted_teacher": "cb0b6967-1dbf-4c87-ac64-a1555d537461", "classroom_assignment": "fbd6b9d9-b4b9-4a29-9485-c8299ae30d90", "timeslot": "c0e9b5e6-b86a-4141-bc40-b4af540de655", "is_elective": false, "elective_subject_name": "Physical Education", "elective_group_id": null}}, {"model": "base.lesson", "pk": "d6af6a35-f9bb-452b-8890-286d757644b5", "fields": {"timetable": "ffa6ddca-8a45-4ff7-96c0-f1524a3d8634", "school": "bcacb03c-3116-4219-bccb-416d1d71aec0", "course": "79989055-058d-4d23-a1ca-7c4a1263b934", "allotted_teacher": "f316a99a-bef3-4c6b-b86d-63c2960a8d95", "classroom_assignment": "0971f63b-9b9d-49a4-a4b2-36e408b4f2c4", "timeslot": "98566f66-09e4-486f-bacd-f808d036b787", "is_elective": false, "elective_subject_name": "Mathamatics", "elective_group_id": null}}, {"model": "base.lesson", "pk": "d7a1e279-2c2b-4b89-b383-b91637d2eb1a", "fields": {"timetable": "ffa6ddca-8a45-4ff7-96c0-f1524a3d8634", "school": "bcacb03c-3116-4219-bccb-416d1d71aec0", "course": "38e594ab-a4c5-4bcd-a224-c58c9f7c7339", "allotted_teacher": "66ea6a63-aaf1-489d-8dd8-484cfc4a6b66", "classroom_assignment": "e6ca3cb8-24b4-4b09-944d-f5819405f7d1", "timeslot": "5b4446e7-bbb9-4aec-aafe-ead2eed73647", "is_elective": false, "elective_subject_name": "Social Studies", "elective_group_id": null}}, {"model": "base.lesson", "pk": "d8104282-f3b2-46fa-ae07-e3333c2a961b", "fields": {"timetable": "94e62c4d-04b1-4191-8526-a21c30a8bc74", "school": "bcacb03c-3116-4219-bccb-416d1d71aec0", "course": "d8864c8d-016e-4671-ab65-56cffd11bf71", "allotted_teacher": "ba3fbfce-f65d-46bb-aa42-9143c3efab0a", "classroom_assignment": "1103843c-ed1e-45ec-94ab-3dfe5796cf75", "timeslot": "295bd810-e87d-4aa8-8e1c-7c590bb9df5a", "is_elective": false, "elective_subject_name": "Mathamatics", "elective_group_id": null}}, {"model": "base.lesson", "pk": "d87fe750-2100-4b82-b179-fa77532917d6", "fields": {"timetable": "94e62c4d-04b1-4191-8526-a21c30a8bc74", "school": "bcacb03c-3116-4219-bccb-416d1d71aec0", "course": "d8864c8d-016e-4671-ab65-56cffd11bf71", "allotted_teacher": "ba3fbfce-f65d-46bb-aa42-9143c3efab0a", "classroom_assignment": "e15c655a-86d6-4e6b-81cb-3a1c33fcc535", "timeslot": "79bdad31-7303-4409-b164-4a84a3261dc9", "is_elective": false, "elective_subject_name": "Mathamatics", "elective_group_id": null}}, {"model": "base.lesson", "pk": "d9730452-eaab-4187-9551-1c3c7081c3f9", "fields": {"timetable": "d64a5f5f-563a-4330-b058-562085b2e663", "school": "bcacb03c-3116-4219-bccb-416d1d71aec0", "course": "5b80d858-3f33-4057-bde6-ada4f8d90974", "allotted_teacher": "e5f56c21-bbb3-41c8-87fe-ce202585d6cd", "classroom_assignment": "877aa577-ad23-4560-83d2-587658e6ea81", "timeslot": "4f05146a-db5e-493e-a053-e2e76a115cc7", "is_elective": false, "elective_subject_name": "Mathamatics", "elective_group_id": null}}, {"model": "base.lesson", "pk": "d99f9d25-5328-40ca-a477-9ccc7f89d14b", "fields": {"timetable": "94e62c4d-04b1-4191-8526-a21c30a8bc74", "school": "bcacb03c-3116-4219-bccb-416d1d71aec0", "course": "193e485a-b8c1-4058-a53a-2ebf7262c3c0", "allotted_teacher": "4acb0500-df2f-4789-9a5a-48b7e984729d", "classroom_assignment": "bf064af5-0932-414c-bd91-cec2099c1e65", "timeslot": "d635f746-ceb5-4487-b7fd-4420023fd67b", "is_elective": false, "elective_subject_name": "Arabic", "elective_group_id": null}}, {"model": "base.lesson", "pk": "da7025f0-946e-4205-a6a9-90274f4faf18", "fields": {"timetable": "d64a5f5f-563a-4330-b058-562085b2e663", "school": "bcacb03c-3116-4219-bccb-416d1d71aec0", "course": "141404f1-3459-4c61-a55c-596f9fe7419d", "allotted_teacher": "c2707629-30d4-458c-a400-c8dd21658092", "classroom_assignment": "f638d387-3f39-4b7a-acdf-519f60349e60", "timeslot": "a46714aa-9dcf-4b0b-bb70-38f5e3d734cb", "is_elective": false, "elective_subject_name": "Information Technology", "elective_group_id": null}}, {"model": "base.lesson", "pk": "db161540-65f7-4949-8b68-44c482c2df00", "fields": {"timetable": "d64a5f5f-563a-4330-b058-562085b2e663", "school": "bcacb03c-3116-4219-bccb-416d1d71aec0", "course": "cb90a8b6-d6e5-4d2c-a927-92b9673bf39f", "allotted_teacher": "db8e3fbb-eab8-4a11-91ae-72d4f74eac0c", "classroom_assignment": "223a7b46-7c46-4566-8a47-3cf43bc24f54", "timeslot": "87b698e2-3dc2-443b-9330-727a1a919f40", "is_elective": false, "elective_subject_name": "Arabic", "elective_group_id": null}}, {"model": "base.lesson", "pk": "db1ab29a-8f4a-4d6a-87f9-e727b8f0d2f1", "fields": {"timetable": "94e62c4d-04b1-4191-8526-a21c30a8bc74", "school": "bcacb03c-3116-4219-bccb-416d1d71aec0", "course": "e88cd0d4-4da6-48fd-b08f-a9f9b1aa9933", "allotted_teacher": "4b01b001-4dc3-4aa8-bf3a-4e9dc8e1f1e9", "classroom_assignment": "1ad55561-054c-4710-9a97-72b38bb8795d", "timeslot": "edd89010-6476-4884-9d46-a777c6262f75", "is_elective": false, "elective_subject_name": "Information Technology", "elective_group_id": null}}, {"model": "base.lesson", "pk": "dbb00cfe-929a-453a-9aca-61c75c97eefb", "fields": {"timetable": "d64a5f5f-563a-4330-b058-562085b2e663", "school": "bcacb03c-3116-4219-bccb-416d1d71aec0", "course": "d04761db-cfa5-4b98-b4d2-2c6162d9ce61", "allotted_teacher": "1aba6308-8532-4d89-9db7-d20b73d24a18", "classroom_assignment": "39d8ee26-2e4d-4352-b11c-9aac2e0af60b", "timeslot": "d9fb8e53-ed3a-4053-bc6e-32dcf223b202", "is_elective": false, "elective_subject_name": "Social Studies", "elective_group_id": null}}, {"model": "base.lesson", "pk": "dc0849de-da7a-4065-933a-ce98b6fabfb5", "fields": {"timetable": "94e62c4d-04b1-4191-8526-a21c30a8bc74", "school": "bcacb03c-3116-4219-bccb-416d1d71aec0", "course": "d8864c8d-016e-4671-ab65-56cffd11bf71", "allotted_teacher": "ba3fbfce-f65d-46bb-aa42-9143c3efab0a", "classroom_assignment": "e15c655a-86d6-4e6b-81cb-3a1c33fcc535", "timeslot": "c0e9b5e6-b86a-4141-bc40-b4af540de655", "is_elective": false, "elective_subject_name": "Mathamatics", "elective_group_id": null}}, {"model": "base.lesson", "pk": "dc11133b-dc0a-4542-bdf6-598a83f0ea5f", "fields": {"timetable": "ffa6ddca-8a45-4ff7-96c0-f1524a3d8634", "school": "bcacb03c-3116-4219-bccb-416d1d71aec0", "course": "73c678eb-03fc-41d6-bd3b-472b1fc2d1a0", "allotted_teacher": "9453c830-b944-43e5-b641-c197d6f3081d", "classroom_assignment": "f2ba4af1-f215-4816-9144-46d195e32f0d", "timeslot": "f02e2334-8bc0-495b-86cf-bd27989f3fd8", "is_elective": false, "elective_subject_name": "Information Technology", "elective_group_id": null}}, {"model": "base.lesson", "pk": "dc5bb999-67d1-4dcc-b30e-ba505c2bb907", "fields": {"timetable": "94e62c4d-04b1-4191-8526-a21c30a8bc74", "school": "bcacb03c-3116-4219-bccb-416d1d71aec0", "course": "193e485a-b8c1-4058-a53a-2ebf7262c3c0", "allotted_teacher": "4acb0500-df2f-4789-9a5a-48b7e984729d", "classroom_assignment": "0dff30a8-00e6-45bd-bf0a-e4a83602c6fb", "timeslot": "79bdad31-7303-4409-b164-4a84a3261dc9", "is_elective": false, "elective_subject_name": "Arabic", "elective_group_id": null}}, {"model": "base.lesson", "pk": "dd781a9c-2207-42c4-a354-7af5297c1e23", "fields": {"timetable": "d64a5f5f-563a-4330-b058-562085b2e663", "school": "bcacb03c-3116-4219-bccb-416d1d71aec0", "course": "cb90a8b6-d6e5-4d2c-a927-92b9673bf39f", "allotted_teacher": "db8e3fbb-eab8-4a11-91ae-72d4f74eac0c", "classroom_assignment": "877aa577-ad23-4560-83d2-587658e6ea81", "timeslot": "6ce618a8-6596-49af-91a9-fa60606a8ae0", "is_elective": false, "elective_subject_name": "Arabic", "elective_group_id": null}}, {"model": "base.lesson", "pk": "de706a07-1d98-4cc5-af14-48bf6c325428", "fields": {"timetable": "94e62c4d-04b1-4191-8526-a21c30a8bc74", "school": "bcacb03c-3116-4219-bccb-416d1d71aec0", "course": "8f1bcd43-45a4-4ccb-bfa9-31e9bb15fb90", "allotted_teacher": "033afd22-8117-4096-871e-945d12ca6d97", "classroom_assignment": "e15c655a-86d6-4e6b-81cb-3a1c33fcc535", "timeslot": "4f87734b-3279-4ffa-b0f7-09be03e2d5b2", "is_elective": false, "elective_subject_name": "Social Studies", "elective_group_id": null}}, {"model": "base.lesson", "pk": "df3a1c0c-359a-4edd-8d42-0f1397e1cb68", "fields": {"timetable": "94e62c4d-04b1-4191-8526-a21c30a8bc74", "school": "bcacb03c-3116-4219-bccb-416d1d71aec0", "course": "e88cd0d4-4da6-48fd-b08f-a9f9b1aa9933", "allotted_teacher": "4b01b001-4dc3-4aa8-bf3a-4e9dc8e1f1e9", "classroom_assignment": "1ad55561-054c-4710-9a97-72b38bb8795d", "timeslot": "d635f746-ceb5-4487-b7fd-4420023fd67b", "is_elective": false, "elective_subject_name": "Information Technology", "elective_group_id": null}}, {"model": "base.lesson", "pk": "df51dabe-e787-4b1e-b1c8-72834dd433a1", "fields": {"timetable": "d64a5f5f-563a-4330-b058-562085b2e663", "school": "bcacb03c-3116-4219-bccb-416d1d71aec0", "course": "cb90a8b6-d6e5-4d2c-a927-92b9673bf39f", "allotted_teacher": "db8e3fbb-eab8-4a11-91ae-72d4f74eac0c", "classroom_assignment": "9b7bbbef-9518-4605-b335-c869ca80d28e", "timeslot": "ddcf369f-2451-4900-87b3-eed7434c16bf", "is_elective": false, "elective_subject_name": "Arabic", "elective_group_id": null}}, {"model": "base.lesson", "pk": "e03075ae-dc86-4469-93d4-6ddc9c5db68e", "fields": {"timetable": "ffa6ddca-8a45-4ff7-96c0-f1524a3d8634", "school": "bcacb03c-3116-4219-bccb-416d1d71aec0", "course": "2e282bda-e91b-403c-9a21-a5e41301881d", "allotted_teacher": "5562caa2-4487-4db7-b71a-6bb8c5a9d790", "classroom_assignment": "2291600d-d0b1-49a0-ab0a-e8460b9df9bb", "timeslot": "f02e2334-8bc0-495b-86cf-bd27989f3fd8", "is_elective": true, "elective_subject_name": "Foreign Languages", "elective_group_id": null}}, {"model": "base.lesson", "pk": "e06dc0fb-9c74-45b6-9cd8-99d8c0bb8cfa", "fields": {"timetable": "94e62c4d-04b1-4191-8526-a21c30a8bc74", "school": "bcacb03c-3116-4219-bccb-416d1d71aec0", "course": "193e485a-b8c1-4058-a53a-2ebf7262c3c0", "allotted_teacher": "4acb0500-df2f-4789-9a5a-48b7e984729d", "classroom_assignment": "e15c655a-86d6-4e6b-81cb-3a1c33fcc535", "timeslot": "1a39d9c6-aef6-47fd-b602-0890bb565c6f", "is_elective": false, "elective_subject_name": "Arabic", "elective_group_id": null}}, {"model": "base.lesson", "pk": "e08cf1b0-7d9c-40f2-83ad-1ec9d2f256ef", "fields": {"timetable": "ffa6ddca-8a45-4ff7-96c0-f1524a3d8634", "school": "bcacb03c-3116-4219-bccb-416d1d71aec0", "course": "c2a215e9-0e65-4b27-a73e-9ea954cdfff8", "allotted_teacher": "fc362b2f-d6c9-44f4-b8af-2813b2b4da5a", "classroom_assignment": "0161318e-203d-476a-9cf2-d64aba621f25", "timeslot": "de44e0e0-f44b-4fcd-b7f2-ff198f428943", "is_elective": false, "elective_subject_name": "Science", "elective_group_id": null}}, {"model": "base.lesson", "pk": "e0c56b53-c580-4034-b78c-4e07ab516044", "fields": {"timetable": "d64a5f5f-563a-4330-b058-562085b2e663", "school": "bcacb03c-3116-4219-bccb-416d1d71aec0", "course": "d04761db-cfa5-4b98-b4d2-2c6162d9ce61", "allotted_teacher": "1dfe660e-822d-4429-9e72-b6867ce5caa4", "classroom_assignment": "9b7bbbef-9518-4605-b335-c869ca80d28e", "timeslot": "87b698e2-3dc2-443b-9330-727a1a919f40", "is_elective": false, "elective_subject_name": "Social Studies", "elective_group_id": null}}, {"model": "base.lesson", "pk": "e0fffac9-b174-4ca8-ac4b-91b67235707c", "fields": {"timetable": "ffa6ddca-8a45-4ff7-96c0-f1524a3d8634", "school": "bcacb03c-3116-4219-bccb-416d1d71aec0", "course": "38e594ab-a4c5-4bcd-a224-c58c9f7c7339", "allotted_teacher": "77c2f149-74d1-4ec4-ae5f-847d6f4b9313", "classroom_assignment": "2291600d-d0b1-49a0-ab0a-e8460b9df9bb", "timeslot": "5b4446e7-bbb9-4aec-aafe-ead2eed73647", "is_elective": false, "elective_subject_name": "Social Studies", "elective_group_id": null}}, {"model": "base.lesson", "pk": "e130c941-43a8-47bd-a997-3b233a502c68", "fields": {"timetable": "ffa6ddca-8a45-4ff7-96c0-f1524a3d8634", "school": "bcacb03c-3116-4219-bccb-416d1d71aec0", "course": "38e594ab-a4c5-4bcd-a224-c58c9f7c7339", "allotted_teacher": "77c2f149-74d1-4ec4-ae5f-847d6f4b9313", "classroom_assignment": "598063a2-2c28-476c-993d-fe08c92c4815", "timeslot": "d01c8282-6d78-46a0-8bce-62e61e19753a", "is_elective": false, "elective_subject_name": "Social Studies", "elective_group_id": null}}, {"model": "base.lesson", "pk": "e18966c6-93a8-40fc-8938-4753c0620a07", "fields": {"timetable": "94e62c4d-04b1-4191-8526-a21c30a8bc74", "school": "bcacb03c-3116-4219-bccb-416d1d71aec0", "course": "8f1bcd43-45a4-4ccb-bfa9-31e9bb15fb90", "allotted_teacher": "24a5e43a-bba1-48d7-b001-6fff952c45b3", "classroom_assignment": "fbd6b9d9-b4b9-4a29-9485-c8299ae30d90", "timeslot": "4b5d74ec-51e9-4049-8523-9546559f0350", "is_elective": false, "elective_subject_name": "Social Studies", "elective_group_id": null}}, {"model": "base.lesson", "pk": "e1c64e85-33d4-4be0-9a06-1b939d76ed0c", "fields": {"timetable": "94e62c4d-04b1-4191-8526-a21c30a8bc74", "school": "bcacb03c-3116-4219-bccb-416d1d71aec0", "course": "7ccafef2-904c-4e6e-8c49-503cc011a9ed", "allotted_teacher": "cb0b6967-1dbf-4c87-ac64-a1555d537461", "classroom_assignment": "5701c8bf-c7c0-4445-8bc8-a8da53746976", "timeslot": "4f87734b-3279-4ffa-b0f7-09be03e2d5b2", "is_elective": false, "elective_subject_name": "Physical Education", "elective_group_id": null}}, {"model": "base.lesson", "pk": "e2c48bbc-f76e-41ad-88a1-a40bbc463906", "fields": {"timetable": "d64a5f5f-563a-4330-b058-562085b2e663", "school": "bcacb03c-3116-4219-bccb-416d1d71aec0", "course": "10367142-00b5-4df3-8a90-b1affaa30395", "allotted_teacher": "801e04f3-2ed4-4845-b7f8-ad8ab61e5adf", "classroom_assignment": "877aa577-ad23-4560-83d2-587658e6ea81", "timeslot": "14cb7299-0f2b-49d2-85aa-4ffb373789c0", "is_elective": false, "elective_subject_name": "Science", "elective_group_id": null}}, {"model": "base.lesson", "pk": "e3443789-0b17-481e-a5b9-c5db72a30711", "fields": {"timetable": "94e62c4d-04b1-4191-8526-a21c30a8bc74", "school": "bcacb03c-3116-4219-bccb-416d1d71aec0", "course": "8f6547a3-437a-4a3b-ace9-0eb0061decd3", "allotted_teacher": "bbed5eb4-2735-442c-92df-58bc6e4b36b5", "classroom_assignment": "fbd6b9d9-b4b9-4a29-9485-c8299ae30d90", "timeslot": "295bd810-e87d-4aa8-8e1c-7c590bb9df5a", "is_elective": true, "elective_subject_name": "Foreign Languages", "elective_group_id": null}}, {"model": "base.lesson", "pk": "e3835bca-3924-487d-a3ad-591bda9be506", "fields": {"timetable": "ffa6ddca-8a45-4ff7-96c0-f1524a3d8634", "school": "bcacb03c-3116-4219-bccb-416d1d71aec0", "course": "c2a215e9-0e65-4b27-a73e-9ea954cdfff8", "allotted_teacher": "fc362b2f-d6c9-44f4-b8af-2813b2b4da5a", "classroom_assignment": "598063a2-2c28-476c-993d-fe08c92c4815", "timeslot": "fa1ddea9-0fcc-4796-a9ec-5ecdbf8399a8", "is_elective": false, "elective_subject_name": "Science", "elective_group_id": null}}, {"model": "base.lesson", "pk": "e5d4ae38-9a78-41cb-98ec-1e54dff9abee", "fields": {"timetable": "ffa6ddca-8a45-4ff7-96c0-f1524a3d8634", "school": "bcacb03c-3116-4219-bccb-416d1d71aec0", "course": "12ab32e3-5f87-45c2-8643-f4bc8d673304", "allotted_teacher": "6604a9fd-36fa-466e-b2da-24faa4737c39", "classroom_assignment": "0161318e-203d-476a-9cf2-d64aba621f25", "timeslot": "d01c8282-6d78-46a0-8bce-62e61e19753a", "is_elective": true, "elective_subject_name": "Foreign Languages", "elective_group_id": null}}, {"model": "base.lesson", "pk": "e5e88b39-49e5-448d-a14c-4e8fc72eafcd", "fields": {"timetable": "94e62c4d-04b1-4191-8526-a21c30a8bc74", "school": "bcacb03c-3116-4219-bccb-416d1d71aec0", "course": "2b73e002-b905-4ec8-9e08-28316e1c99e7", "allotted_teacher": "b502783c-d02f-4bfb-b837-5f326cbaa0fb", "classroom_assignment": "1103843c-ed1e-45ec-94ab-3dfe5796cf75", "timeslot": "79bdad31-7303-4409-b164-4a84a3261dc9", "is_elective": false, "elective_subject_name": "Science", "elective_group_id": null}}, {"model": "base.lesson", "pk": "e618790b-d803-4a62-8c33-2e217aafebd5", "fields": {"timetable": "94e62c4d-04b1-4191-8526-a21c30a8bc74", "school": "bcacb03c-3116-4219-bccb-416d1d71aec0", "course": "7ccafef2-904c-4e6e-8c49-503cc011a9ed", "allotted_teacher": "cb0b6967-1dbf-4c87-ac64-a1555d537461", "classroom_assignment": "1103843c-ed1e-45ec-94ab-3dfe5796cf75", "timeslot": "56017fed-9b98-4c69-afc4-16200e6bed67", "is_elective": false, "elective_subject_name": "Physical Education", "elective_group_id": null}}, {"model": "base.lesson", "pk": "e715ac23-00c7-4342-8073-d1b423f185bd", "fields": {"timetable": "d64a5f5f-563a-4330-b058-562085b2e663", "school": "bcacb03c-3116-4219-bccb-416d1d71aec0", "course": "d04761db-cfa5-4b98-b4d2-2c6162d9ce61", "allotted_teacher": "1aba6308-8532-4d89-9db7-d20b73d24a18", "classroom_assignment": "bb939fab-7888-4259-81e2-32d31741842c", "timeslot": "6ce618a8-6596-49af-91a9-fa60606a8ae0", "is_elective": false, "elective_subject_name": "Social Studies", "elective_group_id": null}}, {"model": "base.lesson", "pk": "e9eaaafd-9714-4c84-adba-517f0967f8c9", "fields": {"timetable": "d64a5f5f-563a-4330-b058-562085b2e663", "school": "bcacb03c-3116-4219-bccb-416d1d71aec0", "course": "5b80d858-3f33-4057-bde6-ada4f8d90974", "allotted_teacher": "8ff11ca0-b290-4340-8f93-a5fef6774614", "classroom_assignment": "b312bbfd-e660-4f48-afee-8d2b0f592542", "timeslot": "87b698e2-3dc2-443b-9330-727a1a919f40", "is_elective": false, "elective_subject_name": "Mathamatics", "elective_group_id": null}}, {"model": "base.lesson", "pk": "ea664b77-3755-4453-83dc-37dfe3b5529b", "fields": {"timetable": "d64a5f5f-563a-4330-b058-562085b2e663", "school": "bcacb03c-3116-4219-bccb-416d1d71aec0", "course": "141404f1-3459-4c61-a55c-596f9fe7419d", "allotted_teacher": "c2707629-30d4-458c-a400-c8dd21658092", "classroom_assignment": "f638d387-3f39-4b7a-acdf-519f60349e60", "timeslot": "14cb7299-0f2b-49d2-85aa-4ffb373789c0", "is_elective": false, "elective_subject_name": "Information Technology", "elective_group_id": null}}, {"model": "base.lesson", "pk": "ead050e3-e0b8-4653-bb65-5c2621d3f508", "fields": {"timetable": "d64a5f5f-563a-4330-b058-562085b2e663", "school": "bcacb03c-3116-4219-bccb-416d1d71aec0", "course": "5b80d858-3f33-4057-bde6-ada4f8d90974", "allotted_teacher": "8ff11ca0-b290-4340-8f93-a5fef6774614", "classroom_assignment": "b312bbfd-e660-4f48-afee-8d2b0f592542", "timeslot": "84353eea-e6d6-4c92-ba02-ae645cd5bec3", "is_elective": false, "elective_subject_name": "Mathamatics", "elective_group_id": null}}, {"model": "base.lesson", "pk": "ecd0dc2f-18c4-48db-9884-ec61c45381ca", "fields": {"timetable": "ffa6ddca-8a45-4ff7-96c0-f1524a3d8634", "school": "bcacb03c-3116-4219-bccb-416d1d71aec0", "course": "38e594ab-a4c5-4bcd-a224-c58c9f7c7339", "allotted_teacher": "66ea6a63-aaf1-489d-8dd8-484cfc4a6b66", "classroom_assignment": "e6ca3cb8-24b4-4b09-944d-f5819405f7d1", "timeslot": "1f27be30-aafc-4e2d-8f06-79d6ba5cee57", "is_elective": false, "elective_subject_name": "Social Studies", "elective_group_id": null}}, {"model": "base.lesson", "pk": "edd92d58-93ea-4fef-9d25-ddd495ff832c", "fields": {"timetable": "d64a5f5f-563a-4330-b058-562085b2e663", "school": "bcacb03c-3116-4219-bccb-416d1d71aec0", "course": "cb90a8b6-d6e5-4d2c-a927-92b9673bf39f", "allotted_teacher": "db8e3fbb-eab8-4a11-91ae-72d4f74eac0c", "classroom_assignment": "bb939fab-7888-4259-81e2-32d31741842c", "timeslot": "84353eea-e6d6-4c92-ba02-ae645cd5bec3", "is_elective": false, "elective_subject_name": "Arabic", "elective_group_id": null}}, {"model": "base.lesson", "pk": "eea0611e-60f6-40c1-9e49-957f8fd2b857", "fields": {"timetable": "d64a5f5f-563a-4330-b058-562085b2e663", "school": "bcacb03c-3116-4219-bccb-416d1d71aec0", "course": "d04761db-cfa5-4b98-b4d2-2c6162d9ce61", "allotted_teacher": "1dfe660e-822d-4429-9e72-b6867ce5caa4", "classroom_assignment": "877aa577-ad23-4560-83d2-587658e6ea81", "timeslot": "c226a09f-fe96-4bfe-947e-ae7727c5d4af", "is_elective": false, "elective_subject_name": "Social Studies", "elective_group_id": null}}, {"model": "base.lesson", "pk": "eee79b74-55dd-420f-a9aa-3f342e831e23", "fields": {"timetable": "ffa6ddca-8a45-4ff7-96c0-f1524a3d8634", "school": "bcacb03c-3116-4219-bccb-416d1d71aec0", "course": "38e594ab-a4c5-4bcd-a224-c58c9f7c7339", "allotted_teacher": "77c2f149-74d1-4ec4-ae5f-847d6f4b9313", "classroom_assignment": "598063a2-2c28-476c-993d-fe08c92c4815", "timeslot": "40ce9860-0008-4262-8dd6-718a2bd7a29f", "is_elective": false, "elective_subject_name": "Social Studies", "elective_group_id": null}}, {"model": "base.lesson", "pk": "ef20eb15-305d-4eca-a15c-36ebeb95e38c", "fields": {"timetable": "94e62c4d-04b1-4191-8526-a21c30a8bc74", "school": "bcacb03c-3116-4219-bccb-416d1d71aec0", "course": "d8864c8d-016e-4671-ab65-56cffd11bf71", "allotted_teacher": "ba3fbfce-f65d-46bb-aa42-9143c3efab0a", "classroom_assignment": "e15c655a-86d6-4e6b-81cb-3a1c33fcc535", "timeslot": "2d09e7d8-ddfb-44c7-8fa2-7a6408fc5a57", "is_elective": false, "elective_subject_name": "Mathamatics", "elective_group_id": null}}, {"model": "base.lesson", "pk": "efb14d76-5a44-4868-a882-78a98539a82c", "fields": {"timetable": "94e62c4d-04b1-4191-8526-a21c30a8bc74", "school": "bcacb03c-3116-4219-bccb-416d1d71aec0", "course": "e88cd0d4-4da6-48fd-b08f-a9f9b1aa9933", "allotted_teacher": "4b01b001-4dc3-4aa8-bf3a-4e9dc8e1f1e9", "classroom_assignment": "1ad55561-054c-4710-9a97-72b38bb8795d", "timeslot": "a04146de-6d2c-42d6-a1dc-1eb4a7f4c407", "is_elective": false, "elective_subject_name": "Information Technology", "elective_group_id": null}}, {"model": "base.lesson", "pk": "f0029a59-a973-41c2-ab1f-779dd7b7c7e3", "fields": {"timetable": "94e62c4d-04b1-4191-8526-a21c30a8bc74", "school": "bcacb03c-3116-4219-bccb-416d1d71aec0", "course": "8f6547a3-437a-4a3b-ace9-0eb0061decd3", "allotted_teacher": "bbed5eb4-2735-442c-92df-58bc6e4b36b5", "classroom_assignment": "a499f1b3-085a-4c70-b3b7-724c61d09dce", "timeslot": "4f87734b-3279-4ffa-b0f7-09be03e2d5b2", "is_elective": true, "elective_subject_name": "Foreign Languages", "elective_group_id": null}}, {"model": "base.lesson", "pk": "f0b62695-36a3-4695-8d6c-9c4eaed54358", "fields": {"timetable": "ffa6ddca-8a45-4ff7-96c0-f1524a3d8634", "school": "bcacb03c-3116-4219-bccb-416d1d71aec0", "course": "38e594ab-a4c5-4bcd-a224-c58c9f7c7339", "allotted_teacher": "77c2f149-74d1-4ec4-ae5f-847d6f4b9313", "classroom_assignment": "598063a2-2c28-476c-993d-fe08c92c4815", "timeslot": "babe1bba-c7b4-48a5-9885-2c65ca5937f4", "is_elective": false, "elective_subject_name": "Social Studies", "elective_group_id": null}}, {"model": "base.lesson", "pk": "f132a521-1851-4e80-b19b-2f83f99c6873", "fields": {"timetable": "94e62c4d-04b1-4191-8526-a21c30a8bc74", "school": "bcacb03c-3116-4219-bccb-416d1d71aec0", "course": "8f1bcd43-45a4-4ccb-bfa9-31e9bb15fb90", "allotted_teacher": "033afd22-8117-4096-871e-945d12ca6d97", "classroom_assignment": "0dff30a8-00e6-45bd-bf0a-e4a83602c6fb", "timeslot": "d04e11e7-bffe-4f84-ad5a-e4016b928ac1", "is_elective": false, "elective_subject_name": "Social Studies", "elective_group_id": null}}, {"model": "base.lesson", "pk": "f1710270-40f2-4db6-90ed-bdc255d3f9a6", "fields": {"timetable": "ffa6ddca-8a45-4ff7-96c0-f1524a3d8634", "school": "bcacb03c-3116-4219-bccb-416d1d71aec0", "course": "38e594ab-a4c5-4bcd-a224-c58c9f7c7339", "allotted_teacher": "66ea6a63-aaf1-489d-8dd8-484cfc4a6b66", "classroom_assignment": "11dddf23-cf39-48bb-9c3e-35f15d0fd4f5", "timeslot": "65618609-3f12-45e9-ab9e-f2a8e43bca65", "is_elective": false, "elective_subject_name": "Social Studies", "elective_group_id": null}}, {"model": "base.lesson", "pk": "f24c2adc-285d-40e6-ace1-4d7cb5f9e03f", "fields": {"timetable": "d64a5f5f-563a-4330-b058-562085b2e663", "school": "bcacb03c-3116-4219-bccb-416d1d71aec0", "course": "10367142-00b5-4df3-8a90-b1affaa30395", "allotted_teacher": "fb8b76cf-ec99-4bfd-a2cf-fe385518dc16", "classroom_assignment": "bb939fab-7888-4259-81e2-32d31741842c", "timeslot": "cd8cf5b3-4bac-41f6-9571-eca3a6817c1e", "is_elective": false, "elective_subject_name": "Science", "elective_group_id": null}}, {"model": "base.lesson", "pk": "f26c574e-3154-46b8-8cd2-f87539a54312", "fields": {"timetable": "ffa6ddca-8a45-4ff7-96c0-f1524a3d8634", "school": "bcacb03c-3116-4219-bccb-416d1d71aec0", "course": "79989055-058d-4d23-a1ca-7c4a1263b934", "allotted_teacher": "03c4424a-2f14-41a6-a69c-8fe636efbf4c", "classroom_assignment": "0161318e-203d-476a-9cf2-d64aba621f25", "timeslot": "babe1bba-c7b4-48a5-9885-2c65ca5937f4", "is_elective": false, "elective_subject_name": "Mathamatics", "elective_group_id": null}}, {"model": "base.lesson", "pk": "f307eeca-953d-42a6-9c99-610e65dcf70f", "fields": {"timetable": "ffa6ddca-8a45-4ff7-96c0-f1524a3d8634", "school": "bcacb03c-3116-4219-bccb-416d1d71aec0", "course": "38e594ab-a4c5-4bcd-a224-c58c9f7c7339", "allotted_teacher": "77c2f149-74d1-4ec4-ae5f-847d6f4b9313", "classroom_assignment": "598063a2-2c28-476c-993d-fe08c92c4815", "timeslot": "ab45d476-f840-47ba-8852-2e1faca77e4f", "is_elective": false, "elective_subject_name": "Social Studies", "elective_group_id": null}}, {"model": "base.lesson", "pk": "f500d3bc-a562-49b8-9d10-fe1de6f0d100", "fields": {"timetable": "ffa6ddca-8a45-4ff7-96c0-f1524a3d8634", "school": "bcacb03c-3116-4219-bccb-416d1d71aec0", "course": "38e594ab-a4c5-4bcd-a224-c58c9f7c7339", "allotted_teacher": "66ea6a63-aaf1-489d-8dd8-484cfc4a6b66", "classroom_assignment": "0971f63b-9b9d-49a4-a4b2-36e408b4f2c4", "timeslot": "babe1bba-c7b4-48a5-9885-2c65ca5937f4", "is_elective": false, "elective_subject_name": "Social Studies", "elective_group_id": null}}, {"model": "base.lesson", "pk": "f5f0da0b-615a-4a79-be4b-601f5e5b4218", "fields": {"timetable": "94e62c4d-04b1-4191-8526-a21c30a8bc74", "school": "bcacb03c-3116-4219-bccb-416d1d71aec0", "course": "2b73e002-b905-4ec8-9e08-28316e1c99e7", "allotted_teacher": "54fdfbd0-3f32-48b1-a9c5-abb74a8af799", "classroom_assignment": "bf064af5-0932-414c-bd91-cec2099c1e65", "timeslot": "295bd810-e87d-4aa8-8e1c-7c590bb9df5a", "is_elective": false, "elective_subject_name": "Science", "elective_group_id": null}}, {"model": "base.lesson", "pk": "f61d0c09-e40f-411c-b31b-25d0868c0a99", "fields": {"timetable": "94e62c4d-04b1-4191-8526-a21c30a8bc74", "school": "bcacb03c-3116-4219-bccb-416d1d71aec0", "course": "7ccafef2-904c-4e6e-8c49-503cc011a9ed", "allotted_teacher": "cb0b6967-1dbf-4c87-ac64-a1555d537461", "classroom_assignment": "0dff30a8-00e6-45bd-bf0a-e4a83602c6fb", "timeslot": "ddf90c10-ae2f-4025-b323-d8cb32c041c0", "is_elective": false, "elective_subject_name": "Physical Education", "elective_group_id": null}}, {"model": "base.lesson", "pk": "f6e40382-ec16-42ec-8c25-ec0e651b5ee6", "fields": {"timetable": "d64a5f5f-563a-4330-b058-562085b2e663", "school": "bcacb03c-3116-4219-bccb-416d1d71aec0", "course": "1b20e651-7c56-4cb9-ad87-c752e8807b55", "allotted_teacher": "3aac35a8-990c-46c8-b258-ca4b8cdec613", "classroom_assignment": "bb939fab-7888-4259-81e2-32d31741842c", "timeslot": "4f05146a-db5e-493e-a053-e2e76a115cc7", "is_elective": true, "elective_subject_name": "Foreign Languages", "elective_group_id": null}}, {"model": "base.lesson", "pk": "f791f7ad-9684-4bf1-b544-43de2135bcf3", "fields": {"timetable": "d64a5f5f-563a-4330-b058-562085b2e663", "school": "bcacb03c-3116-4219-bccb-416d1d71aec0", "course": "cb90a8b6-d6e5-4d2c-a927-92b9673bf39f", "allotted_teacher": "db8e3fbb-eab8-4a11-91ae-72d4f74eac0c", "classroom_assignment": "39d8ee26-2e4d-4352-b11c-9aac2e0af60b", "timeslot": "14cb7299-0f2b-49d2-85aa-4ffb373789c0", "is_elective": false, "elective_subject_name": "Arabic", "elective_group_id": null}}, {"model": "base.lesson", "pk": "f82a750a-8819-4cd6-9db5-3acfc3bf6d7d", "fields": {"timetable": "ffa6ddca-8a45-4ff7-96c0-f1524a3d8634", "school": "bcacb03c-3116-4219-bccb-416d1d71aec0", "course": "12ab32e3-5f87-45c2-8643-f4bc8d673304", "allotted_teacher": "6604a9fd-36fa-466e-b2da-24faa4737c39", "classroom_assignment": "598063a2-2c28-476c-993d-fe08c92c4815", "timeslot": "391f7511-79dc-4e70-9b6d-58aeb1acf061", "is_elective": true, "elective_subject_name": "Foreign Languages", "elective_group_id": null}}, {"model": "base.lesson", "pk": "f89592cd-71ec-462e-8786-3469e4147096", "fields": {"timetable": "94e62c4d-04b1-4191-8526-a21c30a8bc74", "school": "bcacb03c-3116-4219-bccb-416d1d71aec0", "course": "8f1bcd43-45a4-4ccb-bfa9-31e9bb15fb90", "allotted_teacher": "24a5e43a-bba1-48d7-b001-6fff952c45b3", "classroom_assignment": "bf064af5-0932-414c-bd91-cec2099c1e65", "timeslot": "f1143f76-6681-4ffc-9e9f-cf8066978dd4", "is_elective": false, "elective_subject_name": "Social Studies", "elective_group_id": null}}, {"model": "base.lesson", "pk": "fe9366c6-25fc-45fe-b88d-35f09e038760", "fields": {"timetable": "d64a5f5f-563a-4330-b058-562085b2e663", "school": "bcacb03c-3116-4219-bccb-416d1d71aec0", "course": "d04761db-cfa5-4b98-b4d2-2c6162d9ce61", "allotted_teacher": "1aba6308-8532-4d89-9db7-d20b73d24a18", "classroom_assignment": "bb939fab-7888-4259-81e2-32d31741842c", "timeslot": "75a56361-bade-42ab-91e2-c7d575e52bf8", "is_elective": false, "elective_subject_name": "Social Studies", "elective_group_id": null}}, {"model": "base.lesson", "pk": "fee5e411-2221-43a1-aa16-09c4ab0e6fad", "fields": {"timetable": "ffa6ddca-8a45-4ff7-96c0-f1524a3d8634", "school": "bcacb03c-3116-4219-bccb-416d1d71aec0", "course": "12ab32e3-5f87-45c2-8643-f4bc8d673304", "allotted_teacher": "6604a9fd-36fa-466e-b2da-24faa4737c39", "classroom_assignment": "598063a2-2c28-476c-993d-fe08c92c4815", "timeslot": "65618609-3f12-45e9-ab9e-f2a8e43bca65", "is_elective": true, "elective_subject_name": "Foreign Languages", "elective_group_id": null}}, {"model": "base.lesson", "pk": "ff5b8e81-77d8-4a26-bfe1-d1de4b6c9e7d", "fields": {"timetable": "ffa6ddca-8a45-4ff7-96c0-f1524a3d8634", "school": "bcacb03c-3116-4219-bccb-416d1d71aec0", "course": "c2a215e9-0e65-4b27-a73e-9ea954cdfff8", "allotted_teacher": "66d52581-9c82-4382-9134-9d86ce730268", "classroom_assignment": "11dddf23-cf39-48bb-9c3e-35f15d0fd4f5", "timeslot": "de44e0e0-f44b-4fcd-b7f2-ff198f428943", "is_elective": false, "elective_subject_name": "Science", "elective_group_id": null}}, {"model": "base.lesson", "pk": "ffd9e24b-4a6d-47c4-a562-b132a1deb7bd", "fields": {"timetable": "d64a5f5f-563a-4330-b058-562085b2e663", "school": "bcacb03c-3116-4219-bccb-416d1d71aec0", "course": "5b80d858-3f33-4057-bde6-ada4f8d90974", "allotted_teacher": "8ff11ca0-b290-4340-8f93-a5fef6774614", "classroom_assignment": "bb939fab-7888-4259-81e2-32d31741842c", "timeslot": "d9fb8e53-ed3a-4053-bc6e-32dcf223b202", "is_elective": false, "elective_subject_name": "Mathamatics", "elective_group_id": null}}, {"model": "base.lesson", "pk": "ffe78c89-cd18-4459-9d23-f966946c20b7", "fields": {"timetable": "ffa6ddca-8a45-4ff7-96c0-f1524a3d8634", "school": "bcacb03c-3116-4219-bccb-416d1d71aec0", "course": "73c678eb-03fc-41d6-bd3b-472b1fc2d1a0", "allotted_teacher": "9453c830-b944-43e5-b641-c197d6f3081d", "classroom_assignment": "f2ba4af1-f215-4816-9144-46d195e32f0d", "timeslot": "483a9c96-5df4-4654-8eac-77b3883ca797", "is_elective": false, "elective_subject_name": "Information Technology", "elective_group_id": null}}, {"model": "base.lessonclasssection", "pk": 1, "fields": {"lesson": "933dddb1-3214-4034-85ef-379b5f8155c2", "class_section": "6e44ca0b-afd9-4999-843a-6dc8a607dbe4", "number_of_students": 20}}, {"model": "base.lessonclasssection", "pk": 2, "fields": {"lesson": "933dddb1-3214-4034-85ef-379b5f8155c2", "class_section": "1bd45715-0aad-461f-aa96-6c5f46c11478", "number_of_students": 20}}, {"model": "base.lessonclasssection", "pk": 3, "fields": {"lesson": "e5d4ae38-9a78-41cb-98ec-1e54dff9abee", "class_section": "6e44ca0b-afd9-4999-843a-6dc8a607dbe4", "number_of_students": 20}}, {"model": "base.lessonclasssection", "pk": 4, "fields": {"lesson": "e5d4ae38-9a78-41cb-98ec-1e54dff9abee", "class_section": "1bd45715-0aad-461f-aa96-6c5f46c11478", "number_of_students": 20}}, {"model": "base.lessonclasssection", "pk": 5, "fields": {"lesson": "e03075ae-dc86-4469-93d4-6ddc9c5db68e", "class_section": "6e44ca0b-afd9-4999-843a-6dc8a607dbe4", "number_of_students": 20}}, {"model": "base.lessonclasssection", "pk": 6, "fields": {"lesson": "e03075ae-dc86-4469-93d4-6ddc9c5db68e", "class_section": "1bd45715-0aad-461f-aa96-6c5f46c11478", "number_of_students": 20}}, {"model": "base.lessonclasssection", "pk": 7, "fields": {"lesson": "0eee4569-e91b-4bc4-9b5c-d14e8e185ec5", "class_section": "6e44ca0b-afd9-4999-843a-6dc8a607dbe4", "number_of_students": 20}}, {"model": "base.lessonclasssection", "pk": 8, "fields": {"lesson": "0eee4569-e91b-4bc4-9b5c-d14e8e185ec5", "class_section": "1bd45715-0aad-461f-aa96-6c5f46c11478", "number_of_students": 20}}, {"model": "base.lessonclasssection", "pk": 9, "fields": {"lesson": "a1276c67-099c-46f5-971e-334f94c2b8f0", "class_section": "4d517a7b-ca81-41bd-9f34-2fa3f6dc5286", "number_of_students": 20}}, {"model": "base.lessonclasssection", "pk": 10, "fields": {"lesson": "a1276c67-099c-46f5-971e-334f94c2b8f0", "class_section": "27f95d57-91d1-4041-890f-7bbf0c12f3bf", "number_of_students": 20}}, {"model": "base.lessonclasssection", "pk": 11, "fields": {"lesson": "00b886e3-f49a-45be-bb39-d312e668d382", "class_section": "4d517a7b-ca81-41bd-9f34-2fa3f6dc5286", "number_of_students": 20}}, {"model": "base.lessonclasssection", "pk": 12, "fields": {"lesson": "00b886e3-f49a-45be-bb39-d312e668d382", "class_section": "27f95d57-91d1-4041-890f-7bbf0c12f3bf", "number_of_students": 20}}, {"model": "base.lessonclasssection", "pk": 13, "fields": {"lesson": "be09f6b6-75b6-4a72-a07e-a3ed43483346", "class_section": "4d517a7b-ca81-41bd-9f34-2fa3f6dc5286", "number_of_students": 20}}, {"model": "base.lessonclasssection", "pk": 14, "fields": {"lesson": "be09f6b6-75b6-4a72-a07e-a3ed43483346", "class_section": "27f95d57-91d1-4041-890f-7bbf0c12f3bf", "number_of_students": 20}}, {"model": "base.lessonclasssection", "pk": 15, "fields": {"lesson": "b87419ea-2990-4a1b-8c3c-54fc1efd996f", "class_section": "4d517a7b-ca81-41bd-9f34-2fa3f6dc5286", "number_of_students": 20}}, {"model": "base.lessonclasssection", "pk": 16, "fields": {"lesson": "b87419ea-2990-4a1b-8c3c-54fc1efd996f", "class_section": "27f95d57-91d1-4041-890f-7bbf0c12f3bf", "number_of_students": 20}}, {"model": "base.lessonclasssection", "pk": 17, "fields": {"lesson": "fee5e411-2221-43a1-aa16-09c4ab0e6fad", "class_section": "0d59a4e4-0c21-4d67-8b1a-b30787cce9bd", "number_of_students": 20}}, {"model": "base.lessonclasssection", "pk": 18, "fields": {"lesson": "f82a750a-8819-4cd6-9db5-3acfc3bf6d7d", "class_section": "0d59a4e4-0c21-4d67-8b1a-b30787cce9bd", "number_of_students": 20}}, {"model": "base.lessonclasssection", "pk": 19, "fields": {"lesson": "b765cce5-4dac-4685-b9b6-f02ef2cf78d6", "class_section": "0d59a4e4-0c21-4d67-8b1a-b30787cce9bd", "number_of_students": 20}}, {"model": "base.lessonclasssection", "pk": 20, "fields": {"lesson": "0181daec-4033-46e3-b165-a8877a598833", "class_section": "0d59a4e4-0c21-4d67-8b1a-b30787cce9bd", "number_of_students": 20}}, {"model": "base.lessonclasssection", "pk": 21, "fields": {"lesson": "bed7b176-c4fd-4ae6-842e-6d452d57f664", "class_section": "3d3c797b-68f1-4205-91ce-9c79c1bb1cdb", "number_of_students": 20}}, {"model": "base.lessonclasssection", "pk": 22, "fields": {"lesson": "5c2f1301-f300-4bad-af0d-443ba815740a", "class_section": "3d3c797b-68f1-4205-91ce-9c79c1bb1cdb", "number_of_students": 20}}, {"model": "base.lessonclasssection", "pk": 23, "fields": {"lesson": "b1fa8586-8413-418c-926e-a8457d00fed8", "class_section": "3d3c797b-68f1-4205-91ce-9c79c1bb1cdb", "number_of_students": 20}}, {"model": "base.lessonclasssection", "pk": 24, "fields": {"lesson": "4162f2fe-4abb-4b6d-846c-63ac4b46b011", "class_section": "3d3c797b-68f1-4205-91ce-9c79c1bb1cdb", "number_of_students": 20}}, {"model": "base.lessonclasssection", "pk": 25, "fields": {"lesson": "cbd9f68d-5b29-4731-9c40-ea5bdec970dd", "class_section": "6e44ca0b-afd9-4999-843a-6dc8a607dbe4", "number_of_students": 0}}, {"model": "base.lessonclasssection", "pk": 26, "fields": {"lesson": "ab734b04-15d5-479a-ad14-199ed73970ff", "class_section": "6e44ca0b-afd9-4999-843a-6dc8a607dbe4", "number_of_students": 0}}, {"model": "base.lessonclasssection", "pk": 27, "fields": {"lesson": "08861a4c-d083-4e30-b731-d3bfb909a929", "class_section": "6e44ca0b-afd9-4999-843a-6dc8a607dbe4", "number_of_students": 0}}, {"model": "base.lessonclasssection", "pk": 28, "fields": {"lesson": "26ea66a0-ff91-49b1-a2d3-0107f741cd67", "class_section": "6e44ca0b-afd9-4999-843a-6dc8a607dbe4", "number_of_students": 0}}, {"model": "base.lessonclasssection", "pk": 29, "fields": {"lesson": "7e09b923-b6f0-4f9b-96ba-5b343f91dfac", "class_section": "6e44ca0b-afd9-4999-843a-6dc8a607dbe4", "number_of_students": 0}}, {"model": "base.lessonclasssection", "pk": 30, "fields": {"lesson": "74472eeb-6bce-4833-a19a-070a109b6216", "class_section": "6e44ca0b-afd9-4999-843a-6dc8a607dbe4", "number_of_students": 0}}, {"model": "base.lessonclasssection", "pk": 31, "fields": {"lesson": "f26c574e-3154-46b8-8cd2-f87539a54312", "class_section": "6e44ca0b-afd9-4999-843a-6dc8a607dbe4", "number_of_students": 0}}, {"model": "base.lessonclasssection", "pk": 32, "fields": {"lesson": "0f146703-1365-4aa5-9ab1-709aa3259749", "class_section": "6e44ca0b-afd9-4999-843a-6dc8a607dbe4", "number_of_students": 0}}, {"model": "base.lessonclasssection", "pk": 33, "fields": {"lesson": "5a26fac5-ff84-4000-84fb-633f9ba2c98d", "class_section": "6e44ca0b-afd9-4999-843a-6dc8a607dbe4", "number_of_students": 0}}, {"model": "base.lessonclasssection", "pk": 34, "fields": {"lesson": "559e01ef-3adb-4c94-96fa-4d92eca17cc5", "class_section": "6e44ca0b-afd9-4999-843a-6dc8a607dbe4", "number_of_students": 0}}, {"model": "base.lessonclasssection", "pk": 35, "fields": {"lesson": "b3113257-bd55-4999-b02e-38170ee69cca", "class_section": "6e44ca0b-afd9-4999-843a-6dc8a607dbe4", "number_of_students": 0}}, {"model": "base.lessonclasssection", "pk": 36, "fields": {"lesson": "e08cf1b0-7d9c-40f2-83ad-1ec9d2f256ef", "class_section": "6e44ca0b-afd9-4999-843a-6dc8a607dbe4", "number_of_students": 0}}, {"model": "base.lessonclasssection", "pk": 37, "fields": {"lesson": "c8782218-734d-4cea-8b1b-2dc8a0302ebf", "class_section": "6e44ca0b-afd9-4999-843a-6dc8a607dbe4", "number_of_students": 0}}, {"model": "base.lessonclasssection", "pk": 38, "fields": {"lesson": "76210969-9bce-47ee-bfb6-c079c060fb5b", "class_section": "6e44ca0b-afd9-4999-843a-6dc8a607dbe4", "number_of_students": 0}}, {"model": "base.lessonclasssection", "pk": 39, "fields": {"lesson": "54885243-3408-4ca4-9eb9-202d0d187753", "class_section": "6e44ca0b-afd9-4999-843a-6dc8a607dbe4", "number_of_students": 0}}, {"model": "base.lessonclasssection", "pk": 40, "fields": {"lesson": "300c7573-83f4-4667-8d06-fd948f5280e3", "class_section": "6e44ca0b-afd9-4999-843a-6dc8a607dbe4", "number_of_students": 0}}, {"model": "base.lessonclasssection", "pk": 41, "fields": {"lesson": "ad37c692-578b-468a-b3bd-efb9f43f42fd", "class_section": "6e44ca0b-afd9-4999-843a-6dc8a607dbe4", "number_of_students": 0}}, {"model": "base.lessonclasssection", "pk": 42, "fields": {"lesson": "c3b02603-7166-470e-8165-6e9b9c90d7e8", "class_section": "6e44ca0b-afd9-4999-843a-6dc8a607dbe4", "number_of_students": 0}}, {"model": "base.lessonclasssection", "pk": 43, "fields": {"lesson": "4d2044ce-bb19-43d8-9513-6d110cc20f62", "class_section": "1bd45715-0aad-461f-aa96-6c5f46c11478", "number_of_students": 0}}, {"model": "base.lessonclasssection", "pk": 44, "fields": {"lesson": "8ff0065c-e40b-4fd8-898d-38e268d15f11", "class_section": "1bd45715-0aad-461f-aa96-6c5f46c11478", "number_of_students": 0}}, {"model": "base.lessonclasssection", "pk": 45, "fields": {"lesson": "76faa1af-f123-47be-862c-59be4fe66053", "class_section": "1bd45715-0aad-461f-aa96-6c5f46c11478", "number_of_students": 0}}, {"model": "base.lessonclasssection", "pk": 46, "fields": {"lesson": "02feea2e-ba48-4c31-8583-cc08d371a69a", "class_section": "1bd45715-0aad-461f-aa96-6c5f46c11478", "number_of_students": 0}}, {"model": "base.lessonclasssection", "pk": 47, "fields": {"lesson": "73aa1794-909a-4022-8976-11b4ee1c0a9e", "class_section": "1bd45715-0aad-461f-aa96-6c5f46c11478", "number_of_students": 0}}, {"model": "base.lessonclasssection", "pk": 48, "fields": {"lesson": "6d8a65a7-68f1-4422-aa5d-f2e39181f63e", "class_section": "1bd45715-0aad-461f-aa96-6c5f46c11478", "number_of_students": 0}}, {"model": "base.lessonclasssection", "pk": 49, "fields": {"lesson": "0f35ce75-7ba3-4872-86ba-34664ab85c55", "class_section": "1bd45715-0aad-461f-aa96-6c5f46c11478", "number_of_students": 0}}, {"model": "base.lessonclasssection", "pk": 50, "fields": {"lesson": "36f58af7-bea0-43c9-b1cc-adcd14455642", "class_section": "1bd45715-0aad-461f-aa96-6c5f46c11478", "number_of_students": 0}}, {"model": "base.lessonclasssection", "pk": 51, "fields": {"lesson": "0aeff416-ba0a-48df-ae15-79afe4671985", "class_section": "1bd45715-0aad-461f-aa96-6c5f46c11478", "number_of_students": 0}}, {"model": "base.lessonclasssection", "pk": 52, "fields": {"lesson": "53176cb5-a032-4a84-87a9-f619a216e4c3", "class_section": "1bd45715-0aad-461f-aa96-6c5f46c11478", "number_of_students": 0}}, {"model": "base.lessonclasssection", "pk": 53, "fields": {"lesson": "28994f11-c800-4b77-8915-6523498e38ca", "class_section": "1bd45715-0aad-461f-aa96-6c5f46c11478", "number_of_students": 0}}, {"model": "base.lessonclasssection", "pk": 54, "fields": {"lesson": "692db7f0-a05b-4cfe-a83e-6e217bc49995", "class_section": "1bd45715-0aad-461f-aa96-6c5f46c11478", "number_of_students": 0}}, {"model": "base.lessonclasssection", "pk": 55, "fields": {"lesson": "0b996611-3989-4905-82eb-3b730ceb02a4", "class_section": "1bd45715-0aad-461f-aa96-6c5f46c11478", "number_of_students": 0}}, {"model": "base.lessonclasssection", "pk": 56, "fields": {"lesson": "01453dfe-f88f-4b79-8dc0-1054890fa344", "class_section": "1bd45715-0aad-461f-aa96-6c5f46c11478", "number_of_students": 0}}, {"model": "base.lessonclasssection", "pk": 57, "fields": {"lesson": "4d2a3b30-2da0-4867-95ed-691c1a64a6f1", "class_section": "1bd45715-0aad-461f-aa96-6c5f46c11478", "number_of_students": 0}}, {"model": "base.lessonclasssection", "pk": 58, "fields": {"lesson": "e0fffac9-b174-4ca8-ac4b-91b67235707c", "class_section": "1bd45715-0aad-461f-aa96-6c5f46c11478", "number_of_students": 0}}, {"model": "base.lessonclasssection", "pk": 59, "fields": {"lesson": "d53ec1e2-9bc9-4ce8-b26e-40976b7580ed", "class_section": "1bd45715-0aad-461f-aa96-6c5f46c11478", "number_of_students": 0}}, {"model": "base.lessonclasssection", "pk": 60, "fields": {"lesson": "72677fa2-425e-477b-8f94-4326018595b7", "class_section": "1bd45715-0aad-461f-aa96-6c5f46c11478", "number_of_students": 0}}, {"model": "base.lessonclasssection", "pk": 61, "fields": {"lesson": "be487690-f0ad-4ab3-83d3-cea1470d4593", "class_section": "0d59a4e4-0c21-4d67-8b1a-b30787cce9bd", "number_of_students": 0}}, {"model": "base.lessonclasssection", "pk": 62, "fields": {"lesson": "c8ab74a1-98b7-4153-a8f5-de9bba2201ad", "class_section": "0d59a4e4-0c21-4d67-8b1a-b30787cce9bd", "number_of_students": 0}}, {"model": "base.lessonclasssection", "pk": 63, "fields": {"lesson": "254b3ade-6fce-4415-a964-8314c1c4ba4d", "class_section": "0d59a4e4-0c21-4d67-8b1a-b30787cce9bd", "number_of_students": 0}}, {"model": "base.lessonclasssection", "pk": 64, "fields": {"lesson": "1f3cb5ef-6d1e-472f-862a-b3a569c19eb2", "class_section": "0d59a4e4-0c21-4d67-8b1a-b30787cce9bd", "number_of_students": 0}}, {"model": "base.lessonclasssection", "pk": 65, "fields": {"lesson": "60d5c422-3a18-45b9-94b1-d840025bd7f2", "class_section": "0d59a4e4-0c21-4d67-8b1a-b30787cce9bd", "number_of_students": 0}}, {"model": "base.lessonclasssection", "pk": 66, "fields": {"lesson": "3c1946db-0485-4868-9aed-c3fab9a1440e", "class_section": "0d59a4e4-0c21-4d67-8b1a-b30787cce9bd", "number_of_students": 0}}, {"model": "base.lessonclasssection", "pk": 67, "fields": {"lesson": "25659ea0-8af7-47ce-8893-c7f5eaec4f28", "class_section": "0d59a4e4-0c21-4d67-8b1a-b30787cce9bd", "number_of_students": 0}}, {"model": "base.lessonclasssection", "pk": 68, "fields": {"lesson": "47d0f4af-15c5-4d36-9345-b39e55c1ac98", "class_section": "0d59a4e4-0c21-4d67-8b1a-b30787cce9bd", "number_of_students": 0}}, {"model": "base.lessonclasssection", "pk": 69, "fields": {"lesson": "01371e8c-028f-45d3-9474-3af404f4bccb", "class_section": "0d59a4e4-0c21-4d67-8b1a-b30787cce9bd", "number_of_students": 0}}, {"model": "base.lessonclasssection", "pk": 70, "fields": {"lesson": "429db97c-f03c-4f32-bfd8-ef221b7f1caf", "class_section": "0d59a4e4-0c21-4d67-8b1a-b30787cce9bd", "number_of_students": 0}}, {"model": "base.lessonclasssection", "pk": 71, "fields": {"lesson": "6758bdc1-4e87-40ee-a31d-7d18f9cb50eb", "class_section": "0d59a4e4-0c21-4d67-8b1a-b30787cce9bd", "number_of_students": 0}}, {"model": "base.lessonclasssection", "pk": 72, "fields": {"lesson": "aeaac32f-c89b-4e6c-af6c-410c89c97f40", "class_section": "0d59a4e4-0c21-4d67-8b1a-b30787cce9bd", "number_of_students": 0}}, {"model": "base.lessonclasssection", "pk": 73, "fields": {"lesson": "e3835bca-3924-487d-a3ad-591bda9be506", "class_section": "0d59a4e4-0c21-4d67-8b1a-b30787cce9bd", "number_of_students": 0}}, {"model": "base.lessonclasssection", "pk": 74, "fields": {"lesson": "a9941bf8-3a71-42ae-945a-3dc263092ad7", "class_section": "0d59a4e4-0c21-4d67-8b1a-b30787cce9bd", "number_of_students": 0}}, {"model": "base.lessonclasssection", "pk": 75, "fields": {"lesson": "f0b62695-36a3-4695-8d6c-9c4eaed54358", "class_section": "0d59a4e4-0c21-4d67-8b1a-b30787cce9bd", "number_of_students": 0}}, {"model": "base.lessonclasssection", "pk": 76, "fields": {"lesson": "eee79b74-55dd-420f-a9aa-3f342e831e23", "class_section": "0d59a4e4-0c21-4d67-8b1a-b30787cce9bd", "number_of_students": 0}}, {"model": "base.lessonclasssection", "pk": 77, "fields": {"lesson": "f307eeca-953d-42a6-9c99-610e65dcf70f", "class_section": "0d59a4e4-0c21-4d67-8b1a-b30787cce9bd", "number_of_students": 0}}, {"model": "base.lessonclasssection", "pk": 78, "fields": {"lesson": "e130c941-43a8-47bd-a997-3b233a502c68", "class_section": "0d59a4e4-0c21-4d67-8b1a-b30787cce9bd", "number_of_students": 0}}, {"model": "base.lessonclasssection", "pk": 79, "fields": {"lesson": "9a4096d7-90be-4233-b395-4bd05afc0ecf", "class_section": "3d3c797b-68f1-4205-91ce-9c79c1bb1cdb", "number_of_students": 0}}, {"model": "base.lessonclasssection", "pk": 80, "fields": {"lesson": "198a4832-9bf3-41f9-b033-9c7b02cc7485", "class_section": "3d3c797b-68f1-4205-91ce-9c79c1bb1cdb", "number_of_students": 0}}, {"model": "base.lessonclasssection", "pk": 81, "fields": {"lesson": "ffe78c89-cd18-4459-9d23-f966946c20b7", "class_section": "3d3c797b-68f1-4205-91ce-9c79c1bb1cdb", "number_of_students": 0}}, {"model": "base.lessonclasssection", "pk": 82, "fields": {"lesson": "dc11133b-dc0a-4542-bdf6-598a83f0ea5f", "class_section": "3d3c797b-68f1-4205-91ce-9c79c1bb1cdb", "number_of_students": 0}}, {"model": "base.lessonclasssection", "pk": 83, "fields": {"lesson": "19335f98-2e06-4606-a3b0-5757a8d3431f", "class_section": "3d3c797b-68f1-4205-91ce-9c79c1bb1cdb", "number_of_students": 0}}, {"model": "base.lessonclasssection", "pk": 84, "fields": {"lesson": "9ba0f742-df24-40e8-9cfb-1ab0a98d200a", "class_section": "3d3c797b-68f1-4205-91ce-9c79c1bb1cdb", "number_of_students": 0}}, {"model": "base.lessonclasssection", "pk": 85, "fields": {"lesson": "1b45f853-e2f9-48e2-aaa8-c2fc197df7f6", "class_section": "3d3c797b-68f1-4205-91ce-9c79c1bb1cdb", "number_of_students": 0}}, {"model": "base.lessonclasssection", "pk": 86, "fields": {"lesson": "71ee4497-7ad2-4e3e-ac75-ee53898813c8", "class_section": "3d3c797b-68f1-4205-91ce-9c79c1bb1cdb", "number_of_students": 0}}, {"model": "base.lessonclasssection", "pk": 87, "fields": {"lesson": "239bd375-745b-477f-9a70-75cbdbab65eb", "class_section": "3d3c797b-68f1-4205-91ce-9c79c1bb1cdb", "number_of_students": 0}}, {"model": "base.lessonclasssection", "pk": 88, "fields": {"lesson": "3eaad0f8-b448-4a12-8869-3fe7d1c6f530", "class_section": "3d3c797b-68f1-4205-91ce-9c79c1bb1cdb", "number_of_students": 0}}, {"model": "base.lessonclasssection", "pk": 89, "fields": {"lesson": "ff5b8e81-77d8-4a26-bfe1-d1de4b6c9e7d", "class_section": "3d3c797b-68f1-4205-91ce-9c79c1bb1cdb", "number_of_students": 0}}, {"model": "base.lessonclasssection", "pk": 90, "fields": {"lesson": "802a8384-68fd-42a9-bac6-af0f7fbe430f", "class_section": "3d3c797b-68f1-4205-91ce-9c79c1bb1cdb", "number_of_students": 0}}, {"model": "base.lessonclasssection", "pk": 91, "fields": {"lesson": "51822b6f-49aa-4c4e-b9a6-3a3d0ffbadbf", "class_section": "3d3c797b-68f1-4205-91ce-9c79c1bb1cdb", "number_of_students": 0}}, {"model": "base.lessonclasssection", "pk": 92, "fields": {"lesson": "bd16df71-8fa1-4c85-a2a2-64ce6f2c8110", "class_section": "3d3c797b-68f1-4205-91ce-9c79c1bb1cdb", "number_of_students": 0}}, {"model": "base.lessonclasssection", "pk": 93, "fields": {"lesson": "f1710270-40f2-4db6-90ed-bdc255d3f9a6", "class_section": "3d3c797b-68f1-4205-91ce-9c79c1bb1cdb", "number_of_students": 0}}, {"model": "base.lessonclasssection", "pk": 94, "fields": {"lesson": "807dcd6e-6345-4b66-bee0-dbe150567c93", "class_section": "3d3c797b-68f1-4205-91ce-9c79c1bb1cdb", "number_of_students": 0}}, {"model": "base.lessonclasssection", "pk": 95, "fields": {"lesson": "808d56a5-45b5-41d1-a422-1dade341d5d5", "class_section": "3d3c797b-68f1-4205-91ce-9c79c1bb1cdb", "number_of_students": 0}}, {"model": "base.lessonclasssection", "pk": 96, "fields": {"lesson": "b6496353-8855-440e-aeaa-4b1b25dcc57c", "class_section": "3d3c797b-68f1-4205-91ce-9c79c1bb1cdb", "number_of_students": 0}}, {"model": "base.lessonclasssection", "pk": 97, "fields": {"lesson": "7f0eb443-af9c-4d9c-b409-fc8063ddf0fd", "class_section": "4d517a7b-ca81-41bd-9f34-2fa3f6dc5286", "number_of_students": 0}}, {"model": "base.lessonclasssection", "pk": 98, "fields": {"lesson": "d3c0ba2f-1e87-4d9d-8cc2-13458af06145", "class_section": "4d517a7b-ca81-41bd-9f34-2fa3f6dc5286", "number_of_students": 0}}, {"model": "base.lessonclasssection", "pk": 99, "fields": {"lesson": "1ed3f898-6d6f-4c61-8bf3-2cd3da665b64", "class_section": "4d517a7b-ca81-41bd-9f34-2fa3f6dc5286", "number_of_students": 0}}, {"model": "base.lessonclasssection", "pk": 100, "fields": {"lesson": "1701a849-f9a0-42e7-add6-f900525b51e9", "class_section": "4d517a7b-ca81-41bd-9f34-2fa3f6dc5286", "number_of_students": 0}}, {"model": "base.lessonclasssection", "pk": 101, "fields": {"lesson": "8007d342-f1f2-43b5-8701-26a425c5bd7b", "class_section": "4d517a7b-ca81-41bd-9f34-2fa3f6dc5286", "number_of_students": 0}}, {"model": "base.lessonclasssection", "pk": 102, "fields": {"lesson": "855d87d3-392e-46c5-8357-ee759cc659ad", "class_section": "4d517a7b-ca81-41bd-9f34-2fa3f6dc5286", "number_of_students": 0}}, {"model": "base.lessonclasssection", "pk": 103, "fields": {"lesson": "0ec472ff-dc61-4394-a36b-502447697014", "class_section": "4d517a7b-ca81-41bd-9f34-2fa3f6dc5286", "number_of_students": 0}}, {"model": "base.lessonclasssection", "pk": 104, "fields": {"lesson": "a108d615-91b3-4bf0-b61e-6b308eab9c07", "class_section": "4d517a7b-ca81-41bd-9f34-2fa3f6dc5286", "number_of_students": 0}}, {"model": "base.lessonclasssection", "pk": 105, "fields": {"lesson": "3acbed72-2441-4ea8-b5c5-51858ac62899", "class_section": "4d517a7b-ca81-41bd-9f34-2fa3f6dc5286", "number_of_students": 0}}, {"model": "base.lessonclasssection", "pk": 106, "fields": {"lesson": "4128632e-3566-49e7-b320-b7085083e185", "class_section": "4d517a7b-ca81-41bd-9f34-2fa3f6dc5286", "number_of_students": 0}}, {"model": "base.lessonclasssection", "pk": 107, "fields": {"lesson": "a21c3ab6-3893-4b6c-a060-15cf74a495b9", "class_section": "4d517a7b-ca81-41bd-9f34-2fa3f6dc5286", "number_of_students": 0}}, {"model": "base.lessonclasssection", "pk": 108, "fields": {"lesson": "5be16c82-5a9a-4856-8f9a-f0bd57e8c146", "class_section": "4d517a7b-ca81-41bd-9f34-2fa3f6dc5286", "number_of_students": 0}}, {"model": "base.lessonclasssection", "pk": 109, "fields": {"lesson": "82a7257d-de4f-438f-aa9a-cacc16094724", "class_section": "4d517a7b-ca81-41bd-9f34-2fa3f6dc5286", "number_of_students": 0}}, {"model": "base.lessonclasssection", "pk": 110, "fields": {"lesson": "61648b3c-9a88-46f2-9edd-959a6fa8ff46", "class_section": "4d517a7b-ca81-41bd-9f34-2fa3f6dc5286", "number_of_students": 0}}, {"model": "base.lessonclasssection", "pk": 111, "fields": {"lesson": "72b5dc3b-91b5-4325-b304-5d2aa16c8823", "class_section": "4d517a7b-ca81-41bd-9f34-2fa3f6dc5286", "number_of_students": 0}}, {"model": "base.lessonclasssection", "pk": 112, "fields": {"lesson": "a7bbbc33-7554-4bc0-9716-278cf7dedd88", "class_section": "4d517a7b-ca81-41bd-9f34-2fa3f6dc5286", "number_of_students": 0}}, {"model": "base.lessonclasssection", "pk": 113, "fields": {"lesson": "ecd0dc2f-18c4-48db-9884-ec61c45381ca", "class_section": "4d517a7b-ca81-41bd-9f34-2fa3f6dc5286", "number_of_students": 0}}, {"model": "base.lessonclasssection", "pk": 114, "fields": {"lesson": "d7a1e279-2c2b-4b89-b383-b91637d2eb1a", "class_section": "4d517a7b-ca81-41bd-9f34-2fa3f6dc5286", "number_of_students": 0}}, {"model": "base.lessonclasssection", "pk": 115, "fields": {"lesson": "b72b7146-2018-4a4b-a8b8-ac6e4143680e", "class_section": "27f95d57-91d1-4041-890f-7bbf0c12f3bf", "number_of_students": 0}}, {"model": "base.lessonclasssection", "pk": 116, "fields": {"lesson": "cd7e2518-53e2-4763-a770-f7aafce328f7", "class_section": "27f95d57-91d1-4041-890f-7bbf0c12f3bf", "number_of_students": 0}}, {"model": "base.lessonclasssection", "pk": 117, "fields": {"lesson": "9f18904e-679e-44f9-b026-dfb6d081a550", "class_section": "27f95d57-91d1-4041-890f-7bbf0c12f3bf", "number_of_students": 0}}, {"model": "base.lessonclasssection", "pk": 118, "fields": {"lesson": "45626850-57fa-4344-ad2f-885ff4485c9f", "class_section": "27f95d57-91d1-4041-890f-7bbf0c12f3bf", "number_of_students": 0}}, {"model": "base.lessonclasssection", "pk": 119, "fields": {"lesson": "24046ee5-8f45-4c19-884b-3526497c654a", "class_section": "27f95d57-91d1-4041-890f-7bbf0c12f3bf", "number_of_students": 0}}, {"model": "base.lessonclasssection", "pk": 120, "fields": {"lesson": "7a159114-94d9-420e-99af-4e98183c8d4a", "class_section": "27f95d57-91d1-4041-890f-7bbf0c12f3bf", "number_of_students": 0}}, {"model": "base.lessonclasssection", "pk": 121, "fields": {"lesson": "d6af6a35-f9bb-452b-8890-286d757644b5", "class_section": "27f95d57-91d1-4041-890f-7bbf0c12f3bf", "number_of_students": 0}}, {"model": "base.lessonclasssection", "pk": 122, "fields": {"lesson": "94e53c6e-e879-43b5-888f-908802e3a929", "class_section": "27f95d57-91d1-4041-890f-7bbf0c12f3bf", "number_of_students": 0}}, {"model": "base.lessonclasssection", "pk": 123, "fields": {"lesson": "8dddac27-ec62-4bc8-bc68-53abad222d11", "class_section": "27f95d57-91d1-4041-890f-7bbf0c12f3bf", "number_of_students": 0}}, {"model": "base.lessonclasssection", "pk": 124, "fields": {"lesson": "0ca0ece7-43e0-4128-b2b9-a250b51bf228", "class_section": "27f95d57-91d1-4041-890f-7bbf0c12f3bf", "number_of_students": 0}}, {"model": "base.lessonclasssection", "pk": 125, "fields": {"lesson": "128d8690-cb35-4db2-bedd-720da2bf1c6e", "class_section": "27f95d57-91d1-4041-890f-7bbf0c12f3bf", "number_of_students": 0}}, {"model": "base.lessonclasssection", "pk": 126, "fields": {"lesson": "acb01cbc-ca13-480f-ac4f-937910f2468e", "class_section": "27f95d57-91d1-4041-890f-7bbf0c12f3bf", "number_of_students": 0}}, {"model": "base.lessonclasssection", "pk": 127, "fields": {"lesson": "68811490-96a8-4806-92c0-b976773ac139", "class_section": "27f95d57-91d1-4041-890f-7bbf0c12f3bf", "number_of_students": 0}}, {"model": "base.lessonclasssection", "pk": 128, "fields": {"lesson": "cc9d90e9-f2a5-4294-89c7-6d68b27c7d0f", "class_section": "27f95d57-91d1-4041-890f-7bbf0c12f3bf", "number_of_students": 0}}, {"model": "base.lessonclasssection", "pk": 129, "fields": {"lesson": "4ee563b7-d9f7-476b-a01a-511185795035", "class_section": "27f95d57-91d1-4041-890f-7bbf0c12f3bf", "number_of_students": 0}}, {"model": "base.lessonclasssection", "pk": 130, "fields": {"lesson": "f500d3bc-a562-49b8-9d10-fe1de6f0d100", "class_section": "27f95d57-91d1-4041-890f-7bbf0c12f3bf", "number_of_students": 0}}, {"model": "base.lessonclasssection", "pk": 131, "fields": {"lesson": "d1e96761-52d8-42f0-bc33-8ae03acbb2b5", "class_section": "27f95d57-91d1-4041-890f-7bbf0c12f3bf", "number_of_students": 0}}, {"model": "base.lessonclasssection", "pk": 132, "fields": {"lesson": "9e06c6ee-dc50-4a4d-9f9d-fba98240da5e", "class_section": "27f95d57-91d1-4041-890f-7bbf0c12f3bf", "number_of_students": 0}}, {"model": "base.lessonclasssection", "pk": 133, "fields": {"lesson": "93c80f3e-053b-46a7-b2f0-0a5a225ef1da", "class_section": "e419735a-8890-496a-bacf-c8fa2db642fd", "number_of_students": 20}}, {"model": "base.lessonclasssection", "pk": 134, "fields": {"lesson": "93c80f3e-053b-46a7-b2f0-0a5a225ef1da", "class_section": "951103fd-27ad-4bff-a726-4aa6980d9f97", "number_of_students": 20}}, {"model": "base.lessonclasssection", "pk": 135, "fields": {"lesson": "7b693ce0-5747-4314-a412-bc0c96bc7969", "class_section": "e419735a-8890-496a-bacf-c8fa2db642fd", "number_of_students": 20}}, {"model": "base.lessonclasssection", "pk": 136, "fields": {"lesson": "7b693ce0-5747-4314-a412-bc0c96bc7969", "class_section": "951103fd-27ad-4bff-a726-4aa6980d9f97", "number_of_students": 20}}, {"model": "base.lessonclasssection", "pk": 137, "fields": {"lesson": "f6e40382-ec16-42ec-8c25-ec0e651b5ee6", "class_section": "e419735a-8890-496a-bacf-c8fa2db642fd", "number_of_students": 20}}, {"model": "base.lessonclasssection", "pk": 138, "fields": {"lesson": "f6e40382-ec16-42ec-8c25-ec0e651b5ee6", "class_section": "951103fd-27ad-4bff-a726-4aa6980d9f97", "number_of_students": 20}}, {"model": "base.lessonclasssection", "pk": 139, "fields": {"lesson": "8fed087d-54b0-4f93-99f2-164277db4460", "class_section": "e419735a-8890-496a-bacf-c8fa2db642fd", "number_of_students": 20}}, {"model": "base.lessonclasssection", "pk": 140, "fields": {"lesson": "8fed087d-54b0-4f93-99f2-164277db4460", "class_section": "951103fd-27ad-4bff-a726-4aa6980d9f97", "number_of_students": 20}}, {"model": "base.lessonclasssection", "pk": 141, "fields": {"lesson": "b6f21ff7-3591-49df-bbf1-bb54010ec8f5", "class_section": "279bf914-fcbe-4277-8143-7b4062a75cda", "number_of_students": 20}}, {"model": "base.lessonclasssection", "pk": 142, "fields": {"lesson": "b6f21ff7-3591-49df-bbf1-bb54010ec8f5", "class_section": "39e23ca8-3cdd-4758-b373-de430eb6aab4", "number_of_students": 20}}, {"model": "base.lessonclasssection", "pk": 143, "fields": {"lesson": "832937fe-b0b0-45c4-9d00-d648d59a6ee3", "class_section": "279bf914-fcbe-4277-8143-7b4062a75cda", "number_of_students": 20}}, {"model": "base.lessonclasssection", "pk": 144, "fields": {"lesson": "832937fe-b0b0-45c4-9d00-d648d59a6ee3", "class_section": "39e23ca8-3cdd-4758-b373-de430eb6aab4", "number_of_students": 20}}, {"model": "base.lessonclasssection", "pk": 145, "fields": {"lesson": "4707120a-78a5-44d7-af88-6e0f0a26d2a5", "class_section": "279bf914-fcbe-4277-8143-7b4062a75cda", "number_of_students": 20}}, {"model": "base.lessonclasssection", "pk": 146, "fields": {"lesson": "4707120a-78a5-44d7-af88-6e0f0a26d2a5", "class_section": "39e23ca8-3cdd-4758-b373-de430eb6aab4", "number_of_students": 20}}, {"model": "base.lessonclasssection", "pk": 147, "fields": {"lesson": "d4e3a6cf-2510-42d0-82b5-a4c8f9fa9236", "class_section": "279bf914-fcbe-4277-8143-7b4062a75cda", "number_of_students": 20}}, {"model": "base.lessonclasssection", "pk": 148, "fields": {"lesson": "d4e3a6cf-2510-42d0-82b5-a4c8f9fa9236", "class_section": "39e23ca8-3cdd-4758-b373-de430eb6aab4", "number_of_students": 20}}, {"model": "base.lessonclasssection", "pk": 149, "fields": {"lesson": "287b1de5-01c8-4af5-bd3e-d4d92a39e3c9", "class_section": "ff25dbb8-5a42-4e7a-9b6d-d68a75b7c9f6", "number_of_students": 20}}, {"model": "base.lessonclasssection", "pk": 150, "fields": {"lesson": "1f180c86-4315-4bfd-947d-c7eb7e177b6f", "class_section": "ff25dbb8-5a42-4e7a-9b6d-d68a75b7c9f6", "number_of_students": 20}}, {"model": "base.lessonclasssection", "pk": 151, "fields": {"lesson": "7c1a862f-a555-49d9-b5ab-abc896bd85ae", "class_section": "ff25dbb8-5a42-4e7a-9b6d-d68a75b7c9f6", "number_of_students": 20}}, {"model": "base.lessonclasssection", "pk": 152, "fields": {"lesson": "59665e02-6861-4cbc-9e74-d339f85a4737", "class_section": "ff25dbb8-5a42-4e7a-9b6d-d68a75b7c9f6", "number_of_students": 20}}, {"model": "base.lessonclasssection", "pk": 153, "fields": {"lesson": "406389c3-3e13-4996-9376-2dac445f703c", "class_section": "1329d573-41c3-4c14-b686-3fb3e879a30e", "number_of_students": 20}}, {"model": "base.lessonclasssection", "pk": 154, "fields": {"lesson": "19f7bf17-b04d-40c4-835d-d49b79896bf5", "class_section": "1329d573-41c3-4c14-b686-3fb3e879a30e", "number_of_students": 20}}, {"model": "base.lessonclasssection", "pk": 155, "fields": {"lesson": "cf4a4292-9e72-4f01-8e09-543d73903b11", "class_section": "1329d573-41c3-4c14-b686-3fb3e879a30e", "number_of_students": 20}}, {"model": "base.lessonclasssection", "pk": 156, "fields": {"lesson": "c46dafc9-2512-4b98-9044-1fc9ff64487c", "class_section": "1329d573-41c3-4c14-b686-3fb3e879a30e", "number_of_students": 20}}, {"model": "base.lessonclasssection", "pk": 157, "fields": {"lesson": "f791f7ad-9684-4bf1-b544-43de2135bcf3", "class_section": "e419735a-8890-496a-bacf-c8fa2db642fd", "number_of_students": 0}}, {"model": "base.lessonclasssection", "pk": 158, "fields": {"lesson": "588f7e0d-ff95-45dc-bfe7-776085f8333a", "class_section": "e419735a-8890-496a-bacf-c8fa2db642fd", "number_of_students": 0}}, {"model": "base.lessonclasssection", "pk": 159, "fields": {"lesson": "81c905d9-e3f4-4420-a711-003e31f115a1", "class_section": "e419735a-8890-496a-bacf-c8fa2db642fd", "number_of_students": 0}}, {"model": "base.lessonclasssection", "pk": 160, "fields": {"lesson": "58b49b89-c7b9-4c3b-8d75-cbfe9cfbe5ff", "class_section": "e419735a-8890-496a-bacf-c8fa2db642fd", "number_of_students": 0}}, {"model": "base.lessonclasssection", "pk": 161, "fields": {"lesson": "1994f839-4217-45a1-8618-c48d0d1a0762", "class_section": "e419735a-8890-496a-bacf-c8fa2db642fd", "number_of_students": 0}}, {"model": "base.lessonclasssection", "pk": 162, "fields": {"lesson": "13912ef1-1e71-4e09-96f7-970c01129c91", "class_section": "e419735a-8890-496a-bacf-c8fa2db642fd", "number_of_students": 0}}, {"model": "base.lessonclasssection", "pk": 163, "fields": {"lesson": "99b338c4-c755-4a8f-9c2e-0f9e62bc1902", "class_section": "e419735a-8890-496a-bacf-c8fa2db642fd", "number_of_students": 0}}, {"model": "base.lessonclasssection", "pk": 164, "fields": {"lesson": "2b7df320-438f-47fa-a19e-1d271cdb6024", "class_section": "e419735a-8890-496a-bacf-c8fa2db642fd", "number_of_students": 0}}, {"model": "base.lessonclasssection", "pk": 165, "fields": {"lesson": "9b7e3e44-25b2-486a-9634-cf340985dea4", "class_section": "e419735a-8890-496a-bacf-c8fa2db642fd", "number_of_students": 0}}, {"model": "base.lessonclasssection", "pk": 166, "fields": {"lesson": "2fc934cb-8a41-45cb-b2c9-1c73a429489a", "class_section": "e419735a-8890-496a-bacf-c8fa2db642fd", "number_of_students": 0}}, {"model": "base.lessonclasssection", "pk": 167, "fields": {"lesson": "9625bc72-ab91-4d8e-8eab-39980f9a606d", "class_section": "e419735a-8890-496a-bacf-c8fa2db642fd", "number_of_students": 0}}, {"model": "base.lessonclasssection", "pk": 168, "fields": {"lesson": "d3401673-16f2-4708-8dd2-5f7152a2f96c", "class_section": "e419735a-8890-496a-bacf-c8fa2db642fd", "number_of_students": 0}}, {"model": "base.lessonclasssection", "pk": 169, "fields": {"lesson": "cfe0cfe0-f635-439b-af7e-827b5a20065b", "class_section": "e419735a-8890-496a-bacf-c8fa2db642fd", "number_of_students": 0}}, {"model": "base.lessonclasssection", "pk": 170, "fields": {"lesson": "c813174d-b539-40ba-bcd4-3626e14fc5df", "class_section": "e419735a-8890-496a-bacf-c8fa2db642fd", "number_of_students": 0}}, {"model": "base.lessonclasssection", "pk": 171, "fields": {"lesson": "6200811e-ba28-4e83-8294-8308558991f6", "class_section": "e419735a-8890-496a-bacf-c8fa2db642fd", "number_of_students": 0}}, {"model": "base.lessonclasssection", "pk": 172, "fields": {"lesson": "6f6b3898-c12c-4668-8522-ebcad524d011", "class_section": "e419735a-8890-496a-bacf-c8fa2db642fd", "number_of_students": 0}}, {"model": "base.lessonclasssection", "pk": 173, "fields": {"lesson": "afe2654f-3ff4-4fec-bbbf-6e5b75d6150b", "class_section": "e419735a-8890-496a-bacf-c8fa2db642fd", "number_of_students": 0}}, {"model": "base.lessonclasssection", "pk": 174, "fields": {"lesson": "dbb00cfe-929a-453a-9aca-61c75c97eefb", "class_section": "e419735a-8890-496a-bacf-c8fa2db642fd", "number_of_students": 0}}, {"model": "base.lessonclasssection", "pk": 175, "fields": {"lesson": "edd92d58-93ea-4fef-9d25-ddd495ff832c", "class_section": "951103fd-27ad-4bff-a726-4aa6980d9f97", "number_of_students": 0}}, {"model": "base.lessonclasssection", "pk": 176, "fields": {"lesson": "a366047a-2bf7-45a3-a998-dd50bf88e292", "class_section": "951103fd-27ad-4bff-a726-4aa6980d9f97", "number_of_students": 0}}, {"model": "base.lessonclasssection", "pk": 177, "fields": {"lesson": "035173dc-46c6-4937-9594-590f1ea4e217", "class_section": "951103fd-27ad-4bff-a726-4aa6980d9f97", "number_of_students": 0}}, {"model": "base.lessonclasssection", "pk": 178, "fields": {"lesson": "2454b88c-24ec-4745-933e-9ea507bad670", "class_section": "951103fd-27ad-4bff-a726-4aa6980d9f97", "number_of_students": 0}}, {"model": "base.lessonclasssection", "pk": 179, "fields": {"lesson": "3e500428-aaff-4620-ae32-44bb584a05c4", "class_section": "951103fd-27ad-4bff-a726-4aa6980d9f97", "number_of_students": 0}}, {"model": "base.lessonclasssection", "pk": 180, "fields": {"lesson": "6ee39261-482b-4172-8532-1eff69dc11e4", "class_section": "951103fd-27ad-4bff-a726-4aa6980d9f97", "number_of_students": 0}}, {"model": "base.lessonclasssection", "pk": 181, "fields": {"lesson": "6b56f1e7-09c7-4292-894f-2468793f9546", "class_section": "951103fd-27ad-4bff-a726-4aa6980d9f97", "number_of_students": 0}}, {"model": "base.lessonclasssection", "pk": 182, "fields": {"lesson": "ffd9e24b-4a6d-47c4-a562-b132a1deb7bd", "class_section": "951103fd-27ad-4bff-a726-4aa6980d9f97", "number_of_students": 0}}, {"model": "base.lessonclasssection", "pk": 183, "fields": {"lesson": "ae7d6d71-345c-4249-a16c-797c78147e7a", "class_section": "951103fd-27ad-4bff-a726-4aa6980d9f97", "number_of_students": 0}}, {"model": "base.lessonclasssection", "pk": 184, "fields": {"lesson": "d3b87ca3-8761-4a20-87df-36e1f408cd9c", "class_section": "951103fd-27ad-4bff-a726-4aa6980d9f97", "number_of_students": 0}}, {"model": "base.lessonclasssection", "pk": 185, "fields": {"lesson": "d633cff0-e1a8-466d-9d23-c9d70ce8ed6a", "class_section": "951103fd-27ad-4bff-a726-4aa6980d9f97", "number_of_students": 0}}, {"model": "base.lessonclasssection", "pk": 186, "fields": {"lesson": "f24c2adc-285d-40e6-ace1-4d7cb5f9e03f", "class_section": "951103fd-27ad-4bff-a726-4aa6980d9f97", "number_of_students": 0}}, {"model": "base.lessonclasssection", "pk": 187, "fields": {"lesson": "121f3b35-15bc-4e6c-b1c7-498789295ec3", "class_section": "951103fd-27ad-4bff-a726-4aa6980d9f97", "number_of_students": 0}}, {"model": "base.lessonclasssection", "pk": 188, "fields": {"lesson": "1602230a-b4f5-4bf3-a0b2-4cc7d92328df", "class_section": "951103fd-27ad-4bff-a726-4aa6980d9f97", "number_of_students": 0}}, {"model": "base.lessonclasssection", "pk": 189, "fields": {"lesson": "fe9366c6-25fc-45fe-b88d-35f09e038760", "class_section": "951103fd-27ad-4bff-a726-4aa6980d9f97", "number_of_students": 0}}, {"model": "base.lessonclasssection", "pk": 190, "fields": {"lesson": "bd213501-b9bc-4121-8b92-bbea60b8685c", "class_section": "951103fd-27ad-4bff-a726-4aa6980d9f97", "number_of_students": 0}}, {"model": "base.lessonclasssection", "pk": 191, "fields": {"lesson": "a46f5bfc-4f46-4e03-bad1-3dd7049ed603", "class_section": "951103fd-27ad-4bff-a726-4aa6980d9f97", "number_of_students": 0}}, {"model": "base.lessonclasssection", "pk": 192, "fields": {"lesson": "e715ac23-00c7-4342-8073-d1b423f185bd", "class_section": "951103fd-27ad-4bff-a726-4aa6980d9f97", "number_of_students": 0}}, {"model": "base.lessonclasssection", "pk": 193, "fields": {"lesson": "c41e7ea1-49d2-42f3-8348-c316c04ad280", "class_section": "ff25dbb8-5a42-4e7a-9b6d-d68a75b7c9f6", "number_of_students": 0}}, {"model": "base.lessonclasssection", "pk": 194, "fields": {"lesson": "cf4e3a89-69b6-4072-98b5-0e2588353b4a", "class_section": "ff25dbb8-5a42-4e7a-9b6d-d68a75b7c9f6", "number_of_students": 0}}, {"model": "base.lessonclasssection", "pk": 195, "fields": {"lesson": "267dbfe4-64e8-45f2-9ba9-a9a83a54c6c9", "class_section": "ff25dbb8-5a42-4e7a-9b6d-d68a75b7c9f6", "number_of_students": 0}}, {"model": "base.lessonclasssection", "pk": 196, "fields": {"lesson": "c2c4c770-af2b-46b0-8be9-12cda460a677", "class_section": "ff25dbb8-5a42-4e7a-9b6d-d68a75b7c9f6", "number_of_students": 0}}, {"model": "base.lessonclasssection", "pk": 197, "fields": {"lesson": "43b853b7-ea1a-44c3-bac2-da8247f53551", "class_section": "ff25dbb8-5a42-4e7a-9b6d-d68a75b7c9f6", "number_of_students": 0}}, {"model": "base.lessonclasssection", "pk": 198, "fields": {"lesson": "ead050e3-e0b8-4653-bb65-5c2621d3f508", "class_section": "ff25dbb8-5a42-4e7a-9b6d-d68a75b7c9f6", "number_of_students": 0}}, {"model": "base.lessonclasssection", "pk": 199, "fields": {"lesson": "6c7687fe-b963-4d3c-81ee-1b88f541cb07", "class_section": "ff25dbb8-5a42-4e7a-9b6d-d68a75b7c9f6", "number_of_students": 0}}, {"model": "base.lessonclasssection", "pk": 200, "fields": {"lesson": "e9eaaafd-9714-4c84-adba-517f0967f8c9", "class_section": "ff25dbb8-5a42-4e7a-9b6d-d68a75b7c9f6", "number_of_students": 0}}, {"model": "base.lessonclasssection", "pk": 201, "fields": {"lesson": "6bd18364-50f3-4478-9de4-3f777ef30766", "class_section": "ff25dbb8-5a42-4e7a-9b6d-d68a75b7c9f6", "number_of_students": 0}}, {"model": "base.lessonclasssection", "pk": 202, "fields": {"lesson": "99c37ff0-5c15-4f69-b447-604f1b11197e", "class_section": "ff25dbb8-5a42-4e7a-9b6d-d68a75b7c9f6", "number_of_students": 0}}, {"model": "base.lessonclasssection", "pk": 203, "fields": {"lesson": "5bb9ef8f-216d-4b51-8f8e-ce24452890d0", "class_section": "ff25dbb8-5a42-4e7a-9b6d-d68a75b7c9f6", "number_of_students": 0}}, {"model": "base.lessonclasssection", "pk": 204, "fields": {"lesson": "d249bad6-73e7-41b1-bed0-7c8f1ffddcf8", "class_section": "ff25dbb8-5a42-4e7a-9b6d-d68a75b7c9f6", "number_of_students": 0}}, {"model": "base.lessonclasssection", "pk": 205, "fields": {"lesson": "52627774-5be7-49c3-9378-c48603ded0b1", "class_section": "ff25dbb8-5a42-4e7a-9b6d-d68a75b7c9f6", "number_of_students": 0}}, {"model": "base.lessonclasssection", "pk": 206, "fields": {"lesson": "4aa1307e-fe65-4d8a-8158-d50495946654", "class_section": "ff25dbb8-5a42-4e7a-9b6d-d68a75b7c9f6", "number_of_students": 0}}, {"model": "base.lessonclasssection", "pk": 207, "fields": {"lesson": "923372dd-542a-40ee-9584-90ee326215ec", "class_section": "ff25dbb8-5a42-4e7a-9b6d-d68a75b7c9f6", "number_of_students": 0}}, {"model": "base.lessonclasssection", "pk": 208, "fields": {"lesson": "41aa52b4-e7a6-46a2-85e8-d580a7cca021", "class_section": "ff25dbb8-5a42-4e7a-9b6d-d68a75b7c9f6", "number_of_students": 0}}, {"model": "base.lessonclasssection", "pk": 209, "fields": {"lesson": "adb8cc01-2d4f-49cd-9366-a37e17e5e2b1", "class_section": "ff25dbb8-5a42-4e7a-9b6d-d68a75b7c9f6", "number_of_students": 0}}, {"model": "base.lessonclasssection", "pk": 210, "fields": {"lesson": "d32453c4-c1ae-419c-9f71-9bcb79c5030f", "class_section": "ff25dbb8-5a42-4e7a-9b6d-d68a75b7c9f6", "number_of_students": 0}}, {"model": "base.lessonclasssection", "pk": 211, "fields": {"lesson": "db161540-65f7-4949-8b68-44c482c2df00", "class_section": "1329d573-41c3-4c14-b686-3fb3e879a30e", "number_of_students": 0}}, {"model": "base.lessonclasssection", "pk": 212, "fields": {"lesson": "83801a64-2911-4742-a009-5a62af39aa76", "class_section": "1329d573-41c3-4c14-b686-3fb3e879a30e", "number_of_students": 0}}, {"model": "base.lessonclasssection", "pk": 213, "fields": {"lesson": "54d0ed83-5557-4eba-a097-30a224a1ebe7", "class_section": "1329d573-41c3-4c14-b686-3fb3e879a30e", "number_of_students": 0}}, {"model": "base.lessonclasssection", "pk": 214, "fields": {"lesson": "d05c7929-dea0-403e-b3d1-20d4b199fe8d", "class_section": "1329d573-41c3-4c14-b686-3fb3e879a30e", "number_of_students": 0}}, {"model": "base.lessonclasssection", "pk": 215, "fields": {"lesson": "cdead7b0-8c9d-4518-8784-f96fb34c9db0", "class_section": "1329d573-41c3-4c14-b686-3fb3e879a30e", "number_of_students": 0}}, {"model": "base.lessonclasssection", "pk": 216, "fields": {"lesson": "91379add-a4b0-42a4-8056-66ce76c643c5", "class_section": "1329d573-41c3-4c14-b686-3fb3e879a30e", "number_of_students": 0}}, {"model": "base.lessonclasssection", "pk": 217, "fields": {"lesson": "14e2ba44-9907-431c-8c6d-44f15b8917c9", "class_section": "1329d573-41c3-4c14-b686-3fb3e879a30e", "number_of_students": 0}}, {"model": "base.lessonclasssection", "pk": 218, "fields": {"lesson": "0183d6c0-fe71-4a22-9fcd-43b85167a5b5", "class_section": "1329d573-41c3-4c14-b686-3fb3e879a30e", "number_of_students": 0}}, {"model": "base.lessonclasssection", "pk": 219, "fields": {"lesson": "c07da268-15d2-47d7-b697-d61bc985dd44", "class_section": "1329d573-41c3-4c14-b686-3fb3e879a30e", "number_of_students": 0}}, {"model": "base.lessonclasssection", "pk": 220, "fields": {"lesson": "6bfbb0a7-b119-48ea-8f4d-187a465190d5", "class_section": "1329d573-41c3-4c14-b686-3fb3e879a30e", "number_of_students": 0}}, {"model": "base.lessonclasssection", "pk": 221, "fields": {"lesson": "a95b29ed-36bb-4ced-8ce4-8b5388d2aa3c", "class_section": "1329d573-41c3-4c14-b686-3fb3e879a30e", "number_of_students": 0}}, {"model": "base.lessonclasssection", "pk": 222, "fields": {"lesson": "62d47feb-7512-49da-beec-8c0ae32b471c", "class_section": "1329d573-41c3-4c14-b686-3fb3e879a30e", "number_of_students": 0}}, {"model": "base.lessonclasssection", "pk": 223, "fields": {"lesson": "250dd27a-34a3-403a-a38e-648e6f6869be", "class_section": "1329d573-41c3-4c14-b686-3fb3e879a30e", "number_of_students": 0}}, {"model": "base.lessonclasssection", "pk": 224, "fields": {"lesson": "8b0b424a-f12f-437a-83cf-a006b015a513", "class_section": "1329d573-41c3-4c14-b686-3fb3e879a30e", "number_of_students": 0}}, {"model": "base.lessonclasssection", "pk": 225, "fields": {"lesson": "7630c818-b68a-445c-b7c9-a4110884fbf6", "class_section": "1329d573-41c3-4c14-b686-3fb3e879a30e", "number_of_students": 0}}, {"model": "base.lessonclasssection", "pk": 226, "fields": {"lesson": "08c7ddb9-6277-4630-9497-aab54fd578fb", "class_section": "1329d573-41c3-4c14-b686-3fb3e879a30e", "number_of_students": 0}}, {"model": "base.lessonclasssection", "pk": 227, "fields": {"lesson": "c89ed257-7695-4573-9eec-ba3c6a27e313", "class_section": "1329d573-41c3-4c14-b686-3fb3e879a30e", "number_of_students": 0}}, {"model": "base.lessonclasssection", "pk": 228, "fields": {"lesson": "92a7e293-5fcf-41a9-bcb3-1fa990555466", "class_section": "1329d573-41c3-4c14-b686-3fb3e879a30e", "number_of_students": 0}}, {"model": "base.lessonclasssection", "pk": 229, "fields": {"lesson": "df51dabe-e787-4b1e-b1c8-72834dd433a1", "class_section": "279bf914-fcbe-4277-8143-7b4062a75cda", "number_of_students": 0}}, {"model": "base.lessonclasssection", "pk": 230, "fields": {"lesson": "cac8a52c-b4f6-4aa6-8a49-4f9190d8956e", "class_section": "279bf914-fcbe-4277-8143-7b4062a75cda", "number_of_students": 0}}, {"model": "base.lessonclasssection", "pk": 231, "fields": {"lesson": "ea664b77-3755-4453-83dc-37dfe3b5529b", "class_section": "279bf914-fcbe-4277-8143-7b4062a75cda", "number_of_students": 0}}, {"model": "base.lessonclasssection", "pk": 232, "fields": {"lesson": "5021ee9d-14e6-422f-a13b-7a88fc5ddcc3", "class_section": "279bf914-fcbe-4277-8143-7b4062a75cda", "number_of_students": 0}}, {"model": "base.lessonclasssection", "pk": 233, "fields": {"lesson": "d625e52d-e617-4031-a5ae-e7c77b4afbdd", "class_section": "279bf914-fcbe-4277-8143-7b4062a75cda", "number_of_students": 0}}, {"model": "base.lessonclasssection", "pk": 234, "fields": {"lesson": "68e5495e-4505-4f59-a825-6e5527909f2f", "class_section": "279bf914-fcbe-4277-8143-7b4062a75cda", "number_of_students": 0}}, {"model": "base.lessonclasssection", "pk": 235, "fields": {"lesson": "5571be1a-5e56-4b0b-89f1-7df3962f9eee", "class_section": "279bf914-fcbe-4277-8143-7b4062a75cda", "number_of_students": 0}}, {"model": "base.lessonclasssection", "pk": 236, "fields": {"lesson": "72844b75-ed7f-420a-9e03-1db61c713f50", "class_section": "279bf914-fcbe-4277-8143-7b4062a75cda", "number_of_students": 0}}, {"model": "base.lessonclasssection", "pk": 237, "fields": {"lesson": "3d634d68-9b38-4291-8ec3-4044759e3573", "class_section": "279bf914-fcbe-4277-8143-7b4062a75cda", "number_of_students": 0}}, {"model": "base.lessonclasssection", "pk": 238, "fields": {"lesson": "d31a5585-7089-4363-ac54-ca6264884f42", "class_section": "279bf914-fcbe-4277-8143-7b4062a75cda", "number_of_students": 0}}, {"model": "base.lessonclasssection", "pk": 239, "fields": {"lesson": "4278b9f6-c76b-4ecb-b056-775a4bd99a5f", "class_section": "279bf914-fcbe-4277-8143-7b4062a75cda", "number_of_students": 0}}, {"model": "base.lessonclasssection", "pk": 240, "fields": {"lesson": "003550cc-257c-427d-ad49-cd4223339b20", "class_section": "279bf914-fcbe-4277-8143-7b4062a75cda", "number_of_students": 0}}, {"model": "base.lessonclasssection", "pk": 241, "fields": {"lesson": "91d1bf5e-181d-4d23-a2a2-985ae46e8029", "class_section": "279bf914-fcbe-4277-8143-7b4062a75cda", "number_of_students": 0}}, {"model": "base.lessonclasssection", "pk": 242, "fields": {"lesson": "af398584-cb18-4bab-8fe6-38e2f1ca000d", "class_section": "279bf914-fcbe-4277-8143-7b4062a75cda", "number_of_students": 0}}, {"model": "base.lessonclasssection", "pk": 243, "fields": {"lesson": "e0c56b53-c580-4034-b78c-4e07ab516044", "class_section": "279bf914-fcbe-4277-8143-7b4062a75cda", "number_of_students": 0}}, {"model": "base.lessonclasssection", "pk": 244, "fields": {"lesson": "7d5841b2-f819-4d85-8151-fe2791ae04c0", "class_section": "279bf914-fcbe-4277-8143-7b4062a75cda", "number_of_students": 0}}, {"model": "base.lessonclasssection", "pk": 245, "fields": {"lesson": "78673599-8911-4258-9265-2491de68f007", "class_section": "279bf914-fcbe-4277-8143-7b4062a75cda", "number_of_students": 0}}, {"model": "base.lessonclasssection", "pk": 246, "fields": {"lesson": "949238f7-3faa-42a5-b8ae-8aead5ce66c6", "class_section": "279bf914-fcbe-4277-8143-7b4062a75cda", "number_of_students": 0}}, {"model": "base.lessonclasssection", "pk": 247, "fields": {"lesson": "dd781a9c-2207-42c4-a354-7af5297c1e23", "class_section": "39e23ca8-3cdd-4758-b373-de430eb6aab4", "number_of_students": 0}}, {"model": "base.lessonclasssection", "pk": 248, "fields": {"lesson": "5f7845e3-2d5d-4bae-b777-21e91647d343", "class_section": "39e23ca8-3cdd-4758-b373-de430eb6aab4", "number_of_students": 0}}, {"model": "base.lessonclasssection", "pk": 249, "fields": {"lesson": "da7025f0-946e-4205-a6a9-90274f4faf18", "class_section": "39e23ca8-3cdd-4758-b373-de430eb6aab4", "number_of_students": 0}}, {"model": "base.lessonclasssection", "pk": 250, "fields": {"lesson": "95dca4de-466a-42f9-8a64-c8e69bb150e3", "class_section": "39e23ca8-3cdd-4758-b373-de430eb6aab4", "number_of_students": 0}}, {"model": "base.lessonclasssection", "pk": 251, "fields": {"lesson": "d9730452-eaab-4187-9551-1c3c7081c3f9", "class_section": "39e23ca8-3cdd-4758-b373-de430eb6aab4", "number_of_students": 0}}, {"model": "base.lessonclasssection", "pk": 252, "fields": {"lesson": "a4c64121-1eea-4958-b173-a881dccf5e1d", "class_section": "39e23ca8-3cdd-4758-b373-de430eb6aab4", "number_of_students": 0}}, {"model": "base.lessonclasssection", "pk": 253, "fields": {"lesson": "79a8fbad-46bd-4ea3-bdf7-de3fadd1f17e", "class_section": "39e23ca8-3cdd-4758-b373-de430eb6aab4", "number_of_students": 0}}, {"model": "base.lessonclasssection", "pk": 254, "fields": {"lesson": "1d957996-7216-49e5-9a29-c22b97f39749", "class_section": "39e23ca8-3cdd-4758-b373-de430eb6aab4", "number_of_students": 0}}, {"model": "base.lessonclasssection", "pk": 255, "fields": {"lesson": "cdfdd15f-46db-406f-a976-b92f6a18af63", "class_section": "39e23ca8-3cdd-4758-b373-de430eb6aab4", "number_of_students": 0}}, {"model": "base.lessonclasssection", "pk": 256, "fields": {"lesson": "07b7098e-5f04-49fc-9d3b-3a8b2d9b750f", "class_section": "39e23ca8-3cdd-4758-b373-de430eb6aab4", "number_of_students": 0}}, {"model": "base.lessonclasssection", "pk": 257, "fields": {"lesson": "b80f56d8-d4b1-4352-9e2c-8fb201f3e09a", "class_section": "39e23ca8-3cdd-4758-b373-de430eb6aab4", "number_of_students": 0}}, {"model": "base.lessonclasssection", "pk": 258, "fields": {"lesson": "3491d97d-3319-45f0-b372-bb596eefd45d", "class_section": "39e23ca8-3cdd-4758-b373-de430eb6aab4", "number_of_students": 0}}, {"model": "base.lessonclasssection", "pk": 259, "fields": {"lesson": "e2c48bbc-f76e-41ad-88a1-a40bbc463906", "class_section": "39e23ca8-3cdd-4758-b373-de430eb6aab4", "number_of_students": 0}}, {"model": "base.lessonclasssection", "pk": 260, "fields": {"lesson": "84dba12d-effa-4215-ac5b-f81169500dd5", "class_section": "39e23ca8-3cdd-4758-b373-de430eb6aab4", "number_of_students": 0}}, {"model": "base.lessonclasssection", "pk": 261, "fields": {"lesson": "1656cf0a-ea1f-4500-ae35-0413e33007cd", "class_section": "39e23ca8-3cdd-4758-b373-de430eb6aab4", "number_of_students": 0}}, {"model": "base.lessonclasssection", "pk": 262, "fields": {"lesson": "eea0611e-60f6-40c1-9e49-957f8fd2b857", "class_section": "39e23ca8-3cdd-4758-b373-de430eb6aab4", "number_of_students": 0}}, {"model": "base.lessonclasssection", "pk": 263, "fields": {"lesson": "1a9dcfa9-f7bd-480d-be44-4fa2ec5e30db", "class_section": "39e23ca8-3cdd-4758-b373-de430eb6aab4", "number_of_students": 0}}, {"model": "base.lessonclasssection", "pk": 264, "fields": {"lesson": "62233259-ec82-48cf-b300-3ba3f447da86", "class_section": "39e23ca8-3cdd-4758-b373-de430eb6aab4", "number_of_students": 0}}, {"model": "base.lessonclasssection", "pk": 265, "fields": {"lesson": "6988271c-625d-4efa-bcd7-d55dfeaf20ed", "class_section": "60451312-d6f6-4f88-a589-c58311964d50", "number_of_students": 20}}, {"model": "base.lessonclasssection", "pk": 266, "fields": {"lesson": "6988271c-625d-4efa-bcd7-d55dfeaf20ed", "class_section": "9e4099c9-f92d-4291-ada0-eec9ff22bc59", "number_of_students": 20}}, {"model": "base.lessonclasssection", "pk": 267, "fields": {"lesson": "81ff49c7-2088-4e3b-9dbc-048c3863cf89", "class_section": "60451312-d6f6-4f88-a589-c58311964d50", "number_of_students": 20}}, {"model": "base.lessonclasssection", "pk": 268, "fields": {"lesson": "81ff49c7-2088-4e3b-9dbc-048c3863cf89", "class_section": "9e4099c9-f92d-4291-ada0-eec9ff22bc59", "number_of_students": 20}}, {"model": "base.lessonclasssection", "pk": 269, "fields": {"lesson": "cb6301fe-919c-41e5-98c0-8bf4f595b3f7", "class_section": "60451312-d6f6-4f88-a589-c58311964d50", "number_of_students": 20}}, {"model": "base.lessonclasssection", "pk": 270, "fields": {"lesson": "cb6301fe-919c-41e5-98c0-8bf4f595b3f7", "class_section": "9e4099c9-f92d-4291-ada0-eec9ff22bc59", "number_of_students": 20}}, {"model": "base.lessonclasssection", "pk": 271, "fields": {"lesson": "e3443789-0b17-481e-a5b9-c5db72a30711", "class_section": "60451312-d6f6-4f88-a589-c58311964d50", "number_of_students": 20}}, {"model": "base.lessonclasssection", "pk": 272, "fields": {"lesson": "e3443789-0b17-481e-a5b9-c5db72a30711", "class_section": "9e4099c9-f92d-4291-ada0-eec9ff22bc59", "number_of_students": 20}}, {"model": "base.lessonclasssection", "pk": 273, "fields": {"lesson": "cef3a928-33f8-427c-8beb-0f838edde7e0", "class_section": "a985eb88-35e0-489b-a778-6d7badc9c7ff", "number_of_students": 20}}, {"model": "base.lessonclasssection", "pk": 274, "fields": {"lesson": "cef3a928-33f8-427c-8beb-0f838edde7e0", "class_section": "316a7819-4cb8-42c0-97b3-b39a75ee6d8d", "number_of_students": 20}}, {"model": "base.lessonclasssection", "pk": 275, "fields": {"lesson": "0e70b88c-2114-4502-9261-f39e07da0ca6", "class_section": "a985eb88-35e0-489b-a778-6d7badc9c7ff", "number_of_students": 20}}, {"model": "base.lessonclasssection", "pk": 276, "fields": {"lesson": "0e70b88c-2114-4502-9261-f39e07da0ca6", "class_section": "316a7819-4cb8-42c0-97b3-b39a75ee6d8d", "number_of_students": 20}}, {"model": "base.lessonclasssection", "pk": 277, "fields": {"lesson": "c6bc363f-c897-468c-a16e-0fe595fc8b9d", "class_section": "a985eb88-35e0-489b-a778-6d7badc9c7ff", "number_of_students": 20}}, {"model": "base.lessonclasssection", "pk": 278, "fields": {"lesson": "c6bc363f-c897-468c-a16e-0fe595fc8b9d", "class_section": "316a7819-4cb8-42c0-97b3-b39a75ee6d8d", "number_of_students": 20}}, {"model": "base.lessonclasssection", "pk": 279, "fields": {"lesson": "1e33b6f2-bc10-499d-9238-0c3409dab4f7", "class_section": "a985eb88-35e0-489b-a778-6d7badc9c7ff", "number_of_students": 20}}, {"model": "base.lessonclasssection", "pk": 280, "fields": {"lesson": "1e33b6f2-bc10-499d-9238-0c3409dab4f7", "class_section": "316a7819-4cb8-42c0-97b3-b39a75ee6d8d", "number_of_students": 20}}, {"model": "base.lessonclasssection", "pk": 281, "fields": {"lesson": "9ce41ab0-41f2-4398-9c30-36d06d25e677", "class_section": "b70423de-75bc-4b3b-a247-6c700a27f7aa", "number_of_students": 20}}, {"model": "base.lessonclasssection", "pk": 282, "fields": {"lesson": "21c550a1-3f24-4e67-810b-fa489ef64932", "class_section": "b70423de-75bc-4b3b-a247-6c700a27f7aa", "number_of_students": 20}}, {"model": "base.lessonclasssection", "pk": 283, "fields": {"lesson": "f0029a59-a973-41c2-ab1f-779dd7b7c7e3", "class_section": "b70423de-75bc-4b3b-a247-6c700a27f7aa", "number_of_students": 20}}, {"model": "base.lessonclasssection", "pk": 284, "fields": {"lesson": "75208a1b-69eb-411a-bcbe-84801a8032bf", "class_section": "b70423de-75bc-4b3b-a247-6c700a27f7aa", "number_of_students": 20}}, {"model": "base.lessonclasssection", "pk": 285, "fields": {"lesson": "bdd55bb4-da44-4584-b6dc-a356a63149ca", "class_section": "a8cb1e99-0174-4c68-b09c-ca2992896474", "number_of_students": 20}}, {"model": "base.lessonclasssection", "pk": 286, "fields": {"lesson": "abccf315-4bf3-400d-adfa-4e0ca65f4f5b", "class_section": "a8cb1e99-0174-4c68-b09c-ca2992896474", "number_of_students": 20}}, {"model": "base.lessonclasssection", "pk": 287, "fields": {"lesson": "0f403207-d43d-4b9d-a332-99cb294eb779", "class_section": "a8cb1e99-0174-4c68-b09c-ca2992896474", "number_of_students": 20}}, {"model": "base.lessonclasssection", "pk": 288, "fields": {"lesson": "c3811313-eeaf-4956-bd66-144bd18e1c80", "class_section": "a8cb1e99-0174-4c68-b09c-ca2992896474", "number_of_students": 20}}, {"model": "base.lessonclasssection", "pk": 289, "fields": {"lesson": "6f4dcdee-22f6-419d-b4b3-f66615cfd3dd", "class_section": "60451312-d6f6-4f88-a589-c58311964d50", "number_of_students": 0}}, {"model": "base.lessonclasssection", "pk": 290, "fields": {"lesson": "669ad0aa-ef2c-471b-b255-a547eac03704", "class_section": "60451312-d6f6-4f88-a589-c58311964d50", "number_of_students": 0}}, {"model": "base.lessonclasssection", "pk": 291, "fields": {"lesson": "0dc80f1d-d82b-4ecc-998e-c40a78ff6da0", "class_section": "60451312-d6f6-4f88-a589-c58311964d50", "number_of_students": 0}}, {"model": "base.lessonclasssection", "pk": 292, "fields": {"lesson": "af9ef8fd-860c-4ca5-bbf5-60592b492cb2", "class_section": "60451312-d6f6-4f88-a589-c58311964d50", "number_of_students": 0}}, {"model": "base.lessonclasssection", "pk": 293, "fields": {"lesson": "ae582961-2470-4952-a06e-e08365b49969", "class_section": "60451312-d6f6-4f88-a589-c58311964d50", "number_of_students": 0}}, {"model": "base.lessonclasssection", "pk": 294, "fields": {"lesson": "8c6b9d86-1f93-4fcf-8e07-a80ab9b0799b", "class_section": "60451312-d6f6-4f88-a589-c58311964d50", "number_of_students": 0}}, {"model": "base.lessonclasssection", "pk": 295, "fields": {"lesson": "4c4bbf6f-3782-4ebf-8381-a3da94120b8b", "class_section": "60451312-d6f6-4f88-a589-c58311964d50", "number_of_students": 0}}, {"model": "base.lessonclasssection", "pk": 296, "fields": {"lesson": "28beddc4-fdc2-4870-a388-2f78d5ffe19c", "class_section": "60451312-d6f6-4f88-a589-c58311964d50", "number_of_students": 0}}, {"model": "base.lessonclasssection", "pk": 297, "fields": {"lesson": "68a982f3-ff28-4b99-82c5-6b5aac5d904f", "class_section": "60451312-d6f6-4f88-a589-c58311964d50", "number_of_students": 0}}, {"model": "base.lessonclasssection", "pk": 298, "fields": {"lesson": "e1c64e85-33d4-4be0-9a06-1b939d76ed0c", "class_section": "60451312-d6f6-4f88-a589-c58311964d50", "number_of_students": 0}}, {"model": "base.lessonclasssection", "pk": 299, "fields": {"lesson": "c044cc43-3205-49ec-9422-1ba7b7fc0309", "class_section": "60451312-d6f6-4f88-a589-c58311964d50", "number_of_students": 0}}, {"model": "base.lessonclasssection", "pk": 300, "fields": {"lesson": "334e3456-6f76-4a38-816f-a5713dd14bb1", "class_section": "60451312-d6f6-4f88-a589-c58311964d50", "number_of_students": 0}}, {"model": "base.lessonclasssection", "pk": 301, "fields": {"lesson": "aa9550ec-1e90-4fc9-a60b-ca94dfbd3d0d", "class_section": "60451312-d6f6-4f88-a589-c58311964d50", "number_of_students": 0}}, {"model": "base.lessonclasssection", "pk": 302, "fields": {"lesson": "9a594a61-a163-4c89-ac4c-73ce565381e4", "class_section": "60451312-d6f6-4f88-a589-c58311964d50", "number_of_students": 0}}, {"model": "base.lessonclasssection", "pk": 303, "fields": {"lesson": "b6f8bbf3-966e-425d-9b32-268a43d2557e", "class_section": "60451312-d6f6-4f88-a589-c58311964d50", "number_of_students": 0}}, {"model": "base.lessonclasssection", "pk": 304, "fields": {"lesson": "7f81dbbb-0ba6-41ff-b26d-76fba340e42c", "class_section": "60451312-d6f6-4f88-a589-c58311964d50", "number_of_students": 0}}, {"model": "base.lessonclasssection", "pk": 305, "fields": {"lesson": "b66e891b-8d03-4450-9aea-b30a69807b3e", "class_section": "60451312-d6f6-4f88-a589-c58311964d50", "number_of_students": 0}}, {"model": "base.lessonclasssection", "pk": 306, "fields": {"lesson": "39ef338f-8d52-4473-8982-863427f4484e", "class_section": "60451312-d6f6-4f88-a589-c58311964d50", "number_of_students": 0}}, {"model": "base.lessonclasssection", "pk": 307, "fields": {"lesson": "1517af29-5ed3-43ef-af83-71e1cefa41a5", "class_section": "9e4099c9-f92d-4291-ada0-eec9ff22bc59", "number_of_students": 0}}, {"model": "base.lessonclasssection", "pk": 308, "fields": {"lesson": "b4814a8e-6a96-45f8-9bf9-cec171baeda6", "class_section": "9e4099c9-f92d-4291-ada0-eec9ff22bc59", "number_of_students": 0}}, {"model": "base.lessonclasssection", "pk": 309, "fields": {"lesson": "efb14d76-5a44-4868-a882-78a98539a82c", "class_section": "9e4099c9-f92d-4291-ada0-eec9ff22bc59", "number_of_students": 0}}, {"model": "base.lessonclasssection", "pk": 310, "fields": {"lesson": "db1ab29a-8f4a-4d6a-87f9-e727b8f0d2f1", "class_section": "9e4099c9-f92d-4291-ada0-eec9ff22bc59", "number_of_students": 0}}, {"model": "base.lessonclasssection", "pk": 311, "fields": {"lesson": "c5fc3a43-a58c-4229-b551-5cf10a6a839b", "class_section": "9e4099c9-f92d-4291-ada0-eec9ff22bc59", "number_of_students": 0}}, {"model": "base.lessonclasssection", "pk": 312, "fields": {"lesson": "257d3cd8-dd53-4400-a084-d8d9257a3819", "class_section": "9e4099c9-f92d-4291-ada0-eec9ff22bc59", "number_of_students": 0}}, {"model": "base.lessonclasssection", "pk": 313, "fields": {"lesson": "5e9bac5c-c47e-40b2-94a2-87b75217dbbf", "class_section": "9e4099c9-f92d-4291-ada0-eec9ff22bc59", "number_of_students": 0}}, {"model": "base.lessonclasssection", "pk": 314, "fields": {"lesson": "bbbc74a2-d54a-442e-81cb-a5d5efd09a14", "class_section": "9e4099c9-f92d-4291-ada0-eec9ff22bc59", "number_of_students": 0}}, {"model": "base.lessonclasssection", "pk": 315, "fields": {"lesson": "d673ada1-52bb-4414-be77-0f80199073f7", "class_section": "9e4099c9-f92d-4291-ada0-eec9ff22bc59", "number_of_students": 0}}, {"model": "base.lessonclasssection", "pk": 316, "fields": {"lesson": "678ab90e-7163-4e1c-8aae-d6700fe0689a", "class_section": "9e4099c9-f92d-4291-ada0-eec9ff22bc59", "number_of_students": 0}}, {"model": "base.lessonclasssection", "pk": 317, "fields": {"lesson": "6b8f99e7-0789-4700-86e2-067021971cf8", "class_section": "9e4099c9-f92d-4291-ada0-eec9ff22bc59", "number_of_students": 0}}, {"model": "base.lessonclasssection", "pk": 318, "fields": {"lesson": "aece6fff-2341-431b-a6fd-1febebae9baf", "class_section": "9e4099c9-f92d-4291-ada0-eec9ff22bc59", "number_of_students": 0}}, {"model": "base.lessonclasssection", "pk": 319, "fields": {"lesson": "ab2c63b0-7cbe-4d44-93e0-517601a2a3c5", "class_section": "9e4099c9-f92d-4291-ada0-eec9ff22bc59", "number_of_students": 0}}, {"model": "base.lessonclasssection", "pk": 320, "fields": {"lesson": "b1ef978e-74d5-4d1d-a147-a114923ce3b4", "class_section": "9e4099c9-f92d-4291-ada0-eec9ff22bc59", "number_of_students": 0}}, {"model": "base.lessonclasssection", "pk": 321, "fields": {"lesson": "69c48b8f-15ac-4c9d-b802-8cf9f97c0ccc", "class_section": "9e4099c9-f92d-4291-ada0-eec9ff22bc59", "number_of_students": 0}}, {"model": "base.lessonclasssection", "pk": 322, "fields": {"lesson": "6c88bcdd-2ae1-4cc5-9e4a-771457dba923", "class_section": "9e4099c9-f92d-4291-ada0-eec9ff22bc59", "number_of_students": 0}}, {"model": "base.lessonclasssection", "pk": 323, "fields": {"lesson": "e18966c6-93a8-40fc-8938-4753c0620a07", "class_section": "9e4099c9-f92d-4291-ada0-eec9ff22bc59", "number_of_students": 0}}, {"model": "base.lessonclasssection", "pk": 324, "fields": {"lesson": "34ce7209-8f5d-44da-9d7b-cce7f62fbd1f", "class_section": "9e4099c9-f92d-4291-ada0-eec9ff22bc59", "number_of_students": 0}}, {"model": "base.lessonclasssection", "pk": 325, "fields": {"lesson": "70bd774a-02d4-44b8-8a18-16c96f5dfeb8", "class_section": "b70423de-75bc-4b3b-a247-6c700a27f7aa", "number_of_students": 0}}, {"model": "base.lessonclasssection", "pk": 326, "fields": {"lesson": "d99f9d25-5328-40ca-a477-9ccc7f89d14b", "class_section": "b70423de-75bc-4b3b-a247-6c700a27f7aa", "number_of_students": 0}}, {"model": "base.lessonclasssection", "pk": 327, "fields": {"lesson": "ab7db2a4-5116-4471-b312-f79780e09566", "class_section": "b70423de-75bc-4b3b-a247-6c700a27f7aa", "number_of_students": 0}}, {"model": "base.lessonclasssection", "pk": 328, "fields": {"lesson": "66eab820-8bc2-4e23-bb26-4a9f232f0070", "class_section": "b70423de-75bc-4b3b-a247-6c700a27f7aa", "number_of_students": 0}}, {"model": "base.lessonclasssection", "pk": 329, "fields": {"lesson": "b44f6394-59ef-495a-9912-fa86afc0f0bc", "class_section": "b70423de-75bc-4b3b-a247-6c700a27f7aa", "number_of_students": 0}}, {"model": "base.lessonclasssection", "pk": 330, "fields": {"lesson": "8e360ebe-2843-47ef-9ba5-3f04b023e186", "class_section": "b70423de-75bc-4b3b-a247-6c700a27f7aa", "number_of_students": 0}}, {"model": "base.lessonclasssection", "pk": 331, "fields": {"lesson": "54d6fbfe-a8a7-4e8e-815c-bb18d65c4c96", "class_section": "b70423de-75bc-4b3b-a247-6c700a27f7aa", "number_of_students": 0}}, {"model": "base.lessonclasssection", "pk": 332, "fields": {"lesson": "98e4f81a-563a-4f0d-b9b3-57cc0ee36cbe", "class_section": "b70423de-75bc-4b3b-a247-6c700a27f7aa", "number_of_students": 0}}, {"model": "base.lessonclasssection", "pk": 333, "fields": {"lesson": "75bbdfec-4a85-4d98-b8a7-c6e4bb3bd22f", "class_section": "b70423de-75bc-4b3b-a247-6c700a27f7aa", "number_of_students": 0}}, {"model": "base.lessonclasssection", "pk": 334, "fields": {"lesson": "c69aace1-6818-4b55-96d5-47c2ecc6c5c8", "class_section": "b70423de-75bc-4b3b-a247-6c700a27f7aa", "number_of_students": 0}}, {"model": "base.lessonclasssection", "pk": 335, "fields": {"lesson": "9532c061-415f-49b6-acb7-27777b68a017", "class_section": "b70423de-75bc-4b3b-a247-6c700a27f7aa", "number_of_students": 0}}, {"model": "base.lessonclasssection", "pk": 336, "fields": {"lesson": "f5f0da0b-615a-4a79-be4b-601f5e5b4218", "class_section": "b70423de-75bc-4b3b-a247-6c700a27f7aa", "number_of_students": 0}}, {"model": "base.lessonclasssection", "pk": 337, "fields": {"lesson": "980b06b5-b3e7-44ba-88a0-bd90ca715107", "class_section": "b70423de-75bc-4b3b-a247-6c700a27f7aa", "number_of_students": 0}}, {"model": "base.lessonclasssection", "pk": 338, "fields": {"lesson": "c1520451-1287-46ed-a65f-1d9f0182f4e6", "class_section": "b70423de-75bc-4b3b-a247-6c700a27f7aa", "number_of_students": 0}}, {"model": "base.lessonclasssection", "pk": 339, "fields": {"lesson": "ade84700-0a57-470d-8cef-55237f9af4d3", "class_section": "b70423de-75bc-4b3b-a247-6c700a27f7aa", "number_of_students": 0}}, {"model": "base.lessonclasssection", "pk": 340, "fields": {"lesson": "f89592cd-71ec-462e-8786-3469e4147096", "class_section": "b70423de-75bc-4b3b-a247-6c700a27f7aa", "number_of_students": 0}}, {"model": "base.lessonclasssection", "pk": 341, "fields": {"lesson": "524a277a-2364-4b87-a005-9685b728da19", "class_section": "b70423de-75bc-4b3b-a247-6c700a27f7aa", "number_of_students": 0}}, {"model": "base.lessonclasssection", "pk": 342, "fields": {"lesson": "9560fb5c-e57a-40de-b5a1-6c06fe86aa5e", "class_section": "b70423de-75bc-4b3b-a247-6c700a27f7aa", "number_of_students": 0}}, {"model": "base.lessonclasssection", "pk": 343, "fields": {"lesson": "ab042056-bf8e-4614-b043-13eb0c6fe947", "class_section": "a8cb1e99-0174-4c68-b09c-ca2992896474", "number_of_students": 0}}, {"model": "base.lessonclasssection", "pk": 344, "fields": {"lesson": "e06dc0fb-9c74-45b6-9cd8-99d8c0bb8cfa", "class_section": "a8cb1e99-0174-4c68-b09c-ca2992896474", "number_of_students": 0}}, {"model": "base.lessonclasssection", "pk": 345, "fields": {"lesson": "27e35737-6f21-4438-95f5-4065dd75dc85", "class_section": "a8cb1e99-0174-4c68-b09c-ca2992896474", "number_of_students": 0}}, {"model": "base.lessonclasssection", "pk": 346, "fields": {"lesson": "1543c267-4549-48a5-9ba6-e51cd198d41e", "class_section": "a8cb1e99-0174-4c68-b09c-ca2992896474", "number_of_students": 0}}, {"model": "base.lessonclasssection", "pk": 347, "fields": {"lesson": "dc0849de-da7a-4065-933a-ce98b6fabfb5", "class_section": "a8cb1e99-0174-4c68-b09c-ca2992896474", "number_of_students": 0}}, {"model": "base.lessonclasssection", "pk": 348, "fields": {"lesson": "d87fe750-2100-4b82-b179-fa77532917d6", "class_section": "a8cb1e99-0174-4c68-b09c-ca2992896474", "number_of_students": 0}}, {"model": "base.lessonclasssection", "pk": 349, "fields": {"lesson": "9d3af5d8-5f0f-4f78-ac6f-6e2caf4c8093", "class_section": "a8cb1e99-0174-4c68-b09c-ca2992896474", "number_of_students": 0}}, {"model": "base.lessonclasssection", "pk": 350, "fields": {"lesson": "ef20eb15-305d-4eca-a15c-36ebeb95e38c", "class_section": "a8cb1e99-0174-4c68-b09c-ca2992896474", "number_of_students": 0}}, {"model": "base.lessonclasssection", "pk": 351, "fields": {"lesson": "3cd7a461-fc67-4d22-8014-ed98e5aacba3", "class_section": "a8cb1e99-0174-4c68-b09c-ca2992896474", "number_of_students": 0}}, {"model": "base.lessonclasssection", "pk": 352, "fields": {"lesson": "6b98719e-691d-45fc-88fb-cb8bd96c481a", "class_section": "a8cb1e99-0174-4c68-b09c-ca2992896474", "number_of_students": 0}}, {"model": "base.lessonclasssection", "pk": 353, "fields": {"lesson": "1d19d444-22cf-4171-ad01-09239005f34d", "class_section": "a8cb1e99-0174-4c68-b09c-ca2992896474", "number_of_students": 0}}, {"model": "base.lessonclasssection", "pk": 354, "fields": {"lesson": "4c37c600-7b6e-42cc-90fe-e648324eb3a0", "class_section": "a8cb1e99-0174-4c68-b09c-ca2992896474", "number_of_students": 0}}, {"model": "base.lessonclasssection", "pk": 355, "fields": {"lesson": "4a21b173-46a9-4569-95d6-ea591320ae19", "class_section": "a8cb1e99-0174-4c68-b09c-ca2992896474", "number_of_students": 0}}, {"model": "base.lessonclasssection", "pk": 356, "fields": {"lesson": "aad0ed81-75a6-4727-a36c-4c79e139869e", "class_section": "a8cb1e99-0174-4c68-b09c-ca2992896474", "number_of_students": 0}}, {"model": "base.lessonclasssection", "pk": 357, "fields": {"lesson": "9ce17707-90bc-4758-82d8-902367958091", "class_section": "a8cb1e99-0174-4c68-b09c-ca2992896474", "number_of_students": 0}}, {"model": "base.lessonclasssection", "pk": 358, "fields": {"lesson": "de706a07-1d98-4cc5-af14-48bf6c325428", "class_section": "a8cb1e99-0174-4c68-b09c-ca2992896474", "number_of_students": 0}}, {"model": "base.lessonclasssection", "pk": 359, "fields": {"lesson": "7187553b-c176-44dc-9320-38a2b555a53b", "class_section": "a8cb1e99-0174-4c68-b09c-ca2992896474", "number_of_students": 0}}, {"model": "base.lessonclasssection", "pk": 360, "fields": {"lesson": "48e04b66-3010-42a8-8976-d88eba2894a7", "class_section": "a8cb1e99-0174-4c68-b09c-ca2992896474", "number_of_students": 0}}, {"model": "base.lessonclasssection", "pk": 361, "fields": {"lesson": "dc5bb999-67d1-4dcc-b30e-ba505c2bb907", "class_section": "a985eb88-35e0-489b-a778-6d7badc9c7ff", "number_of_students": 0}}, {"model": "base.lessonclasssection", "pk": 362, "fields": {"lesson": "869dcbab-e716-4fd1-9e03-115ae0500050", "class_section": "a985eb88-35e0-489b-a778-6d7badc9c7ff", "number_of_students": 0}}, {"model": "base.lessonclasssection", "pk": 363, "fields": {"lesson": "b44d0002-8f9e-4d7a-9391-1a954f463236", "class_section": "a985eb88-35e0-489b-a778-6d7badc9c7ff", "number_of_students": 0}}, {"model": "base.lessonclasssection", "pk": 364, "fields": {"lesson": "45c00fa1-bf25-4713-972f-37279d601117", "class_section": "a985eb88-35e0-489b-a778-6d7badc9c7ff", "number_of_students": 0}}, {"model": "base.lessonclasssection", "pk": 365, "fields": {"lesson": "0d3ba50c-7fe5-42fb-a8d2-a22217c7952c", "class_section": "a985eb88-35e0-489b-a778-6d7badc9c7ff", "number_of_students": 0}}, {"model": "base.lessonclasssection", "pk": 366, "fields": {"lesson": "4b772f43-3ddf-4d15-8b0e-acebf0150383", "class_section": "a985eb88-35e0-489b-a778-6d7badc9c7ff", "number_of_students": 0}}, {"model": "base.lessonclasssection", "pk": 367, "fields": {"lesson": "badff4b9-b000-4d7d-aa0d-2663b4d5e645", "class_section": "a985eb88-35e0-489b-a778-6d7badc9c7ff", "number_of_students": 0}}, {"model": "base.lessonclasssection", "pk": 368, "fields": {"lesson": "54ca9a22-88b0-4af8-a6ca-248ed0a5a776", "class_section": "a985eb88-35e0-489b-a778-6d7badc9c7ff", "number_of_students": 0}}, {"model": "base.lessonclasssection", "pk": 369, "fields": {"lesson": "91d40795-2899-4051-9d7c-8ef63431bdc5", "class_section": "a985eb88-35e0-489b-a778-6d7badc9c7ff", "number_of_students": 0}}, {"model": "base.lessonclasssection", "pk": 370, "fields": {"lesson": "f61d0c09-e40f-411c-b31b-25d0868c0a99", "class_section": "a985eb88-35e0-489b-a778-6d7badc9c7ff", "number_of_students": 0}}, {"model": "base.lessonclasssection", "pk": 371, "fields": {"lesson": "5e6a5803-9db0-44df-806c-5389dd209461", "class_section": "a985eb88-35e0-489b-a778-6d7badc9c7ff", "number_of_students": 0}}, {"model": "base.lessonclasssection", "pk": 372, "fields": {"lesson": "1348a069-25c1-430a-b263-9416297635d5", "class_section": "a985eb88-35e0-489b-a778-6d7badc9c7ff", "number_of_students": 0}}, {"model": "base.lessonclasssection", "pk": 373, "fields": {"lesson": "cce69b3b-f8e3-4e35-94e3-1fd9961610a7", "class_section": "a985eb88-35e0-489b-a778-6d7badc9c7ff", "number_of_students": 0}}, {"model": "base.lessonclasssection", "pk": 374, "fields": {"lesson": "825693bf-fcdc-48fb-826d-a295399a8411", "class_section": "a985eb88-35e0-489b-a778-6d7badc9c7ff", "number_of_students": 0}}, {"model": "base.lessonclasssection", "pk": 375, "fields": {"lesson": "f132a521-1851-4e80-b19b-2f83f99c6873", "class_section": "a985eb88-35e0-489b-a778-6d7badc9c7ff", "number_of_students": 0}}, {"model": "base.lessonclasssection", "pk": 376, "fields": {"lesson": "1e11c69f-c6d4-432b-9877-4e3b66578456", "class_section": "a985eb88-35e0-489b-a778-6d7badc9c7ff", "number_of_students": 0}}, {"model": "base.lessonclasssection", "pk": 377, "fields": {"lesson": "345e9504-3e01-45ac-9e4d-7f2097273220", "class_section": "a985eb88-35e0-489b-a778-6d7badc9c7ff", "number_of_students": 0}}, {"model": "base.lessonclasssection", "pk": 378, "fields": {"lesson": "bf7a20c7-9dd4-4097-b606-b433ceb44fd8", "class_section": "a985eb88-35e0-489b-a778-6d7badc9c7ff", "number_of_students": 0}}, {"model": "base.lessonclasssection", "pk": 379, "fields": {"lesson": "4bedd29c-4686-4311-a203-c6cf45e66776", "class_section": "316a7819-4cb8-42c0-97b3-b39a75ee6d8d", "number_of_students": 0}}, {"model": "base.lessonclasssection", "pk": 380, "fields": {"lesson": "739bc4a3-f0b2-4225-b747-ea96847d1a0f", "class_section": "316a7819-4cb8-42c0-97b3-b39a75ee6d8d", "number_of_students": 0}}, {"model": "base.lessonclasssection", "pk": 381, "fields": {"lesson": "df3a1c0c-359a-4edd-8d42-0f1397e1cb68", "class_section": "316a7819-4cb8-42c0-97b3-b39a75ee6d8d", "number_of_students": 0}}, {"model": "base.lessonclasssection", "pk": 382, "fields": {"lesson": "9bd1b2e7-413e-4349-b1d5-5bb61543fbca", "class_section": "316a7819-4cb8-42c0-97b3-b39a75ee6d8d", "number_of_students": 0}}, {"model": "base.lessonclasssection", "pk": 383, "fields": {"lesson": "b19ca479-a28c-40b5-80de-91eb71f0851e", "class_section": "316a7819-4cb8-42c0-97b3-b39a75ee6d8d", "number_of_students": 0}}, {"model": "base.lessonclasssection", "pk": 384, "fields": {"lesson": "1fff3231-bab1-4e0e-a2b4-4277ec773aed", "class_section": "316a7819-4cb8-42c0-97b3-b39a75ee6d8d", "number_of_students": 0}}, {"model": "base.lessonclasssection", "pk": 385, "fields": {"lesson": "d8104282-f3b2-46fa-ae07-e3333c2a961b", "class_section": "316a7819-4cb8-42c0-97b3-b39a75ee6d8d", "number_of_students": 0}}, {"model": "base.lessonclasssection", "pk": 386, "fields": {"lesson": "89d75aaa-8244-4ab9-8e21-47eca365c42a", "class_section": "316a7819-4cb8-42c0-97b3-b39a75ee6d8d", "number_of_students": 0}}, {"model": "base.lessonclasssection", "pk": 387, "fields": {"lesson": "e618790b-d803-4a62-8c33-2e217aafebd5", "class_section": "316a7819-4cb8-42c0-97b3-b39a75ee6d8d", "number_of_students": 0}}, {"model": "base.lessonclasssection", "pk": 388, "fields": {"lesson": "83244d17-7f8d-4408-8e2a-62d528d78481", "class_section": "316a7819-4cb8-42c0-97b3-b39a75ee6d8d", "number_of_students": 0}}, {"model": "base.lessonclasssection", "pk": 389, "fields": {"lesson": "2d330b05-c8c6-4808-bfad-3888bee56146", "class_section": "316a7819-4cb8-42c0-97b3-b39a75ee6d8d", "number_of_students": 0}}, {"model": "base.lessonclasssection", "pk": 390, "fields": {"lesson": "e5e88b39-49e5-448d-a14c-4e8fc72eafcd", "class_section": "316a7819-4cb8-42c0-97b3-b39a75ee6d8d", "number_of_students": 0}}, {"model": "base.lessonclasssection", "pk": 391, "fields": {"lesson": "468dba88-12cf-4685-bf26-7353539aa9b5", "class_section": "316a7819-4cb8-42c0-97b3-b39a75ee6d8d", "number_of_students": 0}}, {"model": "base.lessonclasssection", "pk": 392, "fields": {"lesson": "caec70fc-b1b0-4223-8c6f-50e76ee05501", "class_section": "316a7819-4cb8-42c0-97b3-b39a75ee6d8d", "number_of_students": 0}}, {"model": "base.lessonclasssection", "pk": 393, "fields": {"lesson": "b2dc94ca-c314-48e8-bb94-d04891341ce5", "class_section": "316a7819-4cb8-42c0-97b3-b39a75ee6d8d", "number_of_students": 0}}, {"model": "base.lessonclasssection", "pk": 394, "fields": {"lesson": "6d809c36-3093-4f1b-bd5d-46712cf54e9b", "class_section": "316a7819-4cb8-42c0-97b3-b39a75ee6d8d", "number_of_students": 0}}, {"model": "base.lessonclasssection", "pk": 395, "fields": {"lesson": "8f8d3ffd-d68f-4fad-a53e-e55ed02a2bd7", "class_section": "316a7819-4cb8-42c0-97b3-b39a75ee6d8d", "number_of_students": 0}}, {"model": "base.lessonclasssection", "pk": 396, "fields": {"lesson": "628ef4aa-87c7-4b0b-8460-8ae2521dd905", "class_section": "316a7819-4cb8-42c0-97b3-b39a75ee6d8d", "number_of_students": 0}}, {"model": "token_blacklist.outstandingtoken", "pk": 1, "fields": {"user": "bcacb03c-3116-4219-bccb-416d1d71aec0", "jti": "9f361fcb204a4d878b1057aee2fbd568", "token": "eyJhbGciOiJIUzI1NiIsInR5cCI6IkpXVCJ9.eyJ0b2tlbl90eXBlIjoicmVmcmVzaCIsImV4cCI6MTcyOTI2NTg0MywiaWF0IjoxNzI3OTY5ODQzLCJqdGkiOiI5ZjM2MWZjYjIwNGE0ZDg3OGIxMDU3YWVlMmZiZDU2OCIsInVzZXJfaWQiOiJiY2FjYjAzYy0zMTE2LTQyMTktYmNjYi00MTZkMWQ3MWFlYzAifQ.NDybZeFEMjINBp_B3yBkUs12k8eQuZrTb3kszuUh6l8", "created_at": "2024-10-03T15:37:23.011Z", "expires_at": "2024-10-18T15:37:23Z"}}, {"model": "token_blacklist.outstandingtoken", "pk": 2, "fields": {"user": null, "jti": "56c357bab8d249a7bc0c23607066ee74", "token": "eyJhbGciOiJIUzI1NiIsInR5cCI6IkpXVCJ9.eyJ0b2tlbl90eXBlIjoicmVmcmVzaCIsImV4cCI6MTcyOTI2NTg0MywiaWF0IjoxNzI3OTY5ODQzLCJqdGkiOiI1NmMzNTdiYWI4ZDI0OWE3YmMwYzIzNjA3MDY2ZWU3NCIsInVzZXJfaWQiOiJiY2FjYjAzYy0zMTE2LTQyMTktYmNjYi00MTZkMWQ3MWFlYzAiLCJzY2hvb2xfbmFtZSI6IlNwcmluZ2ZpZWxkIEludGVybmF0aW9uYWwgU2Nob29sIiwid29ya2luZ19kYXlzIjpbXSwidGVhY2hpbmdfc2xvdHMiOjAsInNjaG9vbF9pZCI6IlNDMDAwMSIsImlzX3JlYWR5X2Zvcl90aW1ldGFibGUiOmZhbHNlLCJwcm9maWxlX2ltYWdlIjpudWxsfQ.kZkuP-uP1G7MJ6ILPNxdQVWML-W5g_fvBp7ee7J5EYM", "created_at": null, "expires_at": "2024-10-18T15:37:23Z"}}, {"model": "token_blacklist.outstandingtoken", "pk": 3, "fields": {"user": "bcacb03c-3116-4219-bccb-416d1d71aec0", "jti": "a0e667d061d04ebeb66cfe3f38b604da", "token": "eyJhbGciOiJIUzI1NiIsInR5cCI6IkpXVCJ9.eyJ0b2tlbl90eXBlIjoicmVmcmVzaCIsImV4cCI6MTcyOTI2NjAyMCwiaWF0IjoxNzI3OTcwMDIwLCJqdGkiOiJhMGU2NjdkMDYxZDA0ZWJlYjY2Y2ZlM2YzOGI2MDRkYSIsInVzZXJfaWQiOiJiY2FjYjAzYy0zMTE2LTQyMTktYmNjYi00MTZkMWQ3MWFlYzAifQ.SwL35hjY1UGoxwmB0fs6U_YpJ_RiyjmPhAujLwG4NIY", "created_at": "2024-10-03T15:40:20.512Z", "expires_at": "2024-10-18T15:40:20Z"}}, {"model": "token_blacklist.outstandingtoken", "pk": 4, "fields": {"user": null, "jti": "90a6fad2206b4e7d8af7e5f7d6bd7f70", "token": "eyJhbGciOiJIUzI1NiIsInR5cCI6IkpXVCJ9.eyJ0b2tlbl90eXBlIjoicmVmcmVzaCIsImV4cCI6MTcyOTI2NjAyMCwiaWF0IjoxNzI3OTcwMDIwLCJqdGkiOiI5MGE2ZmFkMjIwNmI0ZTdkOGFmN2U1ZjdkNmJkN2Y3MCIsInVzZXJfaWQiOiJiY2FjYjAzYy0zMTE2LTQyMTktYmNjYi00MTZkMWQ3MWFlYzAiLCJzY2hvb2xfbmFtZSI6IlNwcmluZ2ZpZWxkIEludGVybmF0aW9uYWwgU2Nob29sIiwid29ya2luZ19kYXlzIjpbXSwidGVhY2hpbmdfc2xvdHMiOjAsInNjaG9vbF9pZCI6IlNDMDAwMSIsImlzX3JlYWR5X2Zvcl90aW1ldGFibGUiOmZhbHNlLCJwcm9maWxlX2ltYWdlIjpudWxsfQ.Up8ueWrjtgP8UMQ83HqY9P9gZPa4MnXfRfT9DztaovM", "created_at": null, "expires_at": "2024-10-18T15:40:20Z"}}, {"model": "token_blacklist.outstandingtoken", "pk": 6, "fields": {"user": null, "jti": "a023835495214b3fb66aa779b7a0ab6a", "token": "eyJhbGciOiJIUzI1NiIsInR5cCI6IkpXVCJ9.eyJ0b2tlbl90eXBlIjoicmVmcmVzaCIsImV4cCI6MTcyOTI2NjIxNiwiaWF0IjoxNzI3OTcwMjE2LCJqdGkiOiJhMDIzODM1NDk1MjE0YjNmYjY2YWE3NzliN2EwYWI2YSIsInVzZXJfaWQiOiJiY2FjYjAzYy0zMTE2LTQyMTktYmNjYi00MTZkMWQ3MWFlYzAiLCJzY2hvb2xfbmFtZSI6IlNwcmluZ2ZpZWxkIEludGVybmF0aW9uYWwgU2Nob29sIiwid29ya2luZ19kYXlzIjpbXSwidGVhY2hpbmdfc2xvdHMiOjAsInNjaG9vbF9pZCI6IlNDMDAwMSIsImlzX3JlYWR5X2Zvcl90aW1ldGFibGUiOmZhbHNlLCJwcm9maWxlX2ltYWdlIjpudWxsfQ.pveFHhFHCDzJqIFMvY-gutX_aqM1IHBf_8myeelmHQ4", "created_at": null, "expires_at": "2024-10-18T15:43:36Z"}}, {"model": "token_blacklist.outstandingtoken", "pk": 8, "fields": {"user": null, "jti": "01cef4143b4d4ddf852941bf04a808bc", "token": "eyJhbGciOiJIUzI1NiIsInR5cCI6IkpXVCJ9.eyJ0b2tlbl90eXBlIjoicmVmcmVzaCIsImV4cCI6MTcyOTI2NjM5NiwiaWF0IjoxNzI3OTcwMzk2LCJqdGkiOiIwMWNlZjQxNDNiNGQ0ZGRmODUyOTQxYmYwNGE4MDhiYyIsInVzZXJfaWQiOiJiY2FjYjAzYy0zMTE2LTQyMTktYmNjYi00MTZkMWQ3MWFlYzAiLCJzY2hvb2xfbmFtZSI6IlNwcmluZ2ZpZWxkIEludGVybmF0aW9uYWwgU2Nob29sIiwid29ya2luZ19kYXlzIjpbXSwidGVhY2hpbmdfc2xvdHMiOjAsInNjaG9vbF9pZCI6IlNDMDAwMSIsImlzX3JlYWR5X2Zvcl90aW1ldGFibGUiOmZhbHNlLCJwcm9maWxlX2ltYWdlIjpudWxsfQ.9933ApXZN5Mf3T4E66p28Ub1WAso52GgQBKUHXFg2E0", "created_at": null, "expires_at": "2024-10-18T15:46:36Z"}}, {"model": "token_blacklist.outstandingtoken", "pk": 9, "fields": {"user": "bcacb03c-3116-4219-bccb-416d1d71aec0", "jti": "68d8268a008346b29017ea26a8135171", "token": "eyJhbGciOiJIUzI1NiIsInR5cCI6IkpXVCJ9.eyJ0b2tlbl90eXBlIjoicmVmcmVzaCIsImV4cCI6MTcyOTI2NjUxMSwiaWF0IjoxNzI3OTcwNTExLCJqdGkiOiI2OGQ4MjY4YTAwODM0NmIyOTAxN2VhMjZhODEzNTE3MSIsInVzZXJfaWQiOiJiY2FjYjAzYy0zMTE2LTQyMTktYmNjYi00MTZkMWQ3MWFlYzAifQ._tWANjypYeUkzDpLl5YHj3alD31HXlItnmcD-1Ru9zo", "created_at": "2024-10-03T15:48:31.941Z", "expires_at": "2024-10-18T15:48:31Z"}}, {"model": "token_blacklist.outstandingtoken", "pk": 10, "fields": {"user": null, "jti": "08004d98866540eaaf519d974d49326c", "token": "eyJhbGciOiJIUzI1NiIsInR5cCI6IkpXVCJ9.eyJ0b2tlbl90eXBlIjoicmVmcmVzaCIsImV4cCI6MTcyOTI2NjUxMiwiaWF0IjoxNzI3OTcwNTEyLCJqdGkiOiIwODAwNGQ5ODg2NjU0MGVhYWY1MTlkOTc0ZDQ5MzI2YyIsInVzZXJfaWQiOiJiY2FjYjAzYy0zMTE2LTQyMTktYmNjYi00MTZkMWQ3MWFlYzAiLCJzY2hvb2xfbmFtZSI6IlNwcmluZ2ZpZWxkIEludGVybmF0aW9uYWwgU2Nob29sIiwid29ya2luZ19kYXlzIjpbXSwidGVhY2hpbmdfc2xvdHMiOjAsInNjaG9vbF9pZCI6IlNDMDAwMSIsImlzX3JlYWR5X2Zvcl90aW1ldGFibGUiOmZhbHNlLCJwcm9maWxlX2ltYWdlIjpudWxsfQ.eUuQ3rFA741qa6qT-B5d0bR1ZATsEODWoBtFX1-bsGw", "created_at": null, "expires_at": "2024-10-18T15:48:32Z"}}, {"model": "token_blacklist.outstandingtoken", "pk": 12, "fields": {"user": null, "jti": "8834f35af7a74bdea10d71dcbc7adb0f", "token": "eyJhbGciOiJIUzI1NiIsInR5cCI6IkpXVCJ9.eyJ0b2tlbl90eXBlIjoicmVmcmVzaCIsImV4cCI6MTcyOTI2NjYwNiwiaWF0IjoxNzI3OTcwNjA2LCJqdGkiOiI4ODM0ZjM1YWY3YTc0YmRlYTEwZDcxZGNiYzdhZGIwZiIsInVzZXJfaWQiOiJiY2FjYjAzYy0zMTE2LTQyMTktYmNjYi00MTZkMWQ3MWFlYzAiLCJzY2hvb2xfbmFtZSI6IlNwcmluZ2ZpZWxkIEludGVybmF0aW9uYWwgU2Nob29sIiwid29ya2luZ19kYXlzIjpbXSwidGVhY2hpbmdfc2xvdHMiOjAsInNjaG9vbF9pZCI6IlNDMDAwMSIsImlzX3JlYWR5X2Zvcl90aW1ldGFibGUiOmZhbHNlLCJwcm9maWxlX2ltYWdlIjpudWxsfQ.wYhX64h7Y5zgkzkjHuPyndX__5nkx_PU8XWTbRPPipc", "created_at": null, "expires_at": "2024-10-18T15:50:06Z"}}, {"model": "token_blacklist.outstandingtoken", "pk": 15, "fields": {"user": null, "jti": "19ec5475e17c497cb1ffaa6e1daf14f0", "token": "eyJhbGciOiJIUzI1NiIsInR5cCI6IkpXVCJ9.eyJ0b2tlbl90eXBlIjoicmVmcmVzaCIsImV4cCI6MTcyOTI2NjYxNSwiaWF0IjoxNzI3OTcwNjE1LCJqdGkiOiIxOWVjNTQ3NWUxN2M0OTdjYjFmZmFhNmUxZGFmMTRmMCIsInVzZXJfaWQiOiJiY2FjYjAzYy0zMTE2LTQyMTktYmNjYi00MTZkMWQ3MWFlYzAiLCJzY2hvb2xfbmFtZSI6IlNwcmluZ2ZpZWxkIEludGVybmF0aW9uYWwgU2Nob29sIiwid29ya2luZ19kYXlzIjpbXSwidGVhY2hpbmdfc2xvdHMiOjAsInNjaG9vbF9pZCI6IlNDMDAwMSIsImlzX3JlYWR5X2Zvcl90aW1ldGFibGUiOmZhbHNlLCJwcm9maWxlX2ltYWdlIjpudWxsfQ.Pq3dsFiKP8a0x9Bt-oR9olfdT_Sqi0C7ivtZfyjZTTo", "created_at": null, "expires_at": "2024-10-18T15:50:15Z"}}, {"model": "token_blacklist.outstandingtoken", "pk": 16, "fields": {"user": null, "jti": "df6190e332a24caea905870f57286078", "token": "eyJhbGciOiJIUzI1NiIsInR5cCI6IkpXVCJ9.eyJ0b2tlbl90eXBlIjoicmVmcmVzaCIsImV4cCI6MTcyOTI4NzQyOSwiaWF0IjoxNzI3OTkxNDI5LCJqdGkiOiJkZjYxOTBlMzMyYTI0Y2FlYTkwNTg3MGY1NzI4NjA3OCIsInVzZXJfaWQiOiJiY2FjYjAzYy0zMTE2LTQyMTktYmNjYi00MTZkMWQ3MWFlYzAiLCJzY2hvb2xfbmFtZSI6IlNwcmluZ2ZpZWxkIEludGVybmF0aW9uYWwgU2Nob29sIiwid29ya2luZ19kYXlzIjpbXSwidGVhY2hpbmdfc2xvdHMiOjAsInNjaG9vbF9pZCI6IlNDMDAwMSIsImlzX3JlYWR5X2Zvcl90aW1ldGFibGUiOmZhbHNlLCJwcm9maWxlX2ltYWdlIjpudWxsfQ.qkL28gf_icQwcU-FBodhcwlDqLV0HtCCis05QgYjK2g", "created_at": null, "expires_at": "2024-10-18T21:37:09Z"}}, {"model": "token_blacklist.outstandingtoken", "pk": 18, "fields": {"user": null, "jti": "026ecad9e7ee44d189b88ce4b76d25cb", "token": "eyJhbGciOiJIUzI1NiIsInR5cCI6IkpXVCJ9.eyJ0b2tlbl90eXBlIjoicmVmcmVzaCIsImV4cCI6MTcyOTI4NzY0MywiaWF0IjoxNzI3OTkxNjQzLCJqdGkiOiIwMjZlY2FkOWU3ZWU0NGQxODliODhjZTRiNzZkMjVjYiIsInVzZXJfaWQiOiJiY2FjYjAzYy0zMTE2LTQyMTktYmNjYi00MTZkMWQ3MWFlYzAiLCJzY2hvb2xfbmFtZSI6IlNwcmluZ2ZpZWxkIEludGVybmF0aW9uYWwgU2Nob29sIiwid29ya2luZ19kYXlzIjpbXSwidGVhY2hpbmdfc2xvdHMiOjAsInNjaG9vbF9pZCI6IlNDMDAwMSIsImlzX3JlYWR5X2Zvcl90aW1ldGFibGUiOmZhbHNlLCJwcm9maWxlX2ltYWdlIjpudWxsfQ.kN1XT8VstzEjRSlyKQkPM31ATYamsJ3LLcrEOK0X0Bw", "created_at": null, "expires_at": "2024-10-18T21:40:43Z"}}, {"model": "token_blacklist.outstandingtoken", "pk": 19, "fields": {"user": null, "jti": "90707884f5ba4cc19dc8a60779d07344", "token": "eyJhbGciOiJIUzI1NiIsInR5cCI6IkpXVCJ9.eyJ0b2tlbl90eXBlIjoicmVmcmVzaCIsImV4cCI6MTcyOTI4ODQ4MywiaWF0IjoxNzI3OTkyNDgzLCJqdGkiOiI5MDcwNzg4NGY1YmE0Y2MxOWRjOGE2MDc3OWQwNzM0NCIsInVzZXJfaWQiOiJiY2FjYjAzYy0zMTE2LTQyMTktYmNjYi00MTZkMWQ3MWFlYzAiLCJzY2hvb2xfbmFtZSI6IlNwcmluZ2ZpZWxkIEludGVybmF0aW9uYWwgU2Nob29sIiwid29ya2luZ19kYXlzIjpbXSwidGVhY2hpbmdfc2xvdHMiOjAsInNjaG9vbF9pZCI6IlNDMDAwMSIsImlzX3JlYWR5X2Zvcl90aW1ldGFibGUiOmZhbHNlLCJwcm9maWxlX2ltYWdlIjpudWxsfQ.qCsVKitKQrZB9ldFTYPo1Hfdvmdbl182-lDw6IDJU-I", "created_at": null, "expires_at": "2024-10-18T21:54:43Z"}}, {"model": "token_blacklist.outstandingtoken", "pk": 20, "fields": {"user": null, "jti": "3c1b2d4d4c084cdd8c1f55fd1d22ae58", "token": "eyJhbGciOiJIUzI1NiIsInR5cCI6IkpXVCJ9.eyJ0b2tlbl90eXBlIjoicmVmcmVzaCIsImV4cCI6MTcyOTI4ODYzOCwiaWF0IjoxNzI3OTkyNjM4LCJqdGkiOiIzYzFiMmQ0ZDRjMDg0Y2RkOGMxZjU1ZmQxZDIyYWU1OCIsInVzZXJfaWQiOiJiY2FjYjAzYy0zMTE2LTQyMTktYmNjYi00MTZkMWQ3MWFlYzAiLCJzY2hvb2xfbmFtZSI6IlNwcmluZ2ZpZWxkIEludGVybmF0aW9uYWwgU2Nob29sIiwid29ya2luZ19kYXlzIjpbXSwidGVhY2hpbmdfc2xvdHMiOjAsInNjaG9vbF9pZCI6IlNDMDAwMSIsImlzX3JlYWR5X2Zvcl90aW1ldGFibGUiOmZhbHNlLCJwcm9maWxlX2ltYWdlIjpudWxsfQ.QJhRxaeEH6jhhTm3dduA0qiQVjMkE6RDC6GThw5omTA", "created_at": null, "expires_at": "2024-10-18T21:57:18Z"}}, {"model": "token_blacklist.outstandingtoken", "pk": 21, "fields": {"user": null, "jti": "7d5443e6f47243ef8a252ba6d8fd778f", "token": "eyJhbGciOiJIUzI1NiIsInR5cCI6IkpXVCJ9.eyJ0b2tlbl90eXBlIjoicmVmcmVzaCIsImV4cCI6MTcyOTI4OTQ3OSwiaWF0IjoxNzI3OTkzNDc5LCJqdGkiOiI3ZDU0NDNlNmY0NzI0M2VmOGEyNTJiYTZkOGZkNzc4ZiIsInVzZXJfaWQiOiJiY2FjYjAzYy0zMTE2LTQyMTktYmNjYi00MTZkMWQ3MWFlYzAiLCJzY2hvb2xfbmFtZSI6IlNwcmluZ2ZpZWxkIEludGVybmF0aW9uYWwgU2Nob29sIiwid29ya2luZ19kYXlzIjpbXSwidGVhY2hpbmdfc2xvdHMiOjAsInNjaG9vbF9pZCI6IlNDMDAwMSIsImlzX3JlYWR5X2Zvcl90aW1ldGFibGUiOmZhbHNlLCJwcm9maWxlX2ltYWdlIjpudWxsfQ.9VHvBVMuaW91lVmKMeoqVf4FEdi3u-qOYyfEcieN-zE", "created_at": null, "expires_at": "2024-10-18T22:11:19Z"}}, {"model": "token_blacklist.outstandingtoken", "pk": 22, "fields": {"user": null, "jti": "7514320f1f2c4a0eb6e386367a4a9d39", "token": "eyJhbGciOiJIUzI1NiIsInR5cCI6IkpXVCJ9.eyJ0b2tlbl90eXBlIjoicmVmcmVzaCIsImV4cCI6MTcyOTI5MDMxOSwiaWF0IjoxNzI3OTk0MzE5LCJqdGkiOiI3NTE0MzIwZjFmMmM0YTBlYjZlMzg2MzY3YTRhOWQzOSIsInVzZXJfaWQiOiJiY2FjYjAzYy0zMTE2LTQyMTktYmNjYi00MTZkMWQ3MWFlYzAiLCJzY2hvb2xfbmFtZSI6IlNwcmluZ2ZpZWxkIEludGVybmF0aW9uYWwgU2Nob29sIiwid29ya2luZ19kYXlzIjpbXSwidGVhY2hpbmdfc2xvdHMiOjAsInNjaG9vbF9pZCI6IlNDMDAwMSIsImlzX3JlYWR5X2Zvcl90aW1ldGFibGUiOmZhbHNlLCJwcm9maWxlX2ltYWdlIjpudWxsfQ.el5glvl1qBwksYZ1Nv1oZgCRDHz6hHOW-7H3TLK7Tig", "created_at": null, "expires_at": "2024-10-18T22:25:19Z"}}, {"model": "token_blacklist.outstandingtoken", "pk": 23, "fields": {"user": "bcacb03c-3116-4219-bccb-416d1d71aec0", "jti": "fb0caab408aa4fa9ab0e7c4b1d3ee5ba", "token": "eyJhbGciOiJIUzI1NiIsInR5cCI6IkpXVCJ9.eyJ0b2tlbl90eXBlIjoicmVmcmVzaCIsImV4cCI6MTcyOTI5MTAyNywiaWF0IjoxNzI3OTk1MDI3LCJqdGkiOiJmYjBjYWFiNDA4YWE0ZmE5YWIwZTdjNGIxZDNlZTViYSIsInVzZXJfaWQiOiJiY2FjYjAzYy0zMTE2LTQyMTktYmNjYi00MTZkMWQ3MWFlYzAifQ.QNqiuLIT4l8ES2L9p29xsqh4nEP1JRzNykIdKISh2e4", "created_at": "2024-10-03T22:37:07.920Z", "expires_at": "2024-10-18T22:37:07Z"}}, {"model": "token_blacklist.outstandingtoken", "pk": 24, "fields": {"user": null, "jti": "6c98f1a2201b4047a9ce7399b5e980bf", "token": "eyJhbGciOiJIUzI1NiIsInR5cCI6IkpXVCJ9.eyJ0b2tlbl90eXBlIjoicmVmcmVzaCIsImV4cCI6MTcyOTI5MTg2OCwiaWF0IjoxNzI3OTk1ODY4LCJqdGkiOiI2Yzk4ZjFhMjIwMWI0MDQ3YTljZTczOTliNWU5ODBiZiIsInVzZXJfaWQiOiJiY2FjYjAzYy0zMTE2LTQyMTktYmNjYi00MTZkMWQ3MWFlYzAiLCJzY2hvb2xfbmFtZSI6IlNwcmluZ2ZpZWxkIEludGVybmF0aW9uYWwgU2Nob29sIiwid29ya2luZ19kYXlzIjpbIk1PTiIsIlRVRSIsIldFRCIsIlRIVSIsIlNBVCJdLCJ0ZWFjaGluZ19zbG90cyI6NCwic2Nob29sX2lkIjoiU0MwMDAxIiwiaXNfcmVhZHlfZm9yX3RpbWV0YWJsZSI6ZmFsc2UsInByb2ZpbGVfaW1hZ2UiOiIvbWVkaWEvc2Nob29sX3Byb2ZpbGVzL3NjaG9vbC0xLmpwZyJ9.uoSGKLPDrChxYMSSEixV0t5Uz19BbLF0rmZx4QBz4xo", "created_at": null, "expires_at": "2024-10-18T22:51:08Z"}}, {"model": "token_blacklist.outstandingtoken", "pk": 25, "fields": {"user": null, "jti": "83e401e9434141059833e021cd455dd7", "token": "eyJhbGciOiJIUzI1NiIsInR5cCI6IkpXVCJ9.eyJ0b2tlbl90eXBlIjoicmVmcmVzaCIsImV4cCI6MTcyOTI5MjcwOCwiaWF0IjoxNzI3OTk2NzA4LCJqdGkiOiI4M2U0MDFlOTQzNDE0MTA1OTgzM2UwMjFjZDQ1NWRkNyIsInVzZXJfaWQiOiJiY2FjYjAzYy0zMTE2LTQyMTktYmNjYi00MTZkMWQ3MWFlYzAiLCJzY2hvb2xfbmFtZSI6IlNwcmluZ2ZpZWxkIEludGVybmF0aW9uYWwgU2Nob29sIiwid29ya2luZ19kYXlzIjpbIk1PTiIsIlRVRSIsIldFRCIsIlRIVSIsIlNBVCJdLCJ0ZWFjaGluZ19zbG90cyI6NCwic2Nob29sX2lkIjoiU0MwMDAxIiwiaXNfcmVhZHlfZm9yX3RpbWV0YWJsZSI6ZmFsc2UsInByb2ZpbGVfaW1hZ2UiOiIvbWVkaWEvc2Nob29sX3Byb2ZpbGVzL3NjaG9vbC0xLmpwZyJ9.lWA0iF31nj2hTTdLPTSu2ny8UfHUIZMyn8tgLzpeSZE", "created_at": null, "expires_at": "2024-10-18T23:05:08Z"}}, {"model": "token_blacklist.outstandingtoken", "pk": 26, "fields": {"user": null, "jti": "18ea696f2c1043409cbe9c2c60b71bbc", "token": "eyJhbGciOiJIUzI1NiIsInR5cCI6IkpXVCJ9.eyJ0b2tlbl90eXBlIjoicmVmcmVzaCIsImV4cCI6MTcyOTI5MzU0OCwiaWF0IjoxNzI3OTk3NTQ4LCJqdGkiOiIxOGVhNjk2ZjJjMTA0MzQwOWNiZTljMmM2MGI3MWJiYyIsInVzZXJfaWQiOiJiY2FjYjAzYy0zMTE2LTQyMTktYmNjYi00MTZkMWQ3MWFlYzAiLCJzY2hvb2xfbmFtZSI6IlNwcmluZ2ZpZWxkIEludGVybmF0aW9uYWwgU2Nob29sIiwid29ya2luZ19kYXlzIjpbIk1PTiIsIlRVRSIsIldFRCIsIlRIVSIsIlNBVCJdLCJ0ZWFjaGluZ19zbG90cyI6NCwic2Nob29sX2lkIjoiU0MwMDAxIiwiaXNfcmVhZHlfZm9yX3RpbWV0YWJsZSI6ZmFsc2UsInByb2ZpbGVfaW1hZ2UiOiIvbWVkaWEvc2Nob29sX3Byb2ZpbGVzL3NjaG9vbC0xLmpwZyJ9.DYt8hd1IwNI7TzocsVop4_vt5711Z7sProKekWtvHIk", "created_at": null, "expires_at": "2024-10-18T23:19:08Z"}}, {"model": "token_blacklist.outstandingtoken", "pk": 27, "fields": {"user": "bcacb03c-3116-4219-bccb-416d1d71aec0", "jti": "44b088b31f8443c8a443318925f40526", "token": "eyJhbGciOiJIUzI1NiIsInR5cCI6IkpXVCJ9.eyJ0b2tlbl90eXBlIjoicmVmcmVzaCIsImV4cCI6MTcyOTI5NDY0MiwiaWF0IjoxNzI3OTk4NjQyLCJqdGkiOiI0NGIwODhiMzFmODQ0M2M4YTQ0MzMxODkyNWY0MDUyNiIsInVzZXJfaWQiOiJiY2FjYjAzYy0zMTE2LTQyMTktYmNjYi00MTZkMWQ3MWFlYzAifQ.YMR8LF84fejc65R1-Kn_QWu7pvMyICgqJLGMz5UvPi8", "created_at": "2024-10-03T23:37:22.201Z", "expires_at": "2024-10-18T23:37:22Z"}}, {"model": "token_blacklist.outstandingtoken", "pk": 28, "fields": {"user": "bcacb03c-3116-4219-bccb-416d1d71aec0", "jti": "522fd515420444e6b0a7efb22f103172", "token": "eyJhbGciOiJIUzI1NiIsInR5cCI6IkpXVCJ9.eyJ0b2tlbl90eXBlIjoicmVmcmVzaCIsImV4cCI6MTcyOTI5NDc0OCwiaWF0IjoxNzI3OTk4NzQ4LCJqdGkiOiI1MjJmZDUxNTQyMDQ0NGU2YjBhN2VmYjIyZjEwMzE3MiIsInVzZXJfaWQiOiJiY2FjYjAzYy0zMTE2LTQyMTktYmNjYi00MTZkMWQ3MWFlYzAifQ.hybeoXI6PJdoeyf2iALFzA6Sw6ocuCRyfGqsAk3qnhU", "created_at": "2024-10-03T23:39:08.219Z", "expires_at": "2024-10-18T23:39:08Z"}}, {"model": "token_blacklist.outstandingtoken", "pk": 29, "fields": {"user": null, "jti": "6d2316edfd0e4041a87732748ab63dc6", "token": "eyJhbGciOiJIUzI1NiIsInR5cCI6IkpXVCJ9.eyJ0b2tlbl90eXBlIjoicmVmcmVzaCIsImV4cCI6MTcyOTI5NTU4OSwiaWF0IjoxNzI3OTk5NTg5LCJqdGkiOiI2ZDIzMTZlZGZkMGU0MDQxYTg3NzMyNzQ4YWI2M2RjNiIsInVzZXJfaWQiOiJiY2FjYjAzYy0zMTE2LTQyMTktYmNjYi00MTZkMWQ3MWFlYzAiLCJzY2hvb2xfbmFtZSI6IlNwcmluZ2ZpZWxkIEludGVybmF0aW9uYWwgU2Nob29sIiwid29ya2luZ19kYXlzIjpbIk1PTiIsIlRVRSIsIldFRCIsIlRIVSIsIlNBVCJdLCJ0ZWFjaGluZ19zbG90cyI6NCwic2Nob29sX2lkIjoiU0MwMDAxIiwiaXNfcmVhZHlfZm9yX3RpbWV0YWJsZSI6dHJ1ZSwicHJvZmlsZV9pbWFnZSI6Ii9tZWRpYS9zY2hvb2xfcHJvZmlsZXMvc2Nob29sLTEuanBnIn0.QjcoVx45MB6BDQ-QoaEaVC2XIFP_ILeiOLytlSW-opQ", "created_at": null, "expires_at": "2024-10-18T23:53:09Z"}}, {"model": "token_blacklist.outstandingtoken", "pk": 30, "fields": {"user": null, "jti": "813f6ff791f74d09ad78a154995575dd", "token": "eyJhbGciOiJIUzI1NiIsInR5cCI6IkpXVCJ9.eyJ0b2tlbl90eXBlIjoicmVmcmVzaCIsImV4cCI6MTcyOTI5NjQzMCwiaWF0IjoxNzI4MDAwNDMwLCJqdGkiOiI4MTNmNmZmNzkxZjc0ZDA5YWQ3OGExNTQ5OTU1NzVkZCIsInVzZXJfaWQiOiJiY2FjYjAzYy0zMTE2LTQyMTktYmNjYi00MTZkMWQ3MWFlYzAiLCJzY2hvb2xfbmFtZSI6IlNwcmluZ2ZpZWxkIEludGVybmF0aW9uYWwgU2Nob29sIiwid29ya2luZ19kYXlzIjpbIk1PTiIsIlRVRSIsIldFRCIsIlRIVSIsIlNBVCJdLCJ0ZWFjaGluZ19zbG90cyI6NCwic2Nob29sX2lkIjoiU0MwMDAxIiwiaXNfcmVhZHlfZm9yX3RpbWV0YWJsZSI6dHJ1ZSwicHJvZmlsZV9pbWFnZSI6Ii9tZWRpYS9zY2hvb2xfcHJvZmlsZXMvc2Nob29sLTEuanBnIn0.18RPhJkm9OZUpuV7PP0ECtcF1rxkAWOxSsyD42_N5H4", "created_at": null, "expires_at": "2024-10-19T00:07:10Z"}}, {"model": "token_blacklist.outstandingtoken", "pk": 31, "fields": {"user": "bcacb03c-3116-4219-bccb-416d1d71aec0", "jti": "b4e31454a653473db646c1d80726e04b", "token": "eyJhbGciOiJIUzI1NiIsInR5cCI6IkpXVCJ9.eyJ0b2tlbl90eXBlIjoicmVmcmVzaCIsImV4cCI6MTcyOTQwMjY1NywiaWF0IjoxNzI4MTA2NjU3LCJqdGkiOiJiNGUzMTQ1NGE2NTM0NzNkYjY0NmMxZDgwNzI2ZTA0YiIsInVzZXJfaWQiOiJiY2FjYjAzYy0zMTE2LTQyMTktYmNjYi00MTZkMWQ3MWFlYzAifQ.YEAtWBx3vUFxAoin-5TaY4lcaZZR8KKwGlT5a1xywrE", "created_at": "2024-10-05T05:37:37.718Z", "expires_at": "2024-10-20T05:37:37Z"}}, {"model": "token_blacklist.outstandingtoken", "pk": 32, "fields": {"user": "bcacb03c-3116-4219-bccb-416d1d71aec0", "jti": "7946a188ca504ca38e539d94b36d3c9c", "token": "eyJhbGciOiJIUzI1NiIsInR5cCI6IkpXVCJ9.eyJ0b2tlbl90eXBlIjoicmVmcmVzaCIsImV4cCI6MTcyOTQwMzk1NiwiaWF0IjoxNzI4MTA3OTU2LCJqdGkiOiI3OTQ2YTE4OGNhNTA0Y2EzOGU1MzlkOTRiMzZkM2M5YyIsInVzZXJfaWQiOiJiY2FjYjAzYy0zMTE2LTQyMTktYmNjYi00MTZkMWQ3MWFlYzAifQ.vRrBcEf45fik-5sBifdIVXtbZ_K_Q60g2ZE5H6eOG6w", "created_at": "2024-10-05T05:59:16.066Z", "expires_at": "2024-10-20T05:59:16Z"}}, {"model": "token_blacklist.outstandingtoken", "pk": 33, "fields": {"user": null, "jti": "4a256a3cca974a2db0706c4c1fd889df", "token": "eyJhbGciOiJIUzI1NiIsInR5cCI6IkpXVCJ9.eyJ0b2tlbl90eXBlIjoicmVmcmVzaCIsImV4cCI6MTcyOTQwNDc5NiwiaWF0IjoxNzI4MTA4Nzk2LCJqdGkiOiI0YTI1NmEzY2NhOTc0YTJkYjA3MDZjNGMxZmQ4ODlkZiIsInVzZXJfaWQiOiJiY2FjYjAzYy0zMTE2LTQyMTktYmNjYi00MTZkMWQ3MWFlYzAiLCJzY2hvb2xfbmFtZSI6IlNwcmluZ2ZpZWxkIEludGVybmF0aW9uYWwgU2Nob29sIiwid29ya2luZ19kYXlzIjpbIk1PTiIsIlRVRSIsIldFRCIsIlRIVSIsIlNBVCJdLCJ0ZWFjaGluZ19zbG90cyI6NCwic2Nob29sX2lkIjoiU0MwMDAxIiwiaXNfcmVhZHlfZm9yX3RpbWV0YWJsZSI6dHJ1ZSwicHJvZmlsZV9pbWFnZSI6Ii9tZWRpYS9zY2hvb2xfcHJvZmlsZXMvc2Nob29sLTEuanBnIn0.qG5CiTf5deuUzeQGz2yiHQcy7GbZC8E2lZ58nzIDVHE", "created_at": null, "expires_at": "2024-10-20T06:13:16Z"}}, {"model": "token_blacklist.outstandingtoken", "pk": 34, "fields": {"user": "bcacb03c-3116-4219-bccb-416d1d71aec0", "jti": "b929eb25a7d54756885863b35f9ea074", "token": "eyJhbGciOiJIUzI1NiIsInR5cCI6IkpXVCJ9.eyJ0b2tlbl90eXBlIjoicmVmcmVzaCIsImV4cCI6MTcyOTQwNjEyNiwiaWF0IjoxNzI4MTEwMTI2LCJqdGkiOiJiOTI5ZWIyNWE3ZDU0NzU2ODg1ODYzYjM1ZjllYTA3NCIsInVzZXJfaWQiOiJiY2FjYjAzYy0zMTE2LTQyMTktYmNjYi00MTZkMWQ3MWFlYzAifQ.qQoU63TP1H0A7B9XjdsD3S56M_jBW5JXC6D9XAqOotc", "created_at": "2024-10-05T06:35:26.795Z", "expires_at": "2024-10-20T06:35:26Z"}}, {"model": "token_blacklist.outstandingtoken", "pk": 36, "fields": {"user": null, "jti": "00eb457e57214ea4a2ac46a054f7cb99", "token": "eyJhbGciOiJIUzI1NiIsInR5cCI6IkpXVCJ9.eyJ0b2tlbl90eXBlIjoicmVmcmVzaCIsImV4cCI6MTcyOTQwNTYzNiwiaWF0IjoxNzI4MTA5NjM2LCJqdGkiOiIwMGViNDU3ZTU3MjE0ZWE0YTJhYzQ2YTA1NGY3Y2I5OSIsInVzZXJfaWQiOiJiY2FjYjAzYy0zMTE2LTQyMTktYmNjYi00MTZkMWQ3MWFlYzAiLCJzY2hvb2xfbmFtZSI6IlNwcmluZ2ZpZWxkIEludGVybmF0aW9uYWwgU2Nob29sIiwid29ya2luZ19kYXlzIjpbIk1PTiIsIlRVRSIsIldFRCIsIlRIVSIsIlNBVCJdLCJ0ZWFjaGluZ19zbG90cyI6NCwic2Nob29sX2lkIjoiU0MwMDAxIiwiaXNfcmVhZHlfZm9yX3RpbWV0YWJsZSI6dHJ1ZSwicHJvZmlsZV9pbWFnZSI6Ii9tZWRpYS9zY2hvb2xfcHJvZmlsZXMvc2Nob29sLTEuanBnIn0.ncusmfwUEWjR5MczYu7U4o2wI2VvZcnazBBmGl7JJBk", "created_at": null, "expires_at": "2024-10-20T06:27:16Z"}}, {"model": "token_blacklist.outstandingtoken", "pk": 37, "fields": {"user": null, "jti": "d5928517cbb24165a9c4c27ec183a52e", "token": "eyJhbGciOiJIUzI1NiIsInR5cCI6IkpXVCJ9.eyJ0b2tlbl90eXBlIjoicmVmcmVzaCIsImV4cCI6MTcyOTQwNjEyNywiaWF0IjoxNzI4MTEwMTI3LCJqdGkiOiJkNTkyODUxN2NiYjI0MTY1YTljNGMyN2VjMTgzYTUyZSIsInVzZXJfaWQiOiJiY2FjYjAzYy0zMTE2LTQyMTktYmNjYi00MTZkMWQ3MWFlYzAiLCJzY2hvb2xfbmFtZSI6IlNwcmluZ2ZpZWxkIEludGVybmF0aW9uYWwgU2Nob29sIiwid29ya2luZ19kYXlzIjpbIk1PTiIsIlRVRSIsIldFRCIsIlRIVSIsIlNBVCJdLCJ0ZWFjaGluZ19zbG90cyI6NCwic2Nob29sX2lkIjoiU0MwMDAxIiwiaXNfcmVhZHlfZm9yX3RpbWV0YWJsZSI6dHJ1ZSwicHJvZmlsZV9pbWFnZSI6Ii9tZWRpYS9zY2hvb2xfcHJvZmlsZXMvc2Nob29sLTEuanBnIn0.moJKsR8I2c5waKdFCgF1746HFXSLMWSI3AhZEcM9s-o", "created_at": null, "expires_at": "2024-10-20T06:35:27Z"}}, {"model": "token_blacklist.outstandingtoken", "pk": 38, "fields": {"user": null, "jti": "eedb5f5bbcb34e3f9190fe234026a17a", "token": "eyJhbGciOiJIUzI1NiIsInR5cCI6IkpXVCJ9.eyJ0b2tlbl90eXBlIjoicmVmcmVzaCIsImV4cCI6MTcyOTQwNjE1NCwiaWF0IjoxNzI4MTEwMTU0LCJqdGkiOiJlZWRiNWY1YmJjYjM0ZTNmOTE5MGZlMjM0MDI2YTE3YSIsInVzZXJfaWQiOiJiY2FjYjAzYy0zMTE2LTQyMTktYmNjYi00MTZkMWQ3MWFlYzAiLCJzY2hvb2xfbmFtZSI6IlNwcmluZ2ZpZWxkIEludGVybmF0aW9uYWwgU2Nob29sIiwid29ya2luZ19kYXlzIjpbIk1PTiIsIlRVRSIsIldFRCIsIlRIVSIsIlNBVCJdLCJ0ZWFjaGluZ19zbG90cyI6NCwic2Nob29sX2lkIjoiU0MwMDAxIiwiaXNfcmVhZHlfZm9yX3RpbWV0YWJsZSI6dHJ1ZSwicHJvZmlsZV9pbWFnZSI6Ii9tZWRpYS9zY2hvb2xfcHJvZmlsZXMvc2Nob29sLTEuanBnIn0._GmKwOY83BG2dl2dhCzt6GFqUvhpT7OUWmmi_4lD1s8", "created_at": null, "expires_at": "2024-10-20T06:35:54Z"}}, {"model": "token_blacklist.outstandingtoken", "pk": 39, "fields": {"user": null, "jti": "17770bf6f2aa4bbb9d3290141ad874c9", "token": "eyJhbGciOiJIUzI1NiIsInR5cCI6IkpXVCJ9.eyJ0b2tlbl90eXBlIjoicmVmcmVzaCIsImV4cCI6MTcyOTQwNjk2NywiaWF0IjoxNzI4MTEwOTY3LCJqdGkiOiIxNzc3MGJmNmYyYWE0YmJiOWQzMjkwMTQxYWQ4NzRjOSIsInVzZXJfaWQiOiJiY2FjYjAzYy0zMTE2LTQyMTktYmNjYi00MTZkMWQ3MWFlYzAiLCJzY2hvb2xfbmFtZSI6IlNwcmluZ2ZpZWxkIEludGVybmF0aW9uYWwgU2Nob29sIiwid29ya2luZ19kYXlzIjpbIk1PTiIsIlRVRSIsIldFRCIsIlRIVSIsIlNBVCJdLCJ0ZWFjaGluZ19zbG90cyI6NCwic2Nob29sX2lkIjoiU0MwMDAxIiwiaXNfcmVhZHlfZm9yX3RpbWV0YWJsZSI6dHJ1ZSwicHJvZmlsZV9pbWFnZSI6Ii9tZWRpYS9zY2hvb2xfcHJvZmlsZXMvc2Nob29sLTEuanBnIn0.XeaJUAdwFgPeBUAQK2u3_zK7t_OpbwYP3GKVaZV4Ikc", "created_at": null, "expires_at": "2024-10-20T06:49:27Z"}}, {"model": "token_blacklist.outstandingtoken", "pk": 40, "fields": {"user": null, "jti": "923b311d51d54f31b860c814e1b161ca", "token": "eyJhbGciOiJIUzI1NiIsInR5cCI6IkpXVCJ9.eyJ0b2tlbl90eXBlIjoicmVmcmVzaCIsImV4cCI6MTcyOTQwNjk5NiwiaWF0IjoxNzI4MTEwOTk2LCJqdGkiOiI5MjNiMzExZDUxZDU0ZjMxYjg2MGM4MTRlMWIxNjFjYSIsInVzZXJfaWQiOiJiY2FjYjAzYy0zMTE2LTQyMTktYmNjYi00MTZkMWQ3MWFlYzAiLCJzY2hvb2xfbmFtZSI6IlNwcmluZ2ZpZWxkIEludGVybmF0aW9uYWwgU2Nob29sIiwid29ya2luZ19kYXlzIjpbIk1PTiIsIlRVRSIsIldFRCIsIlRIVSIsIlNBVCJdLCJ0ZWFjaGluZ19zbG90cyI6NCwic2Nob29sX2lkIjoiU0MwMDAxIiwiaXNfcmVhZHlfZm9yX3RpbWV0YWJsZSI6dHJ1ZSwicHJvZmlsZV9pbWFnZSI6Ii9tZWRpYS9zY2hvb2xfcHJvZmlsZXMvc2Nob29sLTEuanBnIn0.EFfX1S3KNO_2DJYeb3rin8Zp4X5HSrq565UMfnBcmgA", "created_at": null, "expires_at": "2024-10-20T06:49:56Z"}}, {"model": "token_blacklist.outstandingtoken", "pk": 41, "fields": {"user": "bcacb03c-3116-4219-bccb-416d1d71aec0", "jti": "accda4576502430a96b0b67615d35d81", "token": "eyJhbGciOiJIUzI1NiIsInR5cCI6IkpXVCJ9.eyJ0b2tlbl90eXBlIjoicmVmcmVzaCIsImV4cCI6MTcyOTQyMzg5MiwiaWF0IjoxNzI4MTI3ODkyLCJqdGkiOiJhY2NkYTQ1NzY1MDI0MzBhOTZiMGI2NzYxNWQzNWQ4MSIsInVzZXJfaWQiOiJiY2FjYjAzYy0zMTE2LTQyMTktYmNjYi00MTZkMWQ3MWFlYzAifQ.CND-1fV-5ienejEIeJzbCkSqPEpkS3uqSr8DfgS5NO8", "created_at": "2024-10-05T11:31:32.513Z", "expires_at": "2024-10-20T11:31:32Z"}}, {"model": "token_blacklist.outstandingtoken", "pk": 42, "fields": {"user": null, "jti": "d547a5c8f53c40ae875db5083b5065dc", "token": "eyJhbGciOiJIUzI1NiIsInR5cCI6IkpXVCJ9.eyJ0b2tlbl90eXBlIjoicmVmcmVzaCIsImV4cCI6MTcyOTQwNzgzNywiaWF0IjoxNzI4MTExODM3LCJqdGkiOiJkNTQ3YTVjOGY1M2M0MGFlODc1ZGI1MDgzYjUwNjVkYyIsInVzZXJfaWQiOiJiY2FjYjAzYy0zMTE2LTQyMTktYmNjYi00MTZkMWQ3MWFlYzAiLCJzY2hvb2xfbmFtZSI6IlNwcmluZ2ZpZWxkIEludGVybmF0aW9uYWwgU2Nob29sIiwid29ya2luZ19kYXlzIjpbIk1PTiIsIlRVRSIsIldFRCIsIlRIVSIsIlNBVCJdLCJ0ZWFjaGluZ19zbG90cyI6NCwic2Nob29sX2lkIjoiU0MwMDAxIiwiaXNfcmVhZHlfZm9yX3RpbWV0YWJsZSI6dHJ1ZSwicHJvZmlsZV9pbWFnZSI6Ii9tZWRpYS9zY2hvb2xfcHJvZmlsZXMvc2Nob29sLTEuanBnIn0.pwgDwlmwYYkNTMKxKsMjNbz6Hcm5hsc0ScpOqin7dQg", "created_at": null, "expires_at": "2024-10-20T07:03:57Z"}}, {"model": "token_blacklist.outstandingtoken", "pk": 43, "fields": {"user": null, "jti": "8711f89799ba43a88eb594225c83d2e4", "token": "eyJhbGciOiJIUzI1NiIsInR5cCI6IkpXVCJ9.eyJ0b2tlbl90eXBlIjoicmVmcmVzaCIsImV4cCI6MTcyOTQyNDIzNSwiaWF0IjoxNzI4MTI4MjM1LCJqdGkiOiI4NzExZjg5Nzk5YmE0M2E4OGViNTk0MjI1YzgzZDJlNCIsInVzZXJfaWQiOiJiY2FjYjAzYy0zMTE2LTQyMTktYmNjYi00MTZkMWQ3MWFlYzAiLCJzY2hvb2xfbmFtZSI6IlNwcmluZ2ZpZWxkIEludGVybmF0aW9uYWwgU2Nob29sIiwid29ya2luZ19kYXlzIjpbIk1PTiIsIlRVRSIsIldFRCIsIlRIVSIsIlNBVCJdLCJ0ZWFjaGluZ19zbG90cyI6NCwic2Nob29sX2lkIjoiU0MwMDAxIiwiaXNfcmVhZHlfZm9yX3RpbWV0YWJsZSI6dHJ1ZSwicHJvZmlsZV9pbWFnZSI6Ii9tZWRpYS9zY2hvb2xfcHJvZmlsZXMvc2Nob29sLTEuanBnIn0.Vv01Crh2eTRGCLcRMvSwtRFszpTGGYIMFBVQLy6_C9g", "created_at": null, "expires_at": "2024-10-20T11:37:15Z"}}, {"model": "token_blacklist.outstandingtoken", "pk": 44, "fields": {"user": null, "jti": "7540069718884a0bbf796d99141b7a8b", "token": "eyJhbGciOiJIUzI1NiIsInR5cCI6IkpXVCJ9.eyJ0b2tlbl90eXBlIjoicmVmcmVzaCIsImV4cCI6MTcyOTQyNDczMywiaWF0IjoxNzI4MTI4NzMzLCJqdGkiOiI3NTQwMDY5NzE4ODg0YTBiYmY3OTZkOTkxNDFiN2E4YiIsInVzZXJfaWQiOiJiY2FjYjAzYy0zMTE2LTQyMTktYmNjYi00MTZkMWQ3MWFlYzAiLCJzY2hvb2xfbmFtZSI6IlNwcmluZ2ZpZWxkIEludGVybmF0aW9uYWwgU2Nob29sIiwid29ya2luZ19kYXlzIjpbIk1PTiIsIlRVRSIsIldFRCIsIlRIVSIsIlNBVCJdLCJ0ZWFjaGluZ19zbG90cyI6NCwic2Nob29sX2lkIjoiU0MwMDAxIiwiaXNfcmVhZHlfZm9yX3RpbWV0YWJsZSI6ZmFsc2UsInByb2ZpbGVfaW1hZ2UiOiIvbWVkaWEvc2Nob29sX3Byb2ZpbGVzL3NjaG9vbC0xLmpwZyJ9.c1v_u9C6bdmPUrI46Z7KQyx_AF3Lte-P7Da_fOpKOBc", "created_at": null, "expires_at": "2024-10-20T11:45:33Z"}}, {"model": "token_blacklist.outstandingtoken", "pk": 45, "fields": {"user": null, "jti": "50a8840184ff4c0e84e5e1b8ae03c17f", "token": "eyJhbGciOiJIUzI1NiIsInR5cCI6IkpXVCJ9.eyJ0b2tlbl90eXBlIjoicmVmcmVzaCIsImV4cCI6MTcyOTQyNTA3NiwiaWF0IjoxNzI4MTI5MDc2LCJqdGkiOiI1MGE4ODQwMTg0ZmY0YzBlODRlNWUxYjhhZTAzYzE3ZiIsInVzZXJfaWQiOiJiY2FjYjAzYy0zMTE2LTQyMTktYmNjYi00MTZkMWQ3MWFlYzAiLCJzY2hvb2xfbmFtZSI6IlNwcmluZ2ZpZWxkIEludGVybmF0aW9uYWwgU2Nob29sIiwid29ya2luZ19kYXlzIjpbIk1PTiIsIlRVRSIsIldFRCIsIlRIVSIsIlNBVCJdLCJ0ZWFjaGluZ19zbG90cyI6NCwic2Nob29sX2lkIjoiU0MwMDAxIiwiaXNfcmVhZHlfZm9yX3RpbWV0YWJsZSI6dHJ1ZSwicHJvZmlsZV9pbWFnZSI6Ii9tZWRpYS9zY2hvb2xfcHJvZmlsZXMvc2Nob29sLTEuanBnIn0.Dha0CToyZnlQ2MtfUf7mEq04y3wWb43hCAFqC3HEJyM", "created_at": null, "expires_at": "2024-10-20T11:51:16Z"}}, {"model": "token_blacklist.outstandingtoken", "pk": 46, "fields": {"user": null, "jti": "1ae6069a39304088a26ebe11c81412d4", "token": "eyJhbGciOiJIUzI1NiIsInR5cCI6IkpXVCJ9.eyJ0b2tlbl90eXBlIjoicmVmcmVzaCIsImV4cCI6MTcyOTQyNTQyOSwiaWF0IjoxNzI4MTI5NDI5LCJqdGkiOiIxYWU2MDY5YTM5MzA0MDg4YTI2ZWJlMTFjODE0MTJkNCIsInVzZXJfaWQiOiJiY2FjYjAzYy0zMTE2LTQyMTktYmNjYi00MTZkMWQ3MWFlYzAiLCJzY2hvb2xfbmFtZSI6IlNwcmluZ2ZpZWxkIEludGVybmF0aW9uYWwgU2Nob29sIiwid29ya2luZ19kYXlzIjpbIk1PTiIsIlRVRSIsIldFRCIsIlRIVSIsIlNBVCJdLCJ0ZWFjaGluZ19zbG90cyI6NCwic2Nob29sX2lkIjoiU0MwMDAxIiwiaXNfcmVhZHlfZm9yX3RpbWV0YWJsZSI6ZmFsc2UsInByb2ZpbGVfaW1hZ2UiOiIvbWVkaWEvc2Nob29sX3Byb2ZpbGVzL3NjaG9vbC0xLmpwZyJ9.uDdRn_Vv6WzAQwe6akJY_jRNmoe6kRvOZgdyvpHlUgE", "created_at": null, "expires_at": "2024-10-20T11:57:09Z"}}, {"model": "token_blacklist.outstandingtoken", "pk": 47, "fields": {"user": null, "jti": "be6c245f81a044a08273eeefce67af4f", "token": "eyJhbGciOiJIUzI1NiIsInR5cCI6IkpXVCJ9.eyJ0b2tlbl90eXBlIjoicmVmcmVzaCIsImV4cCI6MTcyOTQyNTc3MywiaWF0IjoxNzI4MTI5NzczLCJqdGkiOiJiZTZjMjQ1ZjgxYTA0NGEwODI3M2VlZWZjZTY3YWY0ZiIsInVzZXJfaWQiOiJiY2FjYjAzYy0zMTE2LTQyMTktYmNjYi00MTZkMWQ3MWFlYzAiLCJzY2hvb2xfbmFtZSI6IlNwcmluZ2ZpZWxkIEludGVybmF0aW9uYWwgU2Nob29sIiwid29ya2luZ19kYXlzIjpbIk1PTiIsIlRVRSIsIldFRCIsIlRIVSIsIlNBVCJdLCJ0ZWFjaGluZ19zbG90cyI6NCwic2Nob29sX2lkIjoiU0MwMDAxIiwiaXNfcmVhZHlfZm9yX3RpbWV0YWJsZSI6dHJ1ZSwicHJvZmlsZV9pbWFnZSI6Ii9tZWRpYS9zY2hvb2xfcHJvZmlsZXMvc2Nob29sLTEuanBnIn0.SM0Hi2a1DrEBoq6YokoHe66Nxf9HdjzEnie9dq6hfYU", "created_at": null, "expires_at": "2024-10-20T12:02:53Z"}}, {"model": "token_blacklist.outstandingtoken", "pk": 48, "fields": {"user": null, "jti": "6f1734edaac74323aa479dc78dd568e1", "token": "eyJhbGciOiJIUzI1NiIsInR5cCI6IkpXVCJ9.eyJ0b2tlbl90eXBlIjoicmVmcmVzaCIsImV4cCI6MTcyOTQyNjI2OSwiaWF0IjoxNzI4MTMwMjY5LCJqdGkiOiI2ZjE3MzRlZGFhYzc0MzIzYWE0NzlkYzc4ZGQ1NjhlMSIsInVzZXJfaWQiOiJiY2FjYjAzYy0zMTE2LTQyMTktYmNjYi00MTZkMWQ3MWFlYzAiLCJzY2hvb2xfbmFtZSI6IlNwcmluZ2ZpZWxkIEludGVybmF0aW9uYWwgU2Nob29sIiwid29ya2luZ19kYXlzIjpbIk1PTiIsIlRVRSIsIldFRCIsIlRIVSIsIlNBVCJdLCJ0ZWFjaGluZ19zbG90cyI6NCwic2Nob29sX2lkIjoiU0MwMDAxIiwiaXNfcmVhZHlfZm9yX3RpbWV0YWJsZSI6ZmFsc2UsInByb2ZpbGVfaW1hZ2UiOiIvbWVkaWEvc2Nob29sX3Byb2ZpbGVzL3NjaG9vbC0xLmpwZyJ9.G7BoeAvvEK-tRTYkA6ewmc5-5yUNSF7c2sYJidK2mH8", "created_at": null, "expires_at": "2024-10-20T12:11:09Z"}}, {"model": "token_blacklist.outstandingtoken", "pk": 49, "fields": {"user": null, "jti": "01b6ae20045044c083192a139a2122fc", "token": "eyJhbGciOiJIUzI1NiIsInR5cCI6IkpXVCJ9.eyJ0b2tlbl90eXBlIjoicmVmcmVzaCIsImV4cCI6MTcyOTQyNjYxNCwiaWF0IjoxNzI4MTMwNjE0LCJqdGkiOiIwMWI2YWUyMDA0NTA0NGMwODMxOTJhMTM5YTIxMjJmYyIsInVzZXJfaWQiOiJiY2FjYjAzYy0zMTE2LTQyMTktYmNjYi00MTZkMWQ3MWFlYzAiLCJzY2hvb2xfbmFtZSI6IlNwcmluZ2ZpZWxkIEludGVybmF0aW9uYWwgU2Nob29sIiwid29ya2luZ19kYXlzIjpbIk1PTiIsIlRVRSIsIldFRCIsIlRIVSIsIlNBVCJdLCJ0ZWFjaGluZ19zbG90cyI6NCwic2Nob29sX2lkIjoiU0MwMDAxIiwiaXNfcmVhZHlfZm9yX3RpbWV0YWJsZSI6dHJ1ZSwicHJvZmlsZV9pbWFnZSI6Ii9tZWRpYS9zY2hvb2xfcHJvZmlsZXMvc2Nob29sLTEuanBnIn0.lQ9M1-Fbyyr_HbTcsyPwet-2F_nwfhRaUFl7vdqSlM0", "created_at": null, "expires_at": "2024-10-20T12:16:54Z"}}, {"model": "token_blacklist.outstandingtoken", "pk": 50, "fields": {"user": null, "jti": "8133a0423dfe470698c1d5981ecd01f7", "token": "eyJhbGciOiJIUzI1NiIsInR5cCI6IkpXVCJ9.eyJ0b2tlbl90eXBlIjoicmVmcmVzaCIsImV4cCI6MTcyOTQyNzEwOSwiaWF0IjoxNzI4MTMxMTA5LCJqdGkiOiI4MTMzYTA0MjNkZmU0NzA2OThjMWQ1OTgxZWNkMDFmNyIsInVzZXJfaWQiOiJiY2FjYjAzYy0zMTE2LTQyMTktYmNjYi00MTZkMWQ3MWFlYzAiLCJzY2hvb2xfbmFtZSI6IlNwcmluZ2ZpZWxkIEludGVybmF0aW9uYWwgU2Nob29sIiwid29ya2luZ19kYXlzIjpbIk1PTiIsIlRVRSIsIldFRCIsIlRIVSIsIlNBVCJdLCJ0ZWFjaGluZ19zbG90cyI6NCwic2Nob29sX2lkIjoiU0MwMDAxIiwiaXNfcmVhZHlfZm9yX3RpbWV0YWJsZSI6ZmFsc2UsInByb2ZpbGVfaW1hZ2UiOiIvbWVkaWEvc2Nob29sX3Byb2ZpbGVzL3NjaG9vbC0xLmpwZyJ9.Q7ipp_CMjwiKEjAqAhGwLulR9jo67Dj47z1dkIPwCEk", "created_at": null, "expires_at": "2024-10-20T12:25:09Z"}}, {"model": "token_blacklist.outstandingtoken", "pk": 51, "fields": {"user": null, "jti": "1bc734f9f08b4d5b8fee9594fd4ab00c", "token": "eyJhbGciOiJIUzI1NiIsInR5cCI6IkpXVCJ9.eyJ0b2tlbl90eXBlIjoicmVmcmVzaCIsImV4cCI6MTcyOTQyNzQ1NSwiaWF0IjoxNzI4MTMxNDU1LCJqdGkiOiIxYmM3MzRmOWYwOGI0ZDViOGZlZTk1OTRmZDRhYjAwYyIsInVzZXJfaWQiOiJiY2FjYjAzYy0zMTE2LTQyMTktYmNjYi00MTZkMWQ3MWFlYzAiLCJzY2hvb2xfbmFtZSI6IlNwcmluZ2ZpZWxkIEludGVybmF0aW9uYWwgU2Nob29sIiwid29ya2luZ19kYXlzIjpbIk1PTiIsIlRVRSIsIldFRCIsIlRIVSIsIlNBVCJdLCJ0ZWFjaGluZ19zbG90cyI6NCwic2Nob29sX2lkIjoiU0MwMDAxIiwiaXNfcmVhZHlfZm9yX3RpbWV0YWJsZSI6dHJ1ZSwicHJvZmlsZV9pbWFnZSI6Ii9tZWRpYS9zY2hvb2xfcHJvZmlsZXMvc2Nob29sLTEuanBnIn0.3xNvuG4rbtko3JQ2dWEWXpi6pY-tLG6ugNg5rpvXEQg", "created_at": null, "expires_at": "2024-10-20T12:30:55Z"}}, {"model": "token_blacklist.outstandingtoken", "pk": 52, "fields": {"user": "bcacb03c-3116-4219-bccb-416d1d71aec0", "jti": "9dc2ac40e37649d0852bc174e5cd1d04", "token": "eyJhbGciOiJIUzI1NiIsInR5cCI6IkpXVCJ9.eyJ0b2tlbl90eXBlIjoicmVmcmVzaCIsImV4cCI6MTczMjU3ODM5MiwiaWF0IjoxNzMxMjgyMzkyLCJqdGkiOiI5ZGMyYWM0MGUzNzY0OWQwODUyYmMxNzRlNWNkMWQwNCIsInVzZXJfaWQiOiJiY2FjYjAzYy0zMTE2LTQyMTktYmNjYi00MTZkMWQ3MWFlYzAifQ.SA4frHCotMeEb3PAZhJLCm5PGX4Hpxd4MAyzHzXZ328", "created_at": "2024-11-10T23:46:32.428Z", "expires_at": "2024-11-25T23:46:32Z"}}, {"model": "token_blacklist.outstandingtoken", "pk": 53, "fields": {"user": "bcacb03c-3116-4219-bccb-416d1d71aec0", "jti": "66c47bf5d251403f950c5180adcd5a39", "token": "eyJhbGciOiJIUzI1NiIsInR5cCI6IkpXVCJ9.eyJ0b2tlbl90eXBlIjoicmVmcmVzaCIsImV4cCI6MTczMjU3ODQ4MywiaWF0IjoxNzMxMjgyNDgzLCJqdGkiOiI2NmM0N2JmNWQyNTE0MDNmOTUwYzUxODBhZGNkNWEzOSIsInVzZXJfaWQiOiJiY2FjYjAzYy0zMTE2LTQyMTktYmNjYi00MTZkMWQ3MWFlYzAifQ.mVnBoQuRsnOcWVQQC4buPh_pK602R7qTtXzBCF9CBBY", "created_at": "2024-11-10T23:48:03.602Z", "expires_at": "2024-11-25T23:48:03Z"}}, {"model": "token_blacklist.outstandingtoken", "pk": 54, "fields": {"user": null, "jti": "d6ca828bec44459698453d252ac1b6ec", "token": "eyJhbGciOiJIUzI1NiIsInR5cCI6IkpXVCJ9.eyJ0b2tlbl90eXBlIjoicmVmcmVzaCIsImV4cCI6MTczMjU3ODQ4MywiaWF0IjoxNzMxMjgyNDgzLCJqdGkiOiJkNmNhODI4YmVjNDQ0NTk2OTg0NTNkMjUyYWMxYjZlYyIsInVzZXJfaWQiOiJiY2FjYjAzYy0zMTE2LTQyMTktYmNjYi00MTZkMWQ3MWFlYzAiLCJzY2hvb2xfbmFtZSI6IlNwcmluZ2ZpZWxkIEludGVybmF0aW9uYWwgU2Nob29sIiwid29ya2luZ19kYXlzIjpbIk1PTiIsIlRVRSIsIldFRCIsIlRIVSIsIlNBVCJdLCJ0ZWFjaGluZ19zbG90cyI6NCwic2Nob29sX2lkIjoiU0MwMDAxIiwiaXNfcmVhZHlfZm9yX3RpbWV0YWJsZSI6ZmFsc2UsInByb2ZpbGVfaW1hZ2UiOiIvbWVkaWEvc2Nob29sX3Byb2ZpbGVzL3NjaG9vbC0xLmpwZyJ9.8AAV3YgdOqujWn3vROON_s2N3mvvgVF9wWUKPppAm4g", "created_at": null, "expires_at": "2024-11-25T23:48:03Z"}}, {"model": "token_blacklist.outstandingtoken", "pk": 56, "fields": {"user": "bcacb03c-3116-4219-bccb-416d1d71aec0", "jti": "e0af09f9e88749bc8ee9a37bffc5ff7d", "token": "eyJhbGciOiJIUzI1NiIsInR5cCI6IkpXVCJ9.eyJ0b2tlbl90eXBlIjoicmVmcmVzaCIsImV4cCI6MTczMjU3OTU4OCwiaWF0IjoxNzMxMjgzNTg4LCJqdGkiOiJlMGFmMDlmOWU4ODc0OWJjOGVlOWEzN2JmZmM1ZmY3ZCIsInVzZXJfaWQiOiJiY2FjYjAzYy0zMTE2LTQyMTktYmNjYi00MTZkMWQ3MWFlYzAifQ.7wS9QqDBfwVMRDrgy7sOiDInkeMJvcmUwARzo6Kr4-M", "created_at": "2024-11-11T00:06:28.973Z", "expires_at": "2024-11-26T00:06:28Z"}}, {"model": "token_blacklist.outstandingtoken", "pk": 57, "fields": {"user": null, "jti": "ca415f166958473888f764fdfef4efe3", "token": "eyJhbGciOiJIUzI1NiIsInR5cCI6IkpXVCJ9.eyJ0b2tlbl90eXBlIjoicmVmcmVzaCIsImV4cCI6MTczMjU3OTU4OSwiaWF0IjoxNzMxMjgzNTg5LCJqdGkiOiJjYTQxNWYxNjY5NTg0NzM4ODhmNzY0ZmRmZWY0ZWZlMyIsInVzZXJfaWQiOiJiY2FjYjAzYy0zMTE2LTQyMTktYmNjYi00MTZkMWQ3MWFlYzAiLCJzY2hvb2xfbmFtZSI6IlNwcmluZ2ZpZWxkIEludGVybmF0aW9uYWwgU2Nob29sIiwid29ya2luZ19kYXlzIjpbIk1PTiIsIlRVRSIsIldFRCIsIlRIVSIsIlNBVCJdLCJ0ZWFjaGluZ19zbG90cyI6NCwic2Nob29sX2lkIjoiU0MwMDAxIiwiaXNfcmVhZHlfZm9yX3RpbWV0YWJsZSI6ZmFsc2UsInByb2ZpbGVfaW1hZ2UiOiIvbWVkaWEvc2Nob29sX3Byb2ZpbGVzL3NjaG9vbC0xLmpwZyJ9.f_BOgy7Zs8qB3zz0YCfR22_b3IGdyjPyBV5vfoSNojE", "created_at": null, "expires_at": "2024-11-26T00:06:29Z"}}, {"model": "token_blacklist.outstandingtoken", "pk": 58, "fields": {"user": null, "jti": "6ec2efb4bbb8410daa8f9b163bb037e5", "token": "eyJhbGciOiJIUzI1NiIsInR5cCI6IkpXVCJ9.eyJ0b2tlbl90eXBlIjoicmVmcmVzaCIsImV4cCI6MTczMjU4MDQzMCwiaWF0IjoxNzMxMjg0NDMwLCJqdGkiOiI2ZWMyZWZiNGJiYjg0MTBkYWE4ZjliMTYzYmIwMzdlNSIsInVzZXJfaWQiOiJiY2FjYjAzYy0zMTE2LTQyMTktYmNjYi00MTZkMWQ3MWFlYzAiLCJzY2hvb2xfbmFtZSI6IlNwcmluZ2ZpZWxkIEludGVybmF0aW9uYWwgU2Nob29sIiwid29ya2luZ19kYXlzIjpbIk1PTiIsIlRVRSIsIldFRCIsIlRIVSIsIlNBVCJdLCJ0ZWFjaGluZ19zbG90cyI6NCwic2Nob29sX2lkIjoiU0MwMDAxIiwiaXNfcmVhZHlfZm9yX3RpbWV0YWJsZSI6ZmFsc2UsInByb2ZpbGVfaW1hZ2UiOiIvbWVkaWEvc2Nob29sX3Byb2ZpbGVzL3NjaG9vbC0xLmpwZyJ9.JtOL_Tq89HX31ejCRymJxrwQdzfD4HuowHKHyP0LisE", "created_at": null, "expires_at": "2024-11-26T00:20:30Z"}}, {"model": "token_blacklist.outstandingtoken", "pk": 59, "fields": {"user": null, "jti": "baf10228332b4f4da607129a42a2780d", "token": "eyJhbGciOiJIUzI1NiIsInR5cCI6IkpXVCJ9.eyJ0b2tlbl90eXBlIjoicmVmcmVzaCIsImV4cCI6MTczMjYwMTE2NiwiaWF0IjoxNzMxMzA1MTY2LCJqdGkiOiJiYWYxMDIyODMzMmI0ZjRkYTYwNzEyOWE0MmEyNzgwZCIsInVzZXJfaWQiOiJiY2FjYjAzYy0zMTE2LTQyMTktYmNjYi00MTZkMWQ3MWFlYzAiLCJzY2hvb2xfbmFtZSI6IlNwcmluZ2ZpZWxkIEludGVybmF0aW9uYWwgU2Nob29sIiwid29ya2luZ19kYXlzIjpbIk1PTiIsIlRVRSIsIldFRCIsIlRIVSIsIlNBVCJdLCJ0ZWFjaGluZ19zbG90cyI6NCwic2Nob29sX2lkIjoiU0MwMDAxIiwiaXNfcmVhZHlfZm9yX3RpbWV0YWJsZSI6ZmFsc2UsInByb2ZpbGVfaW1hZ2UiOiIvbWVkaWEvc2Nob29sX3Byb2ZpbGVzL3NjaG9vbC0xLmpwZyJ9.707Mh9WHVAuQQQYjh_vALE32IEkM-l5rso2uZKa6Qh4", "created_at": null, "expires_at": "2024-11-26T06:06:06Z"}}, {"model": "token_blacklist.outstandingtoken", "pk": 60, "fields": {"user": "bcacb03c-3116-4219-bccb-416d1d71aec0", "jti": "a55f228bec3748e7987c924c7d9e4526", "token": "eyJhbGciOiJIUzI1NiIsInR5cCI6IkpXVCJ9.eyJ0b2tlbl90eXBlIjoicmVmcmVzaCIsImV4cCI6MTczMjYwMjk1NywiaWF0IjoxNzMxMzA2OTU3LCJqdGkiOiJhNTVmMjI4YmVjMzc0OGU3OTg3YzkyNGM3ZDllNDUyNiIsInVzZXJfaWQiOiJiY2FjYjAzYy0zMTE2LTQyMTktYmNjYi00MTZkMWQ3MWFlYzAifQ.A_36W8TxV8quTVVJI-rHqbxHBkGeu0pe436GdWYnEXY", "created_at": "2024-11-11T06:35:57.665Z", "expires_at": "2024-11-26T06:35:57Z"}}, {"model": "token_blacklist.outstandingtoken", "pk": 61, "fields": {"user": null, "jti": "ae21ff6b68034433b57bac2960e4e3aa", "token": "eyJhbGciOiJIUzI1NiIsInR5cCI6IkpXVCJ9.eyJ0b2tlbl90eXBlIjoicmVmcmVzaCIsImV4cCI6MTczMjYwMjQ4OCwiaWF0IjoxNzMxMzA2NDg4LCJqdGkiOiJhZTIxZmY2YjY4MDM0NDMzYjU3YmFjMjk2MGU0ZTNhYSIsInVzZXJfaWQiOiJiY2FjYjAzYy0zMTE2LTQyMTktYmNjYi00MTZkMWQ3MWFlYzAiLCJzY2hvb2xfbmFtZSI6IlNwcmluZ2ZpZWxkIEludGVybmF0aW9uYWwgU2Nob29sIiwid29ya2luZ19kYXlzIjpbIk1PTiIsIlRVRSIsIldFRCIsIlRIVSIsIlNBVCJdLCJ0ZWFjaGluZ19zbG90cyI6NCwic2Nob29sX2lkIjoiU0MwMDAxIiwiaXNfcmVhZHlfZm9yX3RpbWV0YWJsZSI6ZmFsc2UsInByb2ZpbGVfaW1hZ2UiOiIvbWVkaWEvc2Nob29sX3Byb2ZpbGVzL3NjaG9vbC0xLmpwZyJ9.LCBzv-k_UHqs4cB6KIdEg6OeMJDZzzrslHakx_BXBHU", "created_at": null, "expires_at": "2024-11-26T06:28:08Z"}}, {"model": "token_blacklist.outstandingtoken", "pk": 62, "fields": {"user": "bcacb03c-3116-4219-bccb-416d1d71aec0", "jti": "be75b736b305455c8ae4f4f6d5f63be9", "token": "eyJhbGciOiJIUzI1NiIsInR5cCI6IkpXVCJ9.eyJ0b2tlbl90eXBlIjoicmVmcmVzaCIsImV4cCI6MTczMjYwMzE0NywiaWF0IjoxNzMxMzA3MTQ3LCJqdGkiOiJiZTc1YjczNmIzMDU0NTVjOGFlNGY0ZjZkNWY2M2JlOSIsInVzZXJfaWQiOiJiY2FjYjAzYy0zMTE2LTQyMTktYmNjYi00MTZkMWQ3MWFlYzAifQ.aWGvNfLoLE46Ot8BaG4uHTJM73JASjK9HyZXkW_YJXg", "created_at": "2024-11-11T06:39:07.962Z", "expires_at": "2024-11-26T06:39:07Z"}}, {"model": "token_blacklist.outstandingtoken", "pk": 63, "fields": {"user": "bcacb03c-3116-4219-bccb-416d1d71aec0", "jti": "a9fee2f8cb0d44e09e69d1f84a509202", "token": "eyJhbGciOiJIUzI1NiIsInR5cCI6IkpXVCJ9.eyJ0b2tlbl90eXBlIjoicmVmcmVzaCIsImV4cCI6MTczMjYwMzE3NywiaWF0IjoxNzMxMzA3MTc3LCJqdGkiOiJhOWZlZTJmOGNiMGQ0NGUwOWU2OWQxZjg0YTUwOTIwMiIsInVzZXJfaWQiOiJiY2FjYjAzYy0zMTE2LTQyMTktYmNjYi00MTZkMWQ3MWFlYzAifQ.G5pBfSOxjz2fbU8Gmc3I5aYCSLBvLRAyZ4JT2mZwnnk", "created_at": "2024-11-11T06:39:37.559Z", "expires_at": "2024-11-26T06:39:37Z"}}, {"model": "token_blacklist.outstandingtoken", "pk": 64, "fields": {"user": "bcacb03c-3116-4219-bccb-416d1d71aec0", "jti": "b98b2448843f472d88135a3dbd9a3085", "token": "eyJhbGciOiJIUzI1NiIsInR5cCI6IkpXVCJ9.eyJ0b2tlbl90eXBlIjoicmVmcmVzaCIsImV4cCI6MTczMjYwMzI1NSwiaWF0IjoxNzMxMzA3MjU1LCJqdGkiOiJiOThiMjQ0ODg0M2Y0NzJkODgxMzVhM2RiZDlhMzA4NSIsInVzZXJfaWQiOiJiY2FjYjAzYy0zMTE2LTQyMTktYmNjYi00MTZkMWQ3MWFlYzAifQ.s14EELFnh-1BaPlKUBjxs21ZQhLqp3QakIIEKRRWLMo", "created_at": "2024-11-11T06:40:55.405Z", "expires_at": "2024-11-26T06:40:55Z"}}, {"model": "token_blacklist.outstandingtoken", "pk": 65, "fields": {"user": null, "jti": "e532c2afed054a5c874019ef493a380a", "token": "eyJhbGciOiJIUzI1NiIsInR5cCI6IkpXVCJ9.eyJ0b2tlbl90eXBlIjoicmVmcmVzaCIsImV4cCI6MTczMjYwMzI1NSwiaWF0IjoxNzMxMzA3MjU1LCJqdGkiOiJlNTMyYzJhZmVkMDU0YTVjODc0MDE5ZWY0OTNhMzgwYSIsInVzZXJfaWQiOiJiY2FjYjAzYy0zMTE2LTQyMTktYmNjYi00MTZkMWQ3MWFlYzAiLCJzY2hvb2xfbmFtZSI6IlNwcmluZ2ZpZWxkIEludGVybmF0aW9uYWwgU2Nob29sIiwid29ya2luZ19kYXlzIjpbIk1PTiIsIlRVRSIsIldFRCIsIlRIVSIsIlNBVCJdLCJ0ZWFjaGluZ19zbG90cyI6NCwic2Nob29sX2lkIjoiU0MwMDAxIiwiaXNfcmVhZHlfZm9yX3RpbWV0YWJsZSI6ZmFsc2UsInByb2ZpbGVfaW1hZ2UiOiIvbWVkaWEvc2Nob29sX3Byb2ZpbGVzL3NjaG9vbC0xLmpwZyJ9.dNM9u6NgILzuRZeuUT5LtMiFbfKqJyFb1Y_J6M4PaMg", "created_at": null, "expires_at": "2024-11-26T06:40:55Z"}}, {"model": "token_blacklist.outstandingtoken", "pk": 66, "fields": {"user": null, "jti": "2627b66bf6474638b975751f37232d7f", "token": "eyJhbGciOiJIUzI1NiIsInR5cCI6IkpXVCJ9.eyJ0b2tlbl90eXBlIjoicmVmcmVzaCIsImV4cCI6MTczMjYwNDAxOCwiaWF0IjoxNzMxMzA4MDE4LCJqdGkiOiIyNjI3YjY2YmY2NDc0NjM4Yjk3NTc1MWYzNzIzMmQ3ZiIsInVzZXJfaWQiOiJiY2FjYjAzYy0zMTE2LTQyMTktYmNjYi00MTZkMWQ3MWFlYzAiLCJzY2hvb2xfbmFtZSI6IlNwcmluZ2ZpZWxkIEludGVybmF0aW9uYWwgU2Nob29sIiwid29ya2luZ19kYXlzIjpbIk1PTiIsIlRVRSIsIldFRCIsIlRIVSIsIlNBVCJdLCJ0ZWFjaGluZ19zbG90cyI6NCwic2Nob29sX2lkIjoiU0MwMDAxIiwiaXNfcmVhZHlfZm9yX3RpbWV0YWJsZSI6ZmFsc2UsInByb2ZpbGVfaW1hZ2UiOiIvbWVkaWEvc2Nob29sX3Byb2ZpbGVzL3NjaG9vbC0xLmpwZyJ9.uyPAH2jOVE6yJ6w9PxP4y-FneAjkgRDDjvJXCx1QT6M", "created_at": null, "expires_at": "2024-11-26T06:53:38Z"}}, {"model": "token_blacklist.outstandingtoken", "pk": 67, "fields": {"user": null, "jti": "ad8ecd129e114a1db7b795d500634e04", "token": "eyJhbGciOiJIUzI1NiIsInR5cCI6IkpXVCJ9.eyJ0b2tlbl90eXBlIjoicmVmcmVzaCIsImV4cCI6MTczMjYwNDA5NiwiaWF0IjoxNzMxMzA4MDk2LCJqdGkiOiJhZDhlY2QxMjllMTE0YTFkYjdiNzk1ZDUwMDYzNGUwNCIsInVzZXJfaWQiOiJiY2FjYjAzYy0zMTE2LTQyMTktYmNjYi00MTZkMWQ3MWFlYzAiLCJzY2hvb2xfbmFtZSI6IlNwcmluZ2ZpZWxkIEludGVybmF0aW9uYWwgU2Nob29sIiwid29ya2luZ19kYXlzIjpbIk1PTiIsIlRVRSIsIldFRCIsIlRIVSIsIlNBVCJdLCJ0ZWFjaGluZ19zbG90cyI6NCwic2Nob29sX2lkIjoiU0MwMDAxIiwiaXNfcmVhZHlfZm9yX3RpbWV0YWJsZSI6ZmFsc2UsInByb2ZpbGVfaW1hZ2UiOiIvbWVkaWEvc2Nob29sX3Byb2ZpbGVzL3NjaG9vbC0xLmpwZyJ9.Q3LnKLJDLahdXby_Aa-i-K3ilRBaESyCMzS1vLojZmY", "created_at": null, "expires_at": "2024-11-26T06:54:56Z"}}, {"model": "token_blacklist.outstandingtoken", "pk": 68, "fields": {"user": null, "jti": "01b51e0ca4ed4a23a2258adf767f6a8c", "token": "eyJhbGciOiJIUzI1NiIsInR5cCI6IkpXVCJ9.eyJ0b2tlbl90eXBlIjoicmVmcmVzaCIsImV4cCI6MTczMjYwNDg1OSwiaWF0IjoxNzMxMzA4ODU5LCJqdGkiOiIwMWI1MWUwY2E0ZWQ0YTIzYTIyNThhZGY3NjdmNmE4YyIsInVzZXJfaWQiOiJiY2FjYjAzYy0zMTE2LTQyMTktYmNjYi00MTZkMWQ3MWFlYzAiLCJzY2hvb2xfbmFtZSI6IlNwcmluZ2ZpZWxkIEludGVybmF0aW9uYWwgU2Nob29sIiwid29ya2luZ19kYXlzIjpbIk1PTiIsIlRVRSIsIldFRCIsIlRIVSIsIlNBVCJdLCJ0ZWFjaGluZ19zbG90cyI6NCwic2Nob29sX2lkIjoiU0MwMDAxIiwiaXNfcmVhZHlfZm9yX3RpbWV0YWJsZSI6ZmFsc2UsInByb2ZpbGVfaW1hZ2UiOiIvbWVkaWEvc2Nob29sX3Byb2ZpbGVzL3NjaG9vbC0xLmpwZyJ9.j96Iidsxb5kRLV08AxTT_lf5L3dzZXw21olvaYlNniw", "created_at": null, "expires_at": "2024-11-26T07:07:39Z"}}, {"model": "token_blacklist.outstandingtoken", "pk": 69, "fields": {"user": "eec31f77-4b5f-4aa3-9367-7d818249c110", "jti": "c4e4331023774a1ea276bd5c01c068c5", "token": "eyJhbGciOiJIUzI1NiIsInR5cCI6IkpXVCJ9.eyJ0b2tlbl90eXBlIjoicmVmcmVzaCIsImV4cCI6MTczMjYwNTc4MSwiaWF0IjoxNzMxMzA5NzgxLCJqdGkiOiJjNGU0MzMxMDIzNzc0YTFlYTI3NmJkNWMwMWMwNjhjNSIsInVzZXJfaWQiOiJlZWMzMWY3Ny00YjVmLTRhYTMtOTM2Ny03ZDgxODI0OWMxMTAifQ.Lhhz3bg5VNI5A4jCanhfkl3EZXQvQwuuvzdL5CY0tI0", "created_at": "2024-11-11T07:23:01.342Z", "expires_at": "2024-11-26T07:23:01Z"}}, {"model": "token_blacklist.outstandingtoken", "pk": 70, "fields": {"user": "bcacb03c-3116-4219-bccb-416d1d71aec0", "jti": "afbed72a8add48a5b12831f32c0bbf6f", "token": "eyJhbGciOiJIUzI1NiIsInR5cCI6IkpXVCJ9.eyJ0b2tlbl90eXBlIjoicmVmcmVzaCIsImV4cCI6MTczMjYwNjIwNCwiaWF0IjoxNzMxMzEwMjA0LCJqdGkiOiJhZmJlZDcyYThhZGQ0OGE1YjEyODMxZjMyYzBiYmY2ZiIsInVzZXJfaWQiOiJiY2FjYjAzYy0zMTE2LTQyMTktYmNjYi00MTZkMWQ3MWFlYzAifQ.CQ-yquvggRIfTea7Ty5Pm8018iPFyKr-I0GQ5TJIWtI", "created_at": "2024-11-11T07:30:04.800Z", "expires_at": "2024-11-26T07:30:04Z"}}, {"model": "token_blacklist.outstandingtoken", "pk": 71, "fields": {"user": "bcacb03c-3116-4219-bccb-416d1d71aec0", "jti": "eaa3486f2d8d41a8b1f0ac6d6dfcdc51", "token": "eyJhbGciOiJIUzI1NiIsInR5cCI6IkpXVCJ9.eyJ0b2tlbl90eXBlIjoicmVmcmVzaCIsImV4cCI6MTczMjYwNTQ4MCwiaWF0IjoxNzMxMzA5NDgwLCJqdGkiOiJlYWEzNDg2ZjJkOGQ0MWE4YjFmMGFjNmQ2ZGZjZGM1MSIsInVzZXJfaWQiOiJiY2FjYjAzYy0zMTE2LTQyMTktYmNjYi00MTZkMWQ3MWFlYzAifQ.KnKcB0_kOItSoDRi-w8S1vEyp0qLo0mAnj0-Xt7vr4E", "created_at": "2024-11-11T07:18:00.662Z", "expires_at": "2024-11-26T07:18:00Z"}}, {"model": "token_blacklist.outstandingtoken", "pk": 72, "fields": {"user": null, "jti": "9fd646334c9a4c298b5766c676f339ce", "token": "eyJhbGciOiJIUzI1NiIsInR5cCI6IkpXVCJ9.eyJ0b2tlbl90eXBlIjoicmVmcmVzaCIsImV4cCI6MTczMjYwNjMyMCwiaWF0IjoxNzMxMzEwMzIwLCJqdGkiOiI5ZmQ2NDYzMzRjOWE0YzI5OGI1NzY2YzY3NmYzMzljZSIsInVzZXJfaWQiOiJiY2FjYjAzYy0zMTE2LTQyMTktYmNjYi00MTZkMWQ3MWFlYzAiLCJzY2hvb2xfbmFtZSI6IlNwcmluZ2ZpZWxkIEludGVybmF0aW9uYWwgU2Nob29sIiwid29ya2luZ19kYXlzIjpbIk1PTiIsIlRVRSIsIldFRCIsIlRIVSIsIlNBVCJdLCJ0ZWFjaGluZ19zbG90cyI6NCwic2Nob29sX2lkIjoiU0MwMDAxIiwiaXNfcmVhZHlfZm9yX3RpbWV0YWJsZSI6dHJ1ZSwicHJvZmlsZV9pbWFnZSI6Ii9tZWRpYS9zY2hvb2xfcHJvZmlsZXMvc2Nob29sLTEuanBnIn0.RJ47cM4X2-AuG8O-opSZe1mJIU9SdvMKzcdAef8Mnck", "created_at": null, "expires_at": "2024-11-26T07:32:00Z"}}, {"model": "token_blacklist.outstandingtoken", "pk": 73, "fields": {"user": null, "jti": "350c03a3e6714bc2afd71ef8691adc77", "token": "eyJhbGciOiJIUzI1NiIsInR5cCI6IkpXVCJ9.eyJ0b2tlbl90eXBlIjoicmVmcmVzaCIsImV4cCI6MTczMjYwNzE2MSwiaWF0IjoxNzMxMzExMTYxLCJqdGkiOiIzNTBjMDNhM2U2NzE0YmMyYWZkNzFlZjg2OTFhZGM3NyIsInVzZXJfaWQiOiJiY2FjYjAzYy0zMTE2LTQyMTktYmNjYi00MTZkMWQ3MWFlYzAiLCJzY2hvb2xfbmFtZSI6IlNwcmluZ2ZpZWxkIEludGVybmF0aW9uYWwgU2Nob29sIiwid29ya2luZ19kYXlzIjpbIk1PTiIsIlRVRSIsIldFRCIsIlRIVSIsIlNBVCJdLCJ0ZWFjaGluZ19zbG90cyI6NCwic2Nob29sX2lkIjoiU0MwMDAxIiwiaXNfcmVhZHlfZm9yX3RpbWV0YWJsZSI6dHJ1ZSwicHJvZmlsZV9pbWFnZSI6Ii9tZWRpYS9zY2hvb2xfcHJvZmlsZXMvc2Nob29sLTEuanBnIn0.7DTh1ACQz2XGML_DEn8N68WfbU8Vlc-MtMbkJysJVYw", "created_at": null, "expires_at": "2024-11-26T07:46:01Z"}}, {"model": "token_blacklist.outstandingtoken", "pk": 74, "fields": {"user": null, "jti": "052afb4967e14d2e9a9112a0cdfc4064", "token": "eyJhbGciOiJIUzI1NiIsInR5cCI6IkpXVCJ9.eyJ0b2tlbl90eXBlIjoicmVmcmVzaCIsImV4cCI6MTczMjYwODAwMiwiaWF0IjoxNzMxMzEyMDAyLCJqdGkiOiIwNTJhZmI0OTY3ZTE0ZDJlOWE5MTEyYTBjZGZjNDA2NCIsInVzZXJfaWQiOiJiY2FjYjAzYy0zMTE2LTQyMTktYmNjYi00MTZkMWQ3MWFlYzAiLCJzY2hvb2xfbmFtZSI6IlNwcmluZ2ZpZWxkIEludGVybmF0aW9uYWwgU2Nob29sIiwid29ya2luZ19kYXlzIjpbIk1PTiIsIlRVRSIsIldFRCIsIlRIVSIsIlNBVCJdLCJ0ZWFjaGluZ19zbG90cyI6NCwic2Nob29sX2lkIjoiU0MwMDAxIiwiaXNfcmVhZHlfZm9yX3RpbWV0YWJsZSI6dHJ1ZSwicHJvZmlsZV9pbWFnZSI6Ii9tZWRpYS9zY2hvb2xfcHJvZmlsZXMvc2Nob29sLTEuanBnIn0.lYuqeSm-vq27rs4NXXAS4MA_rrOFz8k7fJACwzhBPR4", "created_at": null, "expires_at": "2024-11-26T08:00:02Z"}}, {"model": "token_blacklist.outstandingtoken", "pk": 75, "fields": {"user": null, "jti": "56a4bccb01b44d66926f9a975688e6ca", "token": "eyJhbGciOiJIUzI1NiIsInR5cCI6IkpXVCJ9.eyJ0b2tlbl90eXBlIjoicmVmcmVzaCIsImV4cCI6MTczMjYwODYyOSwiaWF0IjoxNzMxMzEyNjI5LCJqdGkiOiI1NmE0YmNjYjAxYjQ0ZDY2OTI2ZjlhOTc1Njg4ZTZjYSIsInVzZXJfaWQiOiJiY2FjYjAzYy0zMTE2LTQyMTktYmNjYi00MTZkMWQ3MWFlYzAiLCJzY2hvb2xfbmFtZSI6IlNwcmluZ2ZpZWxkIEludGVybmF0aW9uYWwgU2Nob29sIiwid29ya2luZ19kYXlzIjpbIk1PTiIsIlRVRSIsIldFRCIsIlRIVSIsIlNBVCJdLCJ0ZWFjaGluZ19zbG90cyI6NCwic2Nob29sX2lkIjoiU0MwMDAxIiwiaXNfcmVhZHlfZm9yX3RpbWV0YWJsZSI6dHJ1ZSwicHJvZmlsZV9pbWFnZSI6Ii9tZWRpYS9zY2hvb2xfcHJvZmlsZXMvc2Nob29sLTEuanBnIn0.uIY4PwZYjd01MShuf3j09YAHWNE4BSvb9ObklTHb8rQ", "created_at": null, "expires_at": "2024-11-26T08:10:29Z"}}, {"model": "token_blacklist.outstandingtoken", "pk": 76, "fields": {"user": null, "jti": "27e54466fe0d416d8e4d4ef727e42784", "token": "eyJhbGciOiJIUzI1NiIsInR5cCI6IkpXVCJ9.eyJ0b2tlbl90eXBlIjoicmVmcmVzaCIsImV4cCI6MTczMjYwOTQ3MSwiaWF0IjoxNzMxMzEzNDcxLCJqdGkiOiIyN2U1NDQ2NmZlMGQ0MTZkOGU0ZDRlZjcyN2U0Mjc4NCIsInVzZXJfaWQiOiJiY2FjYjAzYy0zMTE2LTQyMTktYmNjYi00MTZkMWQ3MWFlYzAiLCJzY2hvb2xfbmFtZSI6IlNwcmluZ2ZpZWxkIEludGVybmF0aW9uYWwgU2Nob29sIiwid29ya2luZ19kYXlzIjpbIk1PTiIsIlRVRSIsIldFRCIsIlRIVSIsIlNBVCJdLCJ0ZWFjaGluZ19zbG90cyI6NCwic2Nob29sX2lkIjoiU0MwMDAxIiwiaXNfcmVhZHlfZm9yX3RpbWV0YWJsZSI6dHJ1ZSwicHJvZmlsZV9pbWFnZSI6Ii9tZWRpYS9zY2hvb2xfcHJvZmlsZXMvc2Nob29sLTEuanBnIn0.Bx4AVh74KNfNHkRJSHfY8MzWZb0fVSZoCv7LkJlNGXo", "created_at": null, "expires_at": "2024-11-26T08:24:31Z"}}, {"model": "token_blacklist.outstandingtoken", "pk": 77, "fields": {"user": null, "jti": "742c5de724694c8f874d89756fba3a39", "token": "eyJhbGciOiJIUzI1NiIsInR5cCI6IkpXVCJ9.eyJ0b2tlbl90eXBlIjoicmVmcmVzaCIsImV4cCI6MTczMjYxMDMxMywiaWF0IjoxNzMxMzE0MzEzLCJqdGkiOiI3NDJjNWRlNzI0Njk0YzhmODc0ZDg5NzU2ZmJhM2EzOSIsInVzZXJfaWQiOiJiY2FjYjAzYy0zMTE2LTQyMTktYmNjYi00MTZkMWQ3MWFlYzAiLCJzY2hvb2xfbmFtZSI6IlNwcmluZ2ZpZWxkIEludGVybmF0aW9uYWwgU2Nob29sIiwid29ya2luZ19kYXlzIjpbIk1PTiIsIlRVRSIsIldFRCIsIlRIVSIsIlNBVCJdLCJ0ZWFjaGluZ19zbG90cyI6NCwic2Nob29sX2lkIjoiU0MwMDAxIiwiaXNfcmVhZHlfZm9yX3RpbWV0YWJsZSI6dHJ1ZSwicHJvZmlsZV9pbWFnZSI6Ii9tZWRpYS9zY2hvb2xfcHJvZmlsZXMvc2Nob29sLTEuanBnIn0.0zmh5gOeWhQD1EvMI3X_q0KpewC1NfU-1yzEGO1s2Ds", "created_at": null, "expires_at": "2024-11-26T08:38:33Z"}}, {"model": "token_blacklist.outstandingtoken", "pk": 78, "fields": {"user": null, "jti": "18194eea391b470f92aeb0fe07832fa1", "token": "eyJhbGciOiJIUzI1NiIsInR5cCI6IkpXVCJ9.eyJ0b2tlbl90eXBlIjoicmVmcmVzaCIsImV4cCI6MTczMjYxMjMxOCwiaWF0IjoxNzMxMzE2MzE4LCJqdGkiOiIxODE5NGVlYTM5MWI0NzBmOTJhZWIwZmUwNzgzMmZhMSIsInVzZXJfaWQiOiJiY2FjYjAzYy0zMTE2LTQyMTktYmNjYi00MTZkMWQ3MWFlYzAiLCJzY2hvb2xfbmFtZSI6IlNwcmluZ2ZpZWxkIEludGVybmF0aW9uYWwgU2Nob29sIiwid29ya2luZ19kYXlzIjpbIk1PTiIsIlRVRSIsIldFRCIsIlRIVSIsIlNBVCJdLCJ0ZWFjaGluZ19zbG90cyI6NCwic2Nob29sX2lkIjoiU0MwMDAxIiwiaXNfcmVhZHlfZm9yX3RpbWV0YWJsZSI6dHJ1ZSwicHJvZmlsZV9pbWFnZSI6Ii9tZWRpYS9zY2hvb2xfcHJvZmlsZXMvc2Nob29sLTEuanBnIn0.kwjp5vk0auRIWU8RBxSQNaDQKxQXUnqmOngCpzrHzVA", "created_at": null, "expires_at": "2024-11-26T09:11:58Z"}}]